day,pothole,rodent,basement,graffiti,tree debris,abandoned vehicle,temperature_2m_max,temperature_2m_min,temperature_2m_mean,precipitation_sum,rain_sum,snowfall_sum,wind_speed_10m_max
2019-01-01,5,0,1,0,0,11,1.3,-2.7,-0.9,0.9,0.1,0.63,23.8
2019-01-02,23,0,1,0,0,11,0.0,-3.0,-1.7,0.1,0.0,0.14,24.7
2019-01-03,36,0,1,1,1,19,4.4,-5.0,-1.1,0.0,0.0,0.0,26.2
2019-01-04,41,0,1,0,0,14,8.4,-1.0,2.1,0.0,0.0,0.0,24.5
2019-01-05,11,0,1,0,0,13,10.3,-0.9,3.6,0.0,0.0,0.0,22.9
2019-01-06,9,0,0,0,0,7,3.3,1.6,2.6,0.0,0.0,0.0,30.9
2019-01-07,44,0,0,0,0,31,11.6,3.5,7.1,11.4,11.4,0.0,37.5
2019-01-08,57,0,0,0,1,15,7.0,-2.5,3.5,0.2,0.2,0.0,37.3
2019-01-09,36,0,0,1,0,18,-4.0,-7.4,-6.0,0.0,0.0,0.0,33.4
2019-01-10,49,0,0,0,1,20,-3.7,-8.7,-6.2,0.0,0.0,0.0,21.9
2019-01-11,43,0,0,0,0,16,0.8,-4.9,-2.4,0.0,0.0,0.0,17.7
2019-01-12,14,0,0,0,0,7,-0.7,-2.5,-1.3,8.6,0.0,6.02,29.8
2019-01-13,10,0,0,0,0,10,-1.1,-2.5,-1.8,1.1,0.0,0.77,28.9
2019-01-14,37,0,0,0,0,21,-1.2,-5.3,-3.3,0.0,0.0,0.0,18.4
2019-01-15,30,0,0,0,1,10,-1.3,-4.4,-2.8,0.0,0.0,0.0,25.4
2019-01-16,32,0,0,0,0,14,0.5,-1.9,-0.7,0.0,0.0,0.0,21.7
2019-01-17,37,0,1,1,0,13,1.9,-2.0,-0.6,0.4,0.0,0.28,14.4
2019-01-18,21,0,0,0,0,14,-0.8,-2.0,-1.4,1.5,0.0,1.05,25.5
2019-01-19,7,0,0,0,0,1,-1.5,-4.9,-3.0,10.2,0.0,7.21,42.8
2019-01-20,6,0,0,0,0,5,-5.9,-13.8,-11.1,0.9,0.0,0.63,34.7
2019-01-21,13,0,0,0,1,9,-12.2,-14.0,-12.9,0.7,0.0,0.56,27.4
2019-01-22,26,0,1,0,0,14,1.3,-12.6,-5.3,3.3,1.4,1.33,29.6
2019-01-23,35,0,1,1,0,8,1.5,-7.5,-1.9,11.6,9.8,1.26,23.6
2019-01-24,36,0,0,0,0,12,-5.5,-14.1,-10.4,0.1,0.1,0.0,30.2
2019-01-25,36,0,0,0,0,11,-14.2,-22.4,-17.6,1.0,0.0,0.7,27.8
2019-01-26,14,0,0,0,0,10,-10.4,-24.1,-15.6,1.7,0.0,1.19,18.5
2019-01-27,8,0,0,0,0,5,-12.5,-19.3,-16.5,0.0,0.0,0.0,21.2
2019-01-28,19,0,0,0,0,12,1.0,-12.3,-5.7,10.8,0.1,7.49,31.5
2019-01-29,42,0,0,0,0,17,-13.4,-21.8,-17.0,0.1,0.0,0.07,35.3
2019-01-30,22,0,0,0,0,10,-22.5,-30.8,-28.0,0.0,0.0,0.0,34.4
2019-01-31,21,0,0,0,0,10,-17.5,-32.5,-25.8,1.5,0.0,1.05,24.8
2019-02-01,22,0,1,0,0,9,-9.6,-17.0,-12.5,0.6,0.1,0.35,18.4
2019-02-02,33,0,0,0,0,10,3.9,-11.2,-1.3,0.0,0.0,0.0,25.3
2019-02-03,44,0,0,0,0,9,8.2,3.8,5.8,0.3,0.3,0.0,26.1
2019-02-04,265,0,1,0,0,12,11.8,0.1,7.4,4.8,4.8,0.0,25.7
2019-02-05,213,0,0,1,0,14,0.5,-6.0,-1.9,7.9,7.9,0.0,26.6
2019-02-06,278,0,0,0,0,12,2.7,0.3,1.1,9.1,9.1,0.0,21.3
2019-02-07,246,0,1,0,0,11,10.4,-9.9,1.4,8.8,8.8,0.0,45.2
2019-02-08,189,0,0,0,0,21,-8.3,-14.4,-11.7,0.0,0.0,0.0,43.6
2019-02-09,88,0,0,0,0,7,-5.4,-14.9,-9.7,0.0,0.0,0.0,19.4
2019-02-10,97,0,0,0,0,10,-1.6,-5.8,-3.5,2.4,0.0,1.68,22.0
2019-02-11,375,0,1,0,0,25,0.3,-2.4,-1.2,2.8,0.2,1.82,30.7
2019-02-12,160,0,2,0,3,31,1.3,-3.7,-0.6,12.8,7.0,4.06,36.1
2019-02-13,196,0,0,0,3,25,0.3,-8.8,-4.6,0.5,0.0,0.42,39.0
2019-02-14,267,0,0,0,1,27,9.9,-3.8,3.6,0.0,0.0,0.0,25.0
2019-02-15,299,0,2,0,2,27,2.1,-10.6,-5.8,0.0,0.0,0.0,31.7
2019-02-16,129,0,0,0,1,41,-1.4,-9.0,-4.7,0.0,0.0,0.0,24.7
2019-02-17,97,0,0,0,0,20,-2.0,-4.8,-3.2,6.2,0.0,4.41,26.7
2019-02-18,117,0,0,0,3,32,-2.4,-6.2,-3.4,1.4,0.0,0.98,23.7
2019-02-19,264,0,2,0,3,60,-1.3,-12.0,-5.8,0.0,0.0,0.0,18.8
2019-02-20,234,0,0,0,3,66,3.4,-2.2,0.0,4.9,1.2,2.59,36.8
2019-02-21,310,0,2,0,6,63,1.8,-4.3,-1.3,0.0,0.0,0.0,30.1
2019-02-22,329,0,2,0,6,72,1.2,-5.1,-1.5,0.0,0.0,0.0,18.8
2019-02-23,141,0,6,1,3,32,7.5,-0.1,2.3,8.4,8.4,0.0,29.3
2019-02-24,186,0,4,0,9,47,9.9,-10.0,0.0,2.7,2.6,0.07,55.7
2019-02-25,376,1,4,3,26,93,-3.9,-14.1,-8.9,0.0,0.0,0.0,40.3
2019-02-26,366,29,3,12,20,76,-4.2,-7.5,-5.5,0.1,0.0,0.07,23.8
2019-02-27,304,63,8,103,23,101,1.5,-6.8,-3.0,1.1,0.0,0.77,22.2
2019-02-28,429,76,8,107,24,124,-3.5,-9.5,-6.1,0.0,0.0,0.0,17.9
2019-03-01,359,77,4,86,24,117,-0.1,-5.6,-2.4,0.0,0.0,0.0,13.5
2019-03-02,166,26,3,69,11,59,-0.2,-2.4,-1.5,0.3,0.0,0.21,22.3
2019-03-03,145,24,3,98,11,60,-2.8,-11.7,-6.1,0.4,0.0,0.35,24.6
2019-03-04,237,33,6,103,13,64,-8.0,-18.7,-13.5,0.0,0.0,0.0,31.3
2019-03-05,456,53,5,102,18,89,-4.6,-13.0,-9.4,0.0,0.0,0.0,30.9
2019-03-06,445,57,12,131,27,91,0.9,-12.9,-6.4,0.0,0.0,0.0,28.9
2019-03-07,402,72,9,121,4,111,-3.5,-9.1,-5.5,0.0,0.0,0.0,20.8
2019-03-08,402,61,4,107,13,84,1.8,-6.1,-2.0,0.2,0.0,0.21,14.1
2019-03-09,159,26,16,57,7,54,5.5,-2.1,1.8,26.7,26.7,0.0,48.8
2019-03-10,166,29,4,60,5,42,7.2,-2.2,2.9,0.2,0.2,0.0,42.3
2019-03-11,484,106,16,151,47,102,6.2,-4.7,-0.3,0.0,0.0,0.0,22.0
2019-03-12,449,89,5,109,34,109,10.6,-5.4,2.1,0.0,0.0,0.0,26.8
2019-03-13,460,96,13,113,20,76,15.6,4.0,9.2,3.4,3.4,0.0,28.8
2019-03-14,512,110,51,126,22,89,15.6,4.5,11.0,13.0,13.0,0.0,42.9
2019-03-15,418,77,22,101,23,81,4.4,0.6,3.1,1.8,1.6,0.14,34.8
2019-03-16,239,35,7,73,13,46,5.2,-3.5,0.2,0.0,0.0,0.0,24.6
2019-03-17,215,57,3,68,16,50,6.1,-3.1,0.7,0.6,0.1,0.42,14.5
2019-03-18,615,113,11,133,41,112,5.3,-3.0,1.0,0.0,0.0,0.0,14.8
2019-03-19,524,119,12,109,45,104,10.0,-2.5,3.4,0.0,0.0,0.0,18.6
2019-03-20,603,108,16,111,35,105,7.8,2.8,4.8,7.3,7.1,0.14,25.6
2019-03-21,496,94,8,112,30,79,7.7,1.2,3.6,1.1,1.1,0.0,25.3
2019-03-22,407,84,5,102,29,97,5.3,-2.0,2.1,0.0,0.0,0.0,30.6
2019-03-23,162,36,2,73,15,65,7.9,-3.8,1.8,0.0,0.0,0.0,15.1
2019-03-24,179,46,8,100,15,49,8.2,1.4,4.5,6.1,6.1,0.0,25.4
2019-03-25,498,110,10,122,39,86,2.4,-0.7,1.3,0.0,0.0,0.0,33.9
2019-03-26,483,97,14,137,42,82,4.5,-2.2,1.2,0.0,0.0,0.0,17.2
2019-03-27,419,139,12,135,28,77,13.1,-2.2,5.5,1.0,1.0,0.0,27.4
2019-03-28,337,124,7,104,51,81,18.7,4.0,9.5,2.8,2.8,0.0,29.3
2019-03-29,320,103,9,138,36,77,7.7,2.8,4.7,8.1,8.1,0.0,16.9
2019-03-30,172,62,15,66,18,55,5.5,-0.6,2.8,10.9,10.5,0.28,39.7
2019-03-31,108,30,5,64,16,54,3.1,-5.0,-1.0,0.1,0.0,0.07,32.9
2019-04-01,378,109,10,129,58,82,9.3,-4.1,2.5,0.0,0.0,0.0,32.8
2019-04-02,282,105,6,92,43,80,12.4,1.8,6.1,0.0,0.0,0.0,34.0
2019-04-03,258,120,17,83,44,105,14.1,1.4,7.5,1.2,1.2,0.0,26.9
2019-04-04,310,101,6,91,25,69,7.1,3.8,5.4,12.2,12.2,0.0,25.6
2019-04-05,333,99,5,90,28,69,10.0,3.5,6.1,0.8,0.8,0.0,19.2
2019-04-06,116,53,5,47,22,62,12.8,3.9,8.6,0.0,0.0,0.0,18.5
2019-04-07,83,42,16,87,29,43,18.8,9.2,14.0,1.9,1.9,0.0,26.0
2019-04-08,336,172,13,137,71,74,17.2,10.0,14.1,0.0,0.0,0.0,24.8
2019-04-09,271,124,5,144,65,69,17.4,4.9,12.1,0.0,0.0,0.0,30.3
2019-04-10,266,102,7,135,38,88,4.5,1.9,3.1,3.1,3.1,0.0,35.2
2019-04-11,231,129,8,162,33,68,14.6,2.7,7.5,4.0,4.0,0.0,37.6
2019-04-12,234,96,14,131,47,81,14.0,4.6,8.9,7.3,7.3,0.0,45.0
2019-04-13,81,41,2,106,25,42,10.8,1.7,5.7,0.0,0.0,0.0,24.6
2019-04-14,44,20,11,58,20,20,3.8,0.7,1.7,19.3,1.9,12.18,44.2
2019-04-15,188,74,51,148,79,47,10.5,-1.3,4.6,0.2,0.1,0.07,25.1
2019-04-16,199,107,26,174,64,84,22.8,6.1,12.0,0.0,0.0,0.0,24.2
2019-04-17,342,152,10,188,49,69,20.4,5.7,13.8,1.4,1.4,0.0,34.1
2019-04-18,255,119,27,129,46,64,17.9,5.5,11.8,9.7,9.7,0.0,30.2
2019-04-19,223,56,15,99,44,70,6.3,4.1,5.3,0.8,0.8,0.0,43.7
2019-04-20,118,33,4,112,19,59,12.2,3.8,7.1,0.0,0.0,0.0,36.4
2019-04-21,52,35,3,83,20,28,21.2,2.2,12.7,0.0,0.0,0.0,21.1
2019-04-22,301,125,9,189,89,90,23.1,10.2,16.9,0.2,0.2,0.0,31.0
2019-04-23,289,115,9,154,77,64,17.0,7.3,11.0,0.2,0.2,0.0,28.8
2019-04-24,289,144,8,146,57,82,14.1,4.3,9.1,0.2,0.2,0.0,13.5
2019-04-25,268,156,9,112,64,67,14.4,7.6,11.0,0.1,0.1,0.0,29.5
2019-04-26,277,91,11,87,56,62,16.6,8.9,12.1,2.4,2.4,0.0,36.5
2019-04-27,63,34,4,34,9,33,8.2,0.9,3.3,20.3,1.4,13.23,40.6
2019-04-28,56,32,11,64,35,45,5.3,2.2,3.8,0.1,0.1,0.0,33.0
2019-04-29,201,113,144,122,68,61,12.1,6.0,8.6,15.8,15.8,0.0,32.3
2019-04-30,233,98,100,125,38,70,9.1,4.8,6.6,15.5,15.5,0.0,27.9
2019-05-01,310,102,175,98,49,61,18.9,5.7,10.8,38.7,38.7,0.0,27.0
2019-05-02,317,110,75,139,45,55,7.4,5.3,5.8,11.9,11.9,0.0,25.2
2019-05-03,356,88,42,98,32,56,9.2,5.3,6.9,0.5,0.5,0.0,23.6
2019-05-04,99,42,13,42,30,44,12.4,4.6,8.1,0.0,0.0,0.0,13.5
2019-05-05,91,49,8,63,27,29,21.5,5.0,13.6,0.0,0.0,0.0,18.6
2019-05-06,303,160,19,162,74,76,17.9,6.6,10.9,0.4,0.4,0.0,24.9
2019-05-07,241,143,10,114,44,58,8.4,5.8,7.1,13.3,13.3,0.0,30.0
2019-05-08,308,138,18,108,55,79,17.2,6.3,11.5,2.3,2.3,0.0,32.8
2019-05-09,271,99,66,116,49,73,20.1,9.4,15.8,18.2,18.2,0.0,30.6
2019-05-10,251,79,18,107,51,83,10.4,5.7,8.5,0.0,0.0,0.0,18.5
2019-05-11,77,50,5,63,22,32,9.7,5.5,7.7,3.8,3.8,0.0,19.4
2019-05-12,77,45,4,55,16,38,9.0,5.4,7.2,4.7,4.7,0.0,23.1
2019-05-13,270,145,21,135,70,72,11.6,5.7,8.4,0.0,0.0,0.0,19.0
2019-05-14,250,135,9,125,66,73,16.9,3.4,11.0,0.0,0.0,0.0,16.6
2019-05-15,285,145,9,153,66,85,18.4,7.4,14.2,0.0,0.0,0.0,14.1
2019-05-16,226,141,16,111,31,72,27.2,12.3,19.0,28.0,28.0,0.0,37.1
2019-05-17,225,114,12,109,39,63,17.4,6.3,9.7,2.2,2.2,0.0,28.1
2019-05-18,89,55,12,68,32,48,27.9,6.0,17.5,0.0,0.0,0.0,31.7
2019-05-19,66,52,4,96,51,45,23.6,15.2,19.6,9.4,9.4,0.0,34.5
2019-05-20,224,109,14,154,69,88,13.8,7.6,10.3,0.0,0.0,0.0,25.9
2019-05-21,259,144,10,149,72,83,11.5,7.6,9.8,8.9,8.9,0.0,35.3
2019-05-22,223,124,25,142,80,83,26.8,10.7,18.8,20.0,20.0,0.0,34.2
2019-05-23,254,137,8,143,66,68,23.4,13.8,20.1,4.2,4.2,0.0,36.7
2019-05-24,228,96,12,116,41,54,25.4,11.2,17.2,16.3,16.3,0.0,24.8
2019-05-25,58,61,1,61,16,38,27.2,20.7,23.1,2.2,2.2,0.0,30.4
2019-05-26,53,29,0,71,19,42,20.4,10.4,15.4,9.0,9.0,0.0,19.2
2019-05-27,45,67,220,92,21,40,22.3,10.3,16.5,13.0,13.0,0.0,27.0
2019-05-28,253,152,168,228,107,83,20.2,8.0,14.0,9.3,9.3,0.0,25.7
2019-05-29,236,172,100,298,83,81,18.1,8.0,13.0,15.8,15.8,0.0,20.2
2019-05-30,215,174,69,435,87,97,21.4,14.3,17.2,12.9,12.9,0.0,18.5
2019-05-31,229,125,76,506,70,73,27.4,14.2,21.3,0.0,0.0,0.0,22.9
2019-06-01,58,57,22,110,35,29,26.1,10.1,18.9,5.3,5.3,0.0,25.6
2019-06-02,59,51,9,88,42,50,15.9,9.9,12.8,0.0,0.0,0.0,21.1
2019-06-03,216,189,83,435,96,81,15.1,8.6,12.1,0.0,0.0,0.0,18.6
2019-06-04,223,190,34,316,81,89,26.2,13.3,19.6,7.9,7.9,0.0,31.6
2019-06-05,256,181,57,184,115,53,27.4,11.8,20.2,8.2,8.2,0.0,22.8
2019-06-06,233,155,20,161,82,75,15.9,11.4,13.2,0.0,0.0,0.0,17.3
2019-06-07,214,158,15,358,64,70,17.7,10.3,14.0,0.0,0.0,0.0,22.4
2019-06-08,49,46,5,52,59,48,19.9,14.2,17.5,0.0,0.0,0.0,21.9
2019-06-09,53,67,5,89,40,47,20.4,14.4,17.5,4.2,4.2,0.0,19.2
2019-06-10,170,235,17,426,109,84,20.7,14.7,17.6,0.9,0.9,0.0,26.0
2019-06-11,194,170,11,104,98,85,25.1,12.7,19.4,0.0,0.0,0.0,20.5
2019-06-12,208,167,7,602,76,93,21.2,14.5,18.0,10.4,10.4,0.0,25.6
2019-06-13,213,153,11,188,93,105,17.0,10.8,13.7,16.7,16.7,0.0,43.9
2019-06-14,233,150,8,463,73,92,24.0,10.5,17.9,0.3,0.3,0.0,33.1
2019-06-15,39,60,7,38,36,38,21.8,16.4,18.9,24.8,24.8,0.0,24.6
2019-06-16,62,42,2,67,27,37,16.8,10.9,14.4,17.6,17.6,0.0,26.4
2019-06-17,316,214,12,329,129,78,16.1,11.6,13.6,0.2,0.2,0.0,17.8
2019-06-18,237,182,1,544,102,84,21.4,12.6,16.7,0.1,0.1,0.0,14.4
2019-06-19,208,188,5,483,85,97,18.3,11.6,15.0,10.0,10.0,0.0,26.6
2019-06-20,168,191,12,585,82,96,15.8,11.1,13.2,15.3,15.3,0.0,33.0
2019-06-21,164,165,12,336,63,87,18.8,10.9,14.7,0.5,0.5,0.0,18.6
2019-06-22,48,70,3,58,43,45,23.6,13.7,18.5,0.3,0.3,0.0,22.7
2019-06-23,55,58,7,95,34,41,24.5,17.4,20.9,13.5,13.5,0.0,27.7
2019-06-24,200,200,17,367,104,75,23.8,18.7,21.0,5.8,5.8,0.0,29.2
2019-06-25,237,210,15,618,122,92,28.4,16.2,22.5,0.8,0.8,0.0,29.6
2019-06-26,189,218,7,155,90,89,26.9,19.4,23.1,0.0,0.0,0.0,19.6
2019-06-27,171,378,12,399,91,68,30.2,18.9,23.9,4.3,4.3,0.0,22.2
2019-06-28,158,206,19,134,96,75,30.7,20.5,24.5,0.4,0.4,0.0,22.2
2019-06-29,71,99,0,59,45,43,23.7,20.3,21.7,0.0,0.0,0.0,14.8
2019-06-30,54,77,2,62,51,44,27.1,20.5,23.6,4.6,4.6,0.0,19.9
2019-07-01,143,305,14,161,137,81,29.1,20.6,24.6,0.4,0.4,0.0,12.3
2019-07-02,161,289,24,142,99,88,30.5,19.4,25.6,15.1,15.1,0.0,18.6
2019-07-03,175,269,21,519,111,82,26.2,17.9,21.9,0.1,0.1,0.0,19.3
2019-07-04,32,53,2,79,22,32,30.3,18.0,24.5,1.8,1.8,0.0,19.8
2019-07-05,112,126,5,555,74,79,30.4,21.6,26.0,5.7,5.7,0.0,13.4
2019-07-06,48,76,4,62,47,55,22.0,16.2,19.4,9.6,9.6,0.0,26.6
2019-07-07,34,77,2,122,49,61,20.4,16.2,18.1,0.2,0.2,0.0,25.7
2019-07-08,160,300,11,411,141,116,22.6,16.1,19.4,0.0,0.0,0.0,15.9
2019-07-09,179,248,4,447,129,110,27.8,17.4,23.3,0.0,0.0,0.0,19.7
2019-07-10,221,264,11,409,88,81,33.8,22.1,27.7,3.3,3.3,0.0,20.6
2019-07-11,118,213,5,550,97,118,24.4,18.2,21.8,0.0,0.0,0.0,22.8
2019-07-12,140,186,5,319,104,88,29.4,16.3,22.4,0.0,0.0,0.0,18.1
2019-07-13,63,93,3,64,40,61,34.0,21.6,27.0,1.0,1.0,0.0,21.3
2019-07-14,52,83,4,100,46,50,27.7,21.5,24.7,2.1,2.1,0.0,16.6
2019-07-15,167,238,14,250,148,91,32.9,23.3,27.6,0.0,0.0,0.0,32.8
2019-07-16,150,205,12,272,124,100,27.2,22.0,24.3,8.9,8.9,0.0,21.1
2019-07-17,137,230,8,290,79,108,29.5,22.5,25.8,1.1,1.1,0.0,15.9
2019-07-18,143,245,57,516,80,93,31.8,23.6,26.2,11.5,11.5,0.0,32.2
2019-07-19,125,172,7,716,87,71,32.7,23.4,27.7,4.0,4.0,0.0,29.3
2019-07-20,43,58,3,82,39,43,33.6,24.5,28.2,0.6,0.6,0.0,29.1
2019-07-21,50,67,7,136,43,58,24.6,20.1,22.2,8.2,8.2,0.0,26.0
2019-07-22,164,231,13,449,134,101,21.0,17.2,19.5,0.0,0.0,0.0,34.7
2019-07-23,159,238,9,162,118,105,24.3,15.6,20.1,0.5,0.5,0.0,22.3
2019-07-24,184,262,7,236,101,141,24.1,16.8,20.8,0.0,0.0,0.0,13.2
2019-07-25,144,212,7,204,91,91,27.4,15.7,22.1,0.0,0.0,0.0,14.9
2019-07-26,162,197,6,215,98,88,28.3,18.4,23.4,0.0,0.0,0.0,24.6
2019-07-27,47,69,3,76,37,44,30.8,21.0,25.5,0.8,0.8,0.0,31.1
2019-07-28,32,86,1,67,49,58,31.6,21.4,26.8,1.5,1.5,0.0,25.0
2019-07-29,130,262,19,353,125,102,27.1,21.6,23.9,12.0,12.0,0.0,24.4
2019-07-30,149,228,11,543,109,130,22.5,19.9,21.4,0.0,0.0,0.0,22.1
2019-07-31,142,232,8,283,124,117,21.3,17.5,19.6,0.0,0.0,0.0,22.9
2019-08-01,95,246,5,255,85,107,24.2,15.5,20.6,0.0,0.0,0.0,18.1
2019-08-02,118,242,7,255,86,78,26.4,18.1,22.3,0.0,0.0,0.0,17.2
2019-08-03,39,97,3,89,48,46,29.2,18.5,24.0,0.0,0.0,0.0,12.1
2019-08-04,36,90,2,104,43,42,27.0,20.8,24.0,1.9,1.9,0.0,18.1
2019-08-05,151,317,7,374,130,105,31.8,20.6,26.2,0.5,0.5,0.0,22.5
2019-08-06,109,225,3,379,97,111,25.2,21.5,23.4,3.8,3.8,0.0,18.7
2019-08-07,110,226,7,374,98,119,30.5,19.3,24.9,0.0,0.0,0.0,19.0
2019-08-08,139,252,12,594,92,110,30.4,21.4,25.4,0.0,0.0,0.0,22.7
2019-08-09,103,283,6,450,73,100,26.0,17.0,22.1,0.0,0.0,0.0,19.2
2019-08-10,31,92,1,54,29,51,27.5,17.7,22.7,0.0,0.0,0.0,21.6
2019-08-11,42,96,4,98,55,46,29.7,20.2,24.4,1.1,1.1,0.0,20.8
2019-08-12,98,308,8,592,116,101,25.7,21.7,23.4,30.4,30.4,0.0,19.1
2019-08-13,138,337,11,693,88,81,24.9,20.6,22.7,0.3,0.3,0.0,20.0
2019-08-14,148,211,6,508,92,91,25.7,19.5,21.8,8.7,8.7,0.0,21.8
2019-08-15,94,225,4,334,75,94,22.5,19.1,20.9,0.3,0.3,0.0,18.3
2019-08-16,117,188,5,379,83,81,27.1,18.1,22.5,1.4,1.4,0.0,24.8
2019-08-17,66,85,5,80,30,71,24.3,19.3,22.1,2.0,2.0,0.0,24.2
2019-08-18,43,82,34,79,53,48,28.1,19.6,23.4,4.8,4.8,0.0,28.5
2019-08-19,126,220,18,391,102,102,26.9,18.7,23.6,1.8,1.8,0.0,15.1
2019-08-20,141,263,9,434,117,113,26.7,21.5,23.7,3.9,3.9,0.0,26.3
2019-08-21,136,238,9,383,87,109,27.8,18.4,23.2,1.2,1.2,0.0,22.3
2019-08-22,131,250,2,279,83,111,23.7,18.8,21.2,0.6,0.6,0.0,30.5
2019-08-23,110,185,4,256,102,73,21.0,17.5,19.2,0.0,0.0,0.0,23.7
2019-08-24,37,104,1,110,55,66,21.4,16.9,19.4,0.0,0.0,0.0,23.9
2019-08-25,32,85,3,84,49,65,23.8,15.9,20.1,0.0,0.0,0.0,23.8
2019-08-26,105,243,16,203,86,77,24.7,18.8,21.4,23.2,23.2,0.0,29.8
2019-08-27,116,243,13,364,116,106,26.4,18.6,22.0,0.0,0.0,0.0,25.6
2019-08-28,87,219,6,523,97,97,23.8,15.8,19.7,0.0,0.0,0.0,34.6
2019-08-29,86,198,5,346,101,89,28.5,14.3,21.5,0.5,0.5,0.0,36.9
2019-08-30,109,160,6,89,89,87,21.5,15.8,19.4,0.0,0.0,0.0,19.2
2019-08-31,37,65,6,72,32,65,22.0,17.3,19.4,2.8,2.8,0.0,22.0
2019-09-01,37,53,1,41,25,42,22.0,17.2,19.3,11.5,11.5,0.0,22.3
2019-09-02,38,97,2,92,34,64,25.7,17.1,21.6,0.3,0.3,0.0,12.1
2019-09-03,98,249,10,404,123,88,27.1,19.4,22.2,8.7,8.7,0.0,40.4
2019-09-04,132,199,4,364,118,109,21.6,16.3,17.9,0.1,0.1,0.0,20.7
2019-09-05,112,285,7,656,101,119,20.7,14.8,17.6,0.0,0.0,0.0,16.9
2019-09-06,217,174,4,391,65,91,23.5,16.9,19.5,1.2,1.2,0.0,26.3
2019-09-07,182,76,2,83,45,62,25.2,13.7,19.4,0.0,0.0,0.0,21.1
2019-09-08,79,77,0,80,34,54,18.8,16.7,17.7,6.7,6.7,0.0,19.1
2019-09-09,172,256,9,427,87,87,23.2,16.3,19.6,1.4,1.4,0.0,22.9
2019-09-10,145,266,8,428,107,91,31.3,21.6,25.1,7.1,7.1,0.0,27.8
2019-09-11,135,218,5,432,92,148,30.1,21.4,24.9,15.7,15.7,0.0,26.7
2019-09-12,157,239,5,307,88,81,24.5,18.7,21.3,11.7,11.7,0.0,24.9
2019-09-13,130,183,26,340,92,72,25.9,17.1,22.1,7.6,7.6,0.0,35.8
2019-09-14,45,90,3,70,39,47,26.7,14.5,20.3,0.0,0.0,0.0,19.8
2019-09-15,37,81,8,105,28,59,25.7,18.8,21.9,6.1,6.1,0.0,30.6
2019-09-16,141,211,11,575,114,105,21.5,18.7,20.3,0.3,0.3,0.0,20.3
2019-09-17,119,198,6,407,105,119,22.8,17.4,20.1,0.0,0.0,0.0,15.2
2019-09-18,102,253,5,412,88,114,24.9,16.9,21.0,0.0,0.0,0.0,19.6
2019-09-19,105,230,7,141,67,103,26.8,17.5,21.8,0.0,0.0,0.0,17.7
2019-09-20,121,197,7,122,72,84,25.4,19.5,22.3,3.3,3.3,0.0,14.2
2019-09-21,36,80,0,75,36,62,27.8,20.9,23.8,8.9,8.9,0.0,31.0
2019-09-22,38,66,11,59,35,49,26.8,19.0,22.1,27.4,27.4,0.0,35.4
2019-09-23,118,228,22,442,96,127,22.8,16.1,18.7,0.1,0.1,0.0,24.5
2019-09-24,98,206,8,436,84,93,25.5,14.1,19.3,0.0,0.0,0.0,28.4
2019-09-25,112,207,6,333,66,117,25.7,17.9,20.6,0.0,0.0,0.0,30.9
2019-09-26,115,209,7,94,70,85,21.3,13.3,17.5,0.0,0.0,0.0,21.4
2019-09-27,96,200,22,347,53,73,22.2,14.8,18.7,34.4,34.4,0.0,28.4
2019-09-28,53,61,29,65,27,44,19.4,14.9,17.0,14.2,14.2,0.0,31.2
2019-09-29,35,63,33,48,17,39,20.2,15.8,17.7,16.9,16.9,0.0,24.1
2019-09-30,141,209,22,317,76,107,29.4,19.5,24.3,0.0,0.0,0.0,25.8
2019-10-01,119,213,15,208,73,112,29.7,22.9,25.5,0.3,0.3,0.0,24.9
2019-10-02,81,152,7,141,54,71,24.9,16.2,18.5,21.6,21.6,0.0,24.9
2019-10-03,89,197,149,130,64,82,19.2,12.0,17.0,28.5,28.5,0.0,28.6
2019-10-04,92,185,24,153,43,101,14.2,10.3,12.6,0.6,0.6,0.0,23.0
2019-10-05,77,56,12,47,36,40,17.9,10.3,13.8,3.1,3.1,0.0,29.7
2019-10-06,39,72,6,65,38,29,19.2,11.3,15.3,0.1,0.1,0.0,22.1
2019-10-07,120,294,28,254,74,80,19.9,9.7,14.4,0.0,0.0,0.0,19.0
2019-10-08,87,198,22,425,52,66,20.2,8.1,14.4,0.0,0.0,0.0,18.9
2019-10-09,96,229,6,140,95,79,19.2,11.0,15.3,0.0,0.0,0.0,22.3
2019-10-10,137,206,7,118,60,85,20.7,13.0,17.2,3.8,3.8,0.0,26.5
2019-10-11,65,141,7,69,43,67,19.0,4.9,13.0,23.0,23.0,0.0,32.4
2019-10-12,29,44,1,45,22,52,11.9,2.5,7.0,0.0,0.0,0.0,37.6
2019-10-13,27,44,3,81,19,40,11.9,3.4,7.7,0.0,0.0,0.0,37.3
2019-10-14,144,119,8,110,60,68,11.3,3.4,7.3,0.0,0.0,0.0,14.4
2019-10-15,128,174,6,473,61,83,19.2,6.7,11.8,2.5,2.5,0.0,32.7
2019-10-16,87,160,1,290,68,73,11.6,6.6,9.0,0.0,0.0,0.0,37.5
2019-10-17,94,178,10,298,67,77,11.1,5.6,8.1,0.0,0.0,0.0,19.5
2019-10-18,107,220,6,352,62,59,14.1,3.7,9.0,0.0,0.0,0.0,19.7
2019-10-19,29,65,0,83,23,57,18.6,8.0,12.7,0.0,0.0,0.0,23.3
2019-10-20,36,69,0,106,21,41,13.1,8.9,11.4,0.1,0.1,0.0,15.9
2019-10-21,149,193,10,778,112,85,17.3,11.5,14.5,6.3,6.3,0.0,40.1
2019-10-22,142,168,6,572,98,83,11.0,8.5,9.8,1.4,1.4,0.0,43.3
2019-10-23,88,185,4,277,82,116,14.5,5.4,9.4,1.3,1.3,0.0,25.6
2019-10-24,76,167,1,457,77,82,10.2,5.7,8.0,0.1,0.1,0.0,26.8
2019-10-25,65,185,1,171,46,98,10.1,4.4,7.2,0.0,0.0,0.0,10.5
2019-10-26,21,46,63,61,30,41,9.9,3.7,7.6,44.7,44.7,0.0,38.6
2019-10-27,24,55,52,75,37,40,14.1,6.7,9.9,6.6,6.6,0.0,45.8
2019-10-28,94,193,20,476,92,73,11.2,5.7,8.4,0.6,0.6,0.0,18.1
2019-10-29,102,159,16,449,69,88,8.5,3.7,5.3,4.0,4.0,0.0,30.7
2019-10-30,83,122,43,237,56,77,6.2,2.4,4.5,18.8,14.8,2.8,32.9
2019-10-31,56,83,35,335,77,49,5.5,-1.9,1.5,24.0,13.0,7.7,42.4
2019-11-01,48,80,18,291,128,64,7.1,-4.7,1.2,0.4,0.4,0.0,26.6
2019-11-02,73,46,1,69,39,49,6.1,0.4,3.2,0.4,0.4,0.0,32.0
2019-11-03,35,55,4,60,44,55,10.7,-1.4,4.8,0.2,0.2,0.0,31.3
2019-11-04,91,184,10,476,136,81,11.2,4.8,8.1,0.0,0.0,0.0,27.7
2019-11-05,88,185,12,423,109,98,5.3,-1.2,2.5,0.0,0.0,0.0,28.0
2019-11-06,86,137,4,577,58,90,12.4,-1.7,4.2,0.9,0.6,0.21,31.3
2019-11-07,69,143,5,131,48,77,0.6,-5.1,-2.1,0.9,0.0,0.63,29.0
2019-11-08,79,89,4,89,37,65,0.4,-6.8,-3.5,0.0,0.0,0.0,19.9
2019-11-09,26,39,3,60,21,55,7.9,-2.9,2.2,0.0,0.0,0.0,25.2
2019-11-10,24,43,2,97,18,61,5.1,1.4,3.6,1.1,1.1,0.0,24.5
2019-11-11,42,31,7,320,24,44,2.9,-9.2,-2.5,12.4,2.9,6.65,42.3
2019-11-12,75,76,4,493,42,76,-9.1,-15.0,-11.5,0.0,0.0,0.0,32.1
2019-11-13,45,76,12,579,37,91,-2.6,-13.4,-6.8,0.2,0.0,0.14,31.0
2019-11-14,58,91,6,348,42,85,0.8,-3.7,-2.0,0.2,0.0,0.14,19.2
2019-11-15,56,65,6,562,19,86,5.6,-5.7,-0.9,0.0,0.0,0.0,17.3
2019-11-16,26,46,3,69,16,72,3.6,-0.4,1.6,0.0,0.0,0.0,20.5
2019-11-17,32,47,2,55,10,80,4.6,-2.6,1.0,1.2,1.2,0.0,17.3
2019-11-18,100,104,8,444,32,118,4.9,1.2,2.7,0.1,0.1,0.0,13.7
2019-11-19,118,149,4,345,39,96,4.7,-2.0,2.0,1.3,1.3,0.0,10.1
2019-11-20,98,148,7,274,57,134,8.6,-0.9,4.2,0.0,0.0,0.0,22.6
2019-11-21,99,101,12,521,46,86,13.0,4.6,8.1,6.2,6.2,0.0,41.8
2019-11-22,94,118,5,240,27,91,4.4,-2.5,0.8,0.0,0.0,0.0,24.5
2019-11-23,54,44,2,77,14,37,5.4,-4.2,-0.1,0.0,0.0,0.0,20.7
2019-11-24,38,57,3,98,14,52,9.4,-0.2,4.3,0.0,0.0,0.0,24.2
2019-11-25,109,164,7,292,48,90,10.7,1.7,5.7,0.0,0.0,0.0,18.9
2019-11-26,88,96,1,437,32,85,8.3,0.1,4.7,9.8,9.8,0.0,21.7
2019-11-27,82,59,10,95,63,60,12.3,1.4,6.3,8.5,8.5,0.0,57.4
2019-11-28,14,17,2,25,21,33,3.1,-1.4,1.3,0.0,0.0,0.0,30.0
2019-11-29,51,62,8,155,32,61,3.6,2.6,3.1,0.8,0.8,0.0,14.3
2019-11-30,30,33,1,44,15,47,3.8,2.5,3.0,13.2,13.2,0.0,35.6
2019-12-01,55,48,3,52,16,47,4.8,-0.2,3.3,8.7,7.7,0.7,26.5
2019-12-02,103,99,5,495,54,109,2.1,-1.3,0.3,0.3,0.0,0.21,30.3
2019-12-03,131,106,6,284,41,114,5.2,-3.5,0.5,0.0,0.0,0.0,26.1
2019-12-04,100,105,13,442,44,106,6.0,-0.9,2.3,0.0,0.0,0.0,30.3
2019-12-05,89,102,7,392,32,98,7.2,-3.2,2.0,0.0,0.0,0.0,18.3
2019-12-06,89,67,9,278,16,89,4.6,-1.3,1.8,0.0,0.0,0.0,29.9
2019-12-07,30,35,1,59,18,56,3.4,-3.6,-0.3,0.0,0.0,0.0,23.8
2019-12-08,32,42,5,104,13,49,8.1,0.5,4.7,0.0,0.0,0.0,26.5
2019-12-09,91,103,5,499,37,93,9.2,-2.7,6.1,6.6,6.6,0.0,35.5
2019-12-10,73,146,4,177,27,100,-3.6,-8.3,-6.2,0.0,0.0,0.0,32.0
2019-12-11,73,59,3,281,42,72,-3.4,-9.2,-6.9,0.3,0.0,0.21,21.4
2019-12-12,76,82,2,313,29,105,7.3,-6.5,0.6,0.0,0.0,0.0,36.1
2019-12-13,95,90,1,445,19,105,6.5,-0.8,2.5,0.0,0.0,0.0,23.7
2019-12-14,29,43,3,77,8,46,1.6,-3.2,-0.3,0.0,0.0,0.0,22.9
2019-12-15,39,23,0,95,8,36,-2.2,-7.6,-4.4,0.3,0.0,0.21,22.9
2019-12-16,108,94,4,261,17,93,0.0,-4.0,-1.7,0.7,0.0,0.49,19.9
2019-12-17,103,93,1,257,23,93,0.5,-6.5,-3.0,0.0,0.0,0.0,25.1
2019-12-18,168,60,3,466,15,78,-2.6,-10.5,-7.1,0.1,0.1,0.07,27.1
2019-12-19,186,67,4,357,11,88,4.8,-8.0,-3.0,0.0,0.0,0.0,27.3
2019-12-20,105,65,4,306,24,89,5.5,-6.1,-1.0,0.0,0.0,0.0,18.5
2019-12-21,24,36,4,48,5,58,7.7,-1.7,2.1,0.0,0.0,0.0,20.7
2019-12-22,38,31,4,122,5,58,9.7,0.3,3.7,0.0,0.0,0.0,22.5
2019-12-23,42,73,3,475,19,69,10.4,1.0,4.3,0.0,0.0,0.0,23.2
2019-12-24,50,39,4,100,8,54,11.0,-1.0,4.2,0.0,0.0,0.0,24.5
2019-12-25,6,23,1,28,2,13,13.6,3.1,7.9,0.0,0.0,0.0,22.8
2019-12-26,55,68,2,217,27,79,16.1,6.6,11.8,0.0,0.0,0.0,26.8
2019-12-27,64,74,8,139,20,77,6.0,-2.0,2.5,0.0,0.0,0.0,18.9
2019-12-28,34,56,2,105,5,83,8.1,-2.3,2.5,1.1,1.1,0.0,24.5
2019-12-29,29,49,17,95,7,49,15.2,8.9,11.8,17.8,17.8,0.0,33.7
2019-12-30,93,134,17,306,22,65,9.5,-1.5,1.7,7.0,6.0,0.7,40.4
2019-12-31,30,27,8,225,19,49,-0.5,-4.3,-2.6,2.8,0.0,1.96,39.2
2020-01-01,26,25,5,41,3,50,5.0,-6.1,-0.5,0.0,0.0,0.0,35.7
2020-01-02,103,88,4,477,31,104,9.5,2.5,5.3,0.0,0.0,0.0,32.7
2020-01-03,91,109,8,178,17,147,4.4,0.2,2.0,0.0,0.0,0.0,13.4
2020-01-04,32,33,0,87,3,51,1.7,-2.0,-0.2,2.0,0.0,1.4,21.8
2020-01-05,35,37,2,77,8,55,7.2,-4.8,0.1,0.1,0.0,0.07,36.0
2020-01-06,121,146,16,454,15,119,4.5,-3.4,0.2,0.0,0.0,0.0,23.3
2020-01-07,139,111,2,357,43,144,4.8,-2.3,0.7,0.2,0.0,0.14,26.0
2020-01-08,100,86,9,177,23,86,-1.6,-8.5,-5.7,0.0,0.0,0.0,30.3
2020-01-09,89,159,6,510,16,85,9.1,-4.4,3.5,0.3,0.3,0.0,42.4
2020-01-10,103,152,18,477,21,75,8.2,2.8,5.6,10.4,10.4,0.0,33.2
2020-01-11,40,32,96,41,16,55,2.8,-0.5,0.9,37.8,31.4,4.48,47.8
2020-01-12,48,44,17,98,9,28,-0.2,-3.8,-1.6,0.3,0.0,0.21,29.2
2020-01-13,202,118,35,578,33,98,1.4,-0.6,0.2,0.0,0.0,0.0,17.6
2020-01-14,147,110,18,502,39,106,6.4,-1.8,1.8,0.0,0.0,0.0,27.9
2020-01-15,173,158,13,517,34,127,2.1,-2.8,-0.1,0.7,0.7,0.0,22.3
2020-01-16,132,108,7,294,22,101,-0.2,-8.0,-5.2,0.0,0.0,0.0,27.6
2020-01-17,195,57,6,329,16,100,-1.7,-7.8,-3.6,5.6,0.0,3.92,38.9
2020-01-18,37,33,12,53,5,36,2.4,-12.1,-2.3,9.2,7.3,1.33,43.4
2020-01-19,18,26,5,60,8,33,-6.4,-16.3,-11.4,0.0,0.0,0.0,38.5
2020-01-20,38,41,7,93,3,77,-1.6,-6.7,-4.3,0.3,0.0,0.21,21.7
2020-01-21,147,75,7,575,14,122,-0.2,-10.1,-5.2,0.0,0.0,0.0,21.6
2020-01-22,182,63,6,357,12,100,2.1,-5.5,-2.1,0.0,0.0,0.0,27.5
2020-01-23,97,66,13,353,10,114,0.9,-1.4,-0.2,5.7,0.3,3.78,19.9
2020-01-24,91,58,9,209,7,107,3.2,0.6,1.8,10.5,7.9,1.82,17.7
2020-01-25,58,55,9,39,3,66,1.6,0.2,0.7,7.6,1.3,4.41,21.8
2020-01-26,72,42,4,79,14,56,1.9,-1.9,-0.1,0.2,0.0,0.14,21.1
2020-01-27,255,121,20,511,16,137,1.8,-2.1,-0.5,0.0,0.0,0.0,13.3
2020-01-28,189,127,13,577,21,125,0.9,-1.1,-0.3,0.2,0.0,0.14,10.7
2020-01-29,361,88,9,561,15,105,0.6,-1.2,-0.4,0.0,0.0,0.0,12.1
2020-01-30,214,147,8,647,12,119,1.8,-1.8,-0.0,0.0,0.0,0.0,12.3
2020-01-31,160,87,8,498,18,97,3.8,-1.3,0.9,0.8,0.0,0.56,12.7
2020-02-01,63,51,4,82,5,57,3.6,-0.5,1.2,1.1,0.3,0.56,30.5
2020-02-02,56,28,1,159,5,59,11.6,1.0,5.8,0.0,0.0,0.0,38.4
2020-02-03,199,165,4,582,27,118,4.7,-1.5,1.9,0.0,0.0,0.0,28.2
2020-02-04,213,112,8,439,23,118,2.2,-0.9,1.0,0.0,0.0,0.0,40.1
2020-02-05,189,87,5,390,19,112,-1.1,-2.4,-1.9,3.4,0.1,2.31,26.3
2020-02-06,153,69,7,200,16,77,-1.1,-2.3,-1.7,4.8,0.0,3.36,28.2
2020-02-07,183,68,6,207,8,83,0.8,-4.9,-2.5,1.2,0.0,0.84,21.8
2020-02-08,53,45,1,62,2,60,1.0,-7.4,-3.1,0.0,0.0,0.0,16.4
2020-02-09,50,35,0,96,3,47,1.9,-9.9,-2.2,4.6,0.3,3.01,31.1
2020-02-10,190,120,8,488,23,119,1.5,-4.0,-1.6,0.0,0.0,0.0,23.1
2020-02-11,189,106,3,305,17,129,2.1,-4.7,-1.7,0.0,0.0,0.0,31.2
2020-02-12,179,77,5,275,12,99,3.2,-5.8,-1.6,5.6,0.1,3.85,19.9
2020-02-13,109,54,6,385,5,59,-1.0,-15.5,-7.7,3.1,0.0,2.17,33.0
2020-02-14,116,49,3,292,8,64,-11.5,-22.1,-16.8,0.0,0.0,0.0,21.5
2020-02-15,40,19,2,40,3,63,1.1,-15.8,-6.1,0.0,0.0,0.0,32.1
2020-02-16,91,21,4,114,1,48,-0.1,-9.2,-4.2,0.0,0.0,0.0,19.6
2020-02-17,130,52,6,115,10,93,3.2,-5.7,-0.3,5.6,4.6,0.7,28.3
2020-02-18,205,161,12,678,19,140,3.2,-4.1,1.1,1.1,1.1,0.0,29.2
2020-02-19,220,95,5,506,14,137,-3.1,-9.2,-5.8,0.0,0.0,0.0,19.8
2020-02-20,276,134,8,361,14,116,-5.4,-12.2,-8.3,0.0,0.0,0.0,21.8
2020-02-21,201,138,4,311,11,103,3.3,-10.8,-4.6,0.0,0.0,0.0,29.8
2020-02-22,61,36,5,85,7,46,9.1,-3.9,1.8,0.0,0.0,0.0,28.4
2020-02-23,70,44,4,128,5,44,12.0,-0.9,4.6,0.0,0.0,0.0,26.5
2020-02-24,162,175,8,340,28,127,3.3,0.1,1.9,1.2,1.2,0.0,23.3
2020-02-25,195,157,5,375,15,105,2.0,0.5,1.4,4.8,0.5,3.01,39.0
2020-02-26,138,141,6,139,12,55,0.3,-4.0,-1.3,3.4,0.0,2.38,39.1
2020-02-27,235,156,5,470,10,102,-0.4,-6.0,-3.5,0.0,0.0,0.0,29.7
2020-02-28,158,60,3,279,19,83,-1.3,-8.5,-5.5,0.0,0.0,0.0,23.9
2020-02-29,48,27,1,49,0,60,3.1,-9.4,-3.8,0.0,0.0,0.0,20.2
2020-03-01,39,36,0,104,4,61,14.1,-3.1,5.4,0.0,0.0,0.0,30.9
2020-03-02,114,105,5,154,13,110,8.1,0.1,3.7,0.0,0.0,0.0,18.5
2020-03-03,206,103,11,507,17,133,9.4,-1.3,3.3,0.3,0.3,0.0,34.7
2020-03-04,241,165,6,405,19,97,6.8,-1.0,2.9,1.3,0.5,0.56,19.6
2020-03-05,296,119,11,415,19,114,10.7,-1.7,4.2,0.1,0.1,0.0,39.3
2020-03-06,211,121,4,290,20,117,1.8,-3.1,0.0,0.3,0.2,0.07,40.6
2020-03-07,65,37,4,97,10,73,9.2,-6.1,1.9,0.0,0.0,0.0,28.0
2020-03-08,24,45,2,128,12,36,15.5,2.5,8.7,0.0,0.0,0.0,37.3
2020-03-09,325,141,16,482,30,101,12.6,8.5,10.8,15.2,15.2,0.0,36.9
2020-03-10,438,249,22,687,35,127,11.2,-0.7,3.2,2.4,2.4,0.0,28.5
2020-03-11,266,103,16,572,13,104,8.6,0.2,4.3,0.1,0.0,0.07,13.8
2020-03-12,171,104,14,367,25,89,15.1,2.1,8.0,0.3,0.3,0.0,29.5
2020-03-13,181,79,6,217,21,75,8.6,0.3,4.6,0.0,0.0,0.0,31.9
2020-03-14,56,31,2,67,2,39,2.7,0.0,1.5,2.1,0.0,1.47,27.9
2020-03-15,58,33,3,59,3,42,2.3,-0.6,0.8,0.0,0.0,0.0,21.2
2020-03-16,130,65,6,538,30,48,4.6,-1.2,1.9,1.0,0.8,0.14,16.4
2020-03-17,306,72,3,205,22,46,5.2,0.4,2.7,0.0,0.0,0.0,18.4
2020-03-18,140,108,8,304,21,56,7.6,1.3,3.9,10.4,10.4,0.0,18.4
2020-03-19,236,63,10,184,19,45,15.9,2.1,8.0,12.3,12.3,0.0,33.1
2020-03-20,252,61,13,346,5,17,15.1,0.0,4.8,9.1,9.1,0.0,34.6
2020-03-21,43,29,12,66,12,30,-0.6,-3.8,-2.1,0.0,0.0,0.0,28.8
2020-03-22,39,29,1,111,7,20,2.2,-2.8,-0.2,4.9,0.0,3.43,23.9
2020-03-23,313,54,7,356,12,25,4.7,-0.1,1.5,1.5,0.0,1.05,16.3
2020-03-24,286,77,7,525,30,73,4.6,-1.8,1.7,0.0,0.0,0.0,16.3
2020-03-25,197,100,12,362,26,49,15.2,-1.5,6.5,0.1,0.1,0.0,23.0
2020-03-26,250,67,10,509,19,43,9.2,2.4,5.9,7.0,7.0,0.0,25.1
2020-03-27,262,73,6,451,15,36,8.5,2.2,5.2,7.0,7.0,0.0,24.8
2020-03-28,52,44,63,56,4,24,17.7,5.8,9.8,9.9,9.9,0.0,37.8
2020-03-29,58,41,11,87,14,20,17.4,6.3,9.7,0.8,0.8,0.0,49.6
2020-03-30,205,87,13,528,55,50,8.9,2.8,5.7,0.0,0.0,0.0,30.1
2020-03-31,261,89,9,265,22,28,3.9,1.9,2.9,0.0,0.0,0.0,26.8
2020-04-01,251,84,10,292,31,62,7.2,1.9,3.9,0.0,0.0,0.0,19.3
2020-04-02,346,87,7,300,32,85,7.6,0.7,4.3,0.0,0.0,0.0,15.9
2020-04-03,148,100,5,216,25,33,14.8,4.5,9.6,0.1,0.1,0.0,18.8
2020-04-04,44,42,8,184,12,27,13.4,2.0,5.6,2.4,2.4,0.0,21.6
2020-04-05,34,36,5,83,15,18,5.5,1.3,3.2,0.0,0.0,0.0,19.2
2020-04-06,210,117,5,399,38,51,13.2,0.6,7.5,1.5,1.5,0.0,17.4
2020-04-07,312,90,6,396,64,40,23.9,11.6,16.8,14.3,14.3,0.0,29.2
2020-04-08,177,148,6,398,44,38,13.5,5.9,9.0,2.5,2.5,0.0,29.2
2020-04-09,223,91,10,396,36,37,8.3,2.0,5.8,0.2,0.2,0.0,43.6
2020-04-10,157,60,3,403,39,43,7.5,0.0,3.8,0.0,0.0,0.0,25.3
2020-04-11,50,48,1,56,15,28,16.4,3.9,9.7,2.7,2.7,0.0,23.5
2020-04-12,32,41,1,77,14,19,18.4,8.1,12.4,3.1,3.1,0.0,26.7
2020-04-13,238,133,9,335,38,40,12.3,0.8,5.0,1.1,1.1,0.0,36.8
2020-04-14,349,87,8,459,43,44,5.0,-2.4,1.1,1.0,0.0,0.7,33.5
2020-04-15,229,126,5,326,21,27,3.7,-2.8,0.3,2.5,0.0,1.75,25.4
2020-04-16,285,92,3,419,33,50,8.2,-3.4,2.2,0.0,0.0,0.0,23.4
2020-04-17,79,60,6,344,17,40,3.5,0.9,1.7,7.5,0.5,4.9,21.1
2020-04-18,47,42,2,176,26,38,13.2,-0.4,6.6,0.0,0.0,0.0,35.9
2020-04-19,25,68,1,126,16,23,13.5,3.4,7.8,0.2,0.2,0.0,31.2
2020-04-20,228,129,9,437,70,29,15.6,-0.1,8.7,1.1,1.1,0.0,34.4
2020-04-21,313,161,9,333,61,49,9.6,2.4,5.6,0.0,0.0,0.0,29.5
2020-04-22,216,163,2,330,48,42,14.1,1.9,7.8,2.9,2.3,0.42,22.2
2020-04-23,203,134,3,297,36,43,12.6,5.0,8.4,1.2,1.2,0.0,22.0
2020-04-24,233,138,8,232,37,83,7.2,4.3,5.6,1.0,1.0,0.0,22.3
2020-04-25,31,37,3,49,9,33,7.1,4.4,5.9,17.5,17.5,0.0,31.7
2020-04-26,78,78,3,108,26,30,11.5,4.4,7.2,0.0,0.0,0.0,28.1
2020-04-27,306,141,19,256,71,52,18.4,2.1,10.8,3.2,3.2,0.0,30.4
2020-04-28,228,163,44,438,49,58,19.6,8.2,15.0,11.0,11.0,0.0,25.6
2020-04-29,169,118,269,368,40,31,16.1,6.1,11.3,41.6,41.6,0.0,31.6
2020-04-30,164,114,120,198,38,42,8.9,4.8,6.7,9.6,9.6,0.0,38.5
2020-05-01,164,143,40,214,45,43,14.6,1.6,9.3,0.4,0.4,0.0,19.2
2020-05-02,58,84,12,111,38,32,23.8,11.3,17.2,0.0,0.0,0.0,23.8
2020-05-03,65,81,6,109,53,43,19.8,7.4,15.1,0.0,0.0,0.0,29.2
2020-05-04,156,184,16,316,81,89,7.3,3.7,5.2,0.0,0.0,0.0,30.4
2020-05-05,132,125,11,469,47,52,8.0,4.8,6.4,6.1,6.1,0.0,20.5
2020-05-06,232,144,8,532,94,69,12.5,3.6,8.3,0.0,0.0,0.0,19.8
2020-05-07,142,150,14,407,64,100,17.6,6.1,9.9,0.0,0.0,0.0,31.3
2020-05-08,157,101,11,396,42,55,6.0,1.4,3.8,0.0,0.0,0.0,38.8
2020-05-09,48,68,0,85,25,32,12.8,-1.3,6.4,0.0,0.0,0.0,26.1
2020-05-10,38,39,4,207,11,30,10.6,3.5,7.0,7.6,7.6,0.0,41.0
2020-05-11,144,171,13,496,70,90,8.2,3.1,5.2,0.1,0.1,0.0,19.4
2020-05-12,168,148,8,305,82,77,14.0,2.9,7.8,0.0,0.0,0.0,21.0
2020-05-13,130,160,12,234,50,90,17.4,5.4,11.6,0.0,0.0,0.0,22.9
2020-05-14,125,167,112,265,41,80,22.0,10.8,15.9,17.6,17.6,0.0,25.3
2020-05-15,128,179,275,186,54,74,19.7,8.8,15.9,8.0,8.0,0.0,25.5
2020-05-16,70,89,31,301,44,51,12.7,7.2,10.0,0.2,0.2,0.0,22.4
2020-05-17,50,72,675,64,19,34,20.2,10.8,15.1,61.4,61.4,0.0,28.7
2020-05-18,164,202,500,471,99,48,18.0,9.7,13.6,0.3,0.3,0.0,19.7
2020-05-19,261,203,293,258,64,73,14.6,9.9,11.8,1.9,1.9,0.0,28.2
2020-05-20,145,182,254,266,70,100,15.4,10.1,12.3,0.0,0.0,0.0,24.6
2020-05-21,170,220,129,318,69,65,15.8,10.1,12.6,0.3,0.3,0.0,18.8
2020-05-22,174,242,62,263,55,66,16.6,10.1,13.2,0.0,0.0,0.0,13.2
2020-05-23,71,105,40,114,41,68,22.2,10.6,17.2,19.0,19.0,0.0,23.6
2020-05-24,45,99,18,59,38,31,27.7,16.1,21.8,0.0,0.0,0.0,22.2
2020-05-25,44,138,17,219,48,37,27.4,19.6,23.3,1.1,1.1,0.0,18.8
2020-05-26,137,534,37,540,123,99,26.4,20.0,23.2,2.7,2.7,0.0,22.3
2020-05-27,148,463,28,375,99,82,25.4,19.2,22.2,3.9,3.9,0.0,20.4
2020-05-28,179,273,18,467,67,106,24.2,14.7,20.6,13.8,13.8,0.0,21.9
2020-05-29,133,225,16,366,68,73,22.2,15.3,18.0,6.0,6.0,0.0,20.4
2020-05-30,56,118,7,113,41,50,17.0,11.2,14.5,1.3,1.3,0.0,16.6
2020-05-31,33,54,0,271,34,41,14.6,9.5,12.2,0.0,0.0,0.0,22.3
2020-06-01,62,132,11,468,78,62,20.8,10.4,16.3,1.2,1.2,0.0,27.8
2020-06-02,96,141,13,540,67,74,30.0,18.4,24.5,0.0,0.0,0.0,29.1
2020-06-03,125,139,6,470,62,110,26.0,21.0,22.9,1.6,1.6,0.0,22.7
2020-06-04,109,180,11,468,81,82,26.6,18.1,22.9,0.6,0.6,0.0,15.9
2020-06-05,98,163,13,600,75,69,29.8,17.2,24.2,0.2,0.2,0.0,18.4
2020-06-06,41,99,7,123,50,56,20.5,13.6,17.3,0.0,0.0,0.0,22.7
2020-06-07,46,81,1,151,43,59,21.4,12.6,17.2,0.0,0.0,0.0,21.5
2020-06-08,143,268,10,619,100,108,28.5,17.0,23.0,0.0,0.0,0.0,20.7
2020-06-09,143,185,15,261,291,104,30.0,20.3,24.3,15.1,15.1,0.0,38.5
2020-06-10,127,175,15,291,415,86,28.1,17.0,23.0,2.1,2.1,0.0,41.7
2020-06-11,124,230,7,364,266,86,25.2,14.5,20.2,0.0,0.0,0.0,27.4
2020-06-12,97,180,6,247,169,92,21.6,13.3,16.8,0.0,0.0,0.0,26.2
2020-06-13,55,76,2,85,72,72,16.6,12.4,14.0,1.9,1.9,0.0,28.4
2020-06-14,33,79,1,92,76,62,17.8,12.7,15.2,0.0,0.0,0.0,22.3
2020-06-15,143,204,12,229,219,92,19.9,12.0,16.5,0.0,0.0,0.0,20.2
2020-06-16,106,206,4,168,177,91,25.2,14.2,19.7,0.0,0.0,0.0,21.6
2020-06-17,123,236,10,653,168,126,27.5,16.2,22.0,0.0,0.0,0.0,19.7
2020-06-18,133,262,7,654,142,109,28.2,17.1,23.1,0.0,0.0,0.0,18.9
2020-06-19,115,235,6,227,108,78,30.9,19.1,25.5,0.0,0.0,0.0,21.2
2020-06-20,37,98,5,80,55,60,31.6,20.6,26.4,7.3,7.3,0.0,25.6
2020-06-21,40,80,1,89,52,55,25.0,21.0,22.6,8.9,8.9,0.0,17.4
2020-06-22,113,233,21,379,155,105,28.1,20.1,22.7,23.8,23.8,0.0,21.1
2020-06-23,109,197,16,356,177,97,24.1,16.9,20.0,2.5,2.5,0.0,25.9
2020-06-24,91,229,15,394,136,97,23.9,15.4,19.5,3.0,3.0,0.0,17.5
2020-06-25,133,219,7,303,157,114,23.7,16.2,20.5,0.5,0.5,0.0,20.9
2020-06-26,95,245,35,283,160,110,30.1,17.7,23.2,18.9,18.9,0.0,29.6
2020-06-27,46,114,16,61,178,63,29.2,21.0,24.6,1.0,1.0,0.0,20.9
2020-06-28,53,106,8,83,107,52,24.2,21.2,22.6,5.8,5.8,0.0,15.8
2020-06-29,113,254,31,273,275,96,29.3,21.2,24.4,3.4,3.4,0.0,19.2
2020-06-30,110,262,13,407,192,93,27.2,21.8,24.2,5.9,5.9,0.0,16.2
2020-07-01,125,235,13,258,153,92,26.3,21.4,23.6,0.0,0.0,0.0,19.1
2020-07-02,111,248,11,357,145,120,27.2,19.5,23.5,0.0,0.0,0.0,18.2
2020-07-03,44,142,7,84,74,101,28.7,18.5,24.2,0.0,0.0,0.0,13.6
2020-07-04,21,61,2,35,30,30,26.7,20.4,23.5,0.0,0.0,0.0,20.0
2020-07-05,36,89,2,70,44,51,29.5,19.8,25.4,0.0,0.0,0.0,15.8
2020-07-06,101,255,5,512,132,120,32.5,21.2,27.9,0.3,0.3,0.0,14.7
2020-07-07,109,253,13,171,118,110,32.2,23.4,28.2,3.2,3.2,0.0,15.5
2020-07-08,110,239,18,153,172,118,30.5,24.0,27.1,0.5,0.5,0.0,16.5
2020-07-09,123,213,11,207,112,102,33.8,24.4,28.6,3.1,3.1,0.0,24.5
2020-07-10,107,208,31,437,139,115,28.5,21.8,24.5,19.0,19.0,0.0,27.4
2020-07-11,45,97,3,59,61,77,29.5,20.2,24.8,1.9,1.9,0.0,22.5
2020-07-12,35,117,1,212,66,56,22.8,19.2,21.5,6.5,6.5,0.0,28.2
2020-07-13,96,317,8,445,164,158,24.8,16.9,21.5,0.6,0.6,0.0,16.0
2020-07-14,111,269,9,283,142,116,29.7,17.9,23.9,0.0,0.0,0.0,23.2
2020-07-15,93,284,14,558,114,117,29.9,21.0,24.9,58.1,58.1,0.0,28.2
2020-07-16,109,276,16,280,143,117,24.3,21.3,22.7,12.1,12.1,0.0,34.1
2020-07-17,83,231,10,108,124,129,29.7,18.5,24.6,0.0,0.0,0.0,18.9
2020-07-18,44,131,3,60,53,95,32.6,22.8,27.1,0.0,0.0,0.0,28.8
2020-07-19,32,113,10,109,120,59,31.0,22.1,26.3,13.1,13.1,0.0,36.7
2020-07-20,105,286,11,246,245,116,26.3,20.2,23.5,0.0,0.0,0.0,17.9
2020-07-21,176,230,9,483,172,169,27.3,21.9,24.0,4.7,4.7,0.0,19.5
2020-07-22,116,231,3,362,145,118,28.6,21.5,24.6,1.5,1.5,0.0,16.7
2020-07-23,99,304,6,481,150,112,24.2,19.5,22.0,0.1,0.1,0.0,20.0
2020-07-24,80,254,7,275,113,100,25.5,18.1,22.4,0.0,0.0,0.0,16.2
2020-07-25,27,113,2,314,72,72,30.3,18.9,25.2,0.0,0.0,0.0,14.8
2020-07-26,36,95,0,142,52,61,32.8,22.6,27.7,4.1,4.1,0.0,24.0
2020-07-27,105,307,14,364,198,181,28.7,21.8,25.1,15.7,15.7,0.0,17.0
2020-07-28,109,274,4,384,126,198,28.8,19.3,24.4,0.1,0.1,0.0,22.2
2020-07-29,124,298,9,265,144,177,29.0,21.3,24.5,1.3,1.3,0.0,22.8
2020-07-30,100,265,8,244,143,151,25.3,20.0,22.6,1.6,1.6,0.0,33.7
2020-07-31,90,220,8,156,97,174,24.5,19.3,22.0,0.0,0.0,0.0,23.7
2020-08-01,30,95,5,73,63,85,23.9,20.5,22.1,4.5,4.5,0.0,16.1
2020-08-02,34,73,25,113,52,102,27.0,19.7,22.3,10.9,10.9,0.0,17.3
2020-08-03,115,321,19,194,170,181,20.9,17.9,19.1,1.4,1.4,0.0,33.0
2020-08-04,110,267,10,289,153,192,19.7,15.7,18.1,0.3,0.3,0.0,27.8
2020-08-05,96,246,10,223,174,192,23.3,12.4,18.8,0.0,0.0,0.0,12.6
2020-08-06,103,269,10,295,121,156,24.4,15.6,20.6,0.0,0.0,0.0,15.3
2020-08-07,110,261,11,353,114,139,26.1,15.4,21.6,0.0,0.0,0.0,17.1
2020-08-08,35,133,3,99,68,81,31.7,18.6,25.0,0.0,0.0,0.0,25.5
2020-08-09,30,97,5,50,51,72,33.0,22.0,26.8,12.8,12.8,0.0,26.7
2020-08-10,57,223,11,233,1671,131,29.6,21.3,24.5,7.5,7.5,0.0,23.5
2020-08-11,86,205,11,331,2321,135,25.3,18.9,22.2,0.0,0.0,0.0,15.2
2020-08-12,72,220,5,640,1280,121,25.3,16.8,21.7,0.0,0.0,0.0,14.3
2020-08-13,79,221,3,349,1025,167,25.9,19.5,23.0,0.0,0.0,0.0,16.6
2020-08-14,60,177,9,382,502,106,27.3,19.9,23.7,0.0,0.0,0.0,19.3
2020-08-15,30,110,5,74,217,75,28.6,19.9,23.9,1.2,1.2,0.0,18.9
2020-08-16,17,90,5,100,172,69,25.3,18.4,22.4,0.2,0.2,0.0,22.3
2020-08-17,79,266,8,445,474,138,26.2,18.8,23.1,0.0,0.0,0.0,16.6
2020-08-18,168,298,8,220,408,140,22.7,19.1,21.5,0.0,0.0,0.0,24.0
2020-08-19,145,239,8,345,379,151,24.3,16.2,20.9,0.0,0.0,0.0,22.4
2020-08-20,96,212,6,334,309,165,29.4,15.3,22.8,0.0,0.0,0.0,13.9
2020-08-21,81,204,6,225,264,150,29.5,17.6,23.7,0.0,0.0,0.0,11.9
2020-08-22,34,109,0,76,111,69,31.1,18.0,24.8,0.0,0.0,0.0,19.0
2020-08-23,29,132,2,113,104,65,31.6,19.6,25.2,0.7,0.7,0.0,19.2
2020-08-24,77,251,10,220,352,161,35.4,21.3,28.1,0.2,0.2,0.0,22.0
2020-08-25,67,248,7,162,254,184,26.5,22.1,24.3,4.0,4.0,0.0,34.5
2020-08-26,106,273,5,338,219,134,33.6,22.6,27.9,0.0,0.0,0.0,24.4
2020-08-27,104,199,7,186,198,136,32.1,24.0,27.4,3.3,3.3,0.0,24.0
2020-08-28,74,195,4,373,170,163,31.2,23.5,26.7,2.2,2.2,0.0,20.7
2020-08-29,34,134,2,103,81,97,27.1,20.4,23.7,0.5,0.5,0.0,26.3
2020-08-30,55,130,3,134,70,56,23.1,18.8,21.1,0.0,0.0,0.0,19.1
2020-08-31,75,298,7,207,234,151,30.5,18.4,23.8,0.3,0.3,0.0,22.8
2020-09-01,64,254,5,154,153,143,22.5,20.4,21.5,4.9,4.9,0.0,19.9
2020-09-02,59,230,4,467,221,174,29.3,19.6,23.5,0.0,0.0,0.0,26.8
2020-09-03,111,224,5,199,199,119,29.8,18.1,23.1,0.0,0.0,0.0,39.1
2020-09-04,47,187,0,434,147,113,25.6,13.2,19.4,0.0,0.0,0.0,26.0
2020-09-05,13,94,4,61,59,64,27.2,17.0,21.5,0.0,0.0,0.0,32.4
2020-09-06,19,95,3,97,31,52,27.6,16.0,20.6,19.6,19.6,0.0,37.5
2020-09-07,28,98,4,134,74,63,22.7,17.1,20.4,3.0,3.0,0.0,34.7
2020-09-08,46,247,13,220,161,98,18.8,16.7,17.7,33.0,33.0,0.0,32.0
2020-09-09,66,237,9,412,150,205,19.0,16.5,17.4,4.7,4.7,0.0,27.2
2020-09-10,81,276,12,577,140,132,17.8,16.5,16.9,6.0,6.0,0.0,27.3
2020-09-11,108,206,7,587,172,168,20.1,16.7,18.1,3.1,3.1,0.0,22.3
2020-09-12,31,107,3,121,35,71,22.4,17.2,19.3,30.9,30.9,0.0,22.2
2020-09-13,23,115,5,140,60,55,23.0,15.0,18.6,0.0,0.0,0.0,17.4
2020-09-14,105,293,4,487,149,162,21.6,15.8,18.6,0.0,0.0,0.0,12.8
2020-09-15,165,284,6,675,146,195,24.9,14.4,19.3,0.0,0.0,0.0,21.0
2020-09-16,92,231,5,608,126,177,26.7,15.0,20.6,0.3,0.3,0.0,23.4
2020-09-17,110,333,7,775,126,146,20.1,15.3,17.6,0.3,0.3,0.0,28.3
2020-09-18,52,207,3,677,102,136,15.3,10.4,13.5,0.1,0.1,0.0,28.0
2020-09-19,21,111,4,48,51,65,15.6,8.8,12.5,0.0,0.0,0.0,14.2
2020-09-20,23,83,2,87,39,52,20.8,10.0,15.3,0.0,0.0,0.0,20.4
2020-09-21,76,408,3,718,129,153,22.8,11.4,16.9,0.0,0.0,0.0,20.1
2020-09-22,73,241,5,302,172,156,25.1,11.9,18.3,0.0,0.0,0.0,15.5
2020-09-23,77,264,7,445,131,169,25.0,14.0,19.3,0.0,0.0,0.0,17.3
2020-09-24,89,313,6,201,112,160,25.6,14.1,19.7,0.0,0.0,0.0,20.4
2020-09-25,73,211,6,312,105,145,26.7,14.3,20.6,0.0,0.0,0.0,23.1
2020-09-26,21,110,1,112,40,85,28.4,16.9,22.1,0.0,0.0,0.0,37.6
2020-09-27,29,88,3,129,30,45,26.1,14.9,20.9,0.1,0.1,0.0,34.2
2020-09-28,113,259,5,284,119,154,17.3,11.4,13.9,7.6,7.6,0.0,26.1
2020-09-29,101,246,4,358,133,137,15.6,8.4,12.1,0.0,0.0,0.0,22.0
2020-09-30,84,204,6,234,122,140,18.3,10.9,13.6,0.4,0.4,0.0,43.2
2020-10-01,58,227,2,435,109,154,13.8,8.5,10.7,5.2,5.2,0.0,23.8
2020-10-02,71,186,9,242,97,130,12.7,7.8,9.5,0.1,0.1,0.0,22.7
2020-10-03,25,121,3,54,25,64,13.9,6.5,9.8,2.8,2.8,0.0,15.8
2020-10-04,25,80,0,102,27,65,11.7,6.4,8.8,2.4,2.4,0.0,27.2
2020-10-05,77,211,9,294,113,150,15.3,3.2,9.6,0.0,0.0,0.0,29.1
2020-10-06,83,235,5,331,87,128,21.5,10.2,15.1,0.0,0.0,0.0,25.3
2020-10-07,69,197,6,216,82,122,22.5,13.3,17.8,0.0,0.0,0.0,32.6
2020-10-08,75,226,2,329,100,127,18.2,8.5,13.4,0.0,0.0,0.0,20.8
2020-10-09,74,181,8,283,56,108,26.1,10.9,18.6,0.0,0.0,0.0,34.2
2020-10-10,24,68,4,98,52,66,23.9,13.8,18.1,0.2,0.2,0.0,28.0
2020-10-11,27,59,6,104,28,57,19.4,14.0,16.5,0.9,0.9,0.0,25.5
2020-10-12,25,156,6,127,45,85,22.4,10.4,15.6,8.2,8.2,0.0,38.5
2020-10-13,70,254,8,309,109,169,20.2,7.6,13.3,0.0,0.0,0.0,36.2
2020-10-14,69,193,6,189,125,143,21.9,6.8,14.8,0.0,0.0,0.0,40.1
2020-10-15,64,212,3,208,95,149,16.5,6.0,11.1,0.2,0.2,0.0,36.0
2020-10-16,44,156,5,462,82,99,11.0,3.5,7.2,0.0,0.0,0.0,27.5
2020-10-17,9,60,4,42,32,51,16.6,3.2,10.2,0.0,0.0,0.0,42.8
2020-10-18,11,61,2,36,30,32,14.0,4.7,9.1,7.4,7.4,0.0,33.1
2020-10-19,86,170,10,163,112,105,9.9,4.8,6.7,5.4,5.4,0.0,23.0
2020-10-20,44,161,6,110,93,115,11.9,6.0,8.8,3.2,3.2,0.0,23.6
2020-10-21,66,267,10,197,66,132,12.5,8.1,10.4,1.7,1.7,0.0,23.2
2020-10-22,90,179,121,172,75,118,24.0,11.3,16.8,15.3,15.3,0.0,35.4
2020-10-23,47,116,48,90,49,103,20.3,4.7,12.9,16.5,16.5,0.0,32.4
2020-10-24,32,93,10,58,26,44,6.4,2.8,4.9,0.0,0.0,0.0,23.3
2020-10-25,26,59,12,110,32,62,8.2,5.8,7.3,0.4,0.4,0.0,23.8
2020-10-26,51,190,19,169,64,133,7.1,2.3,3.6,2.9,2.1,0.56,29.6
2020-10-27,92,186,6,97,54,116,3.1,1.7,2.6,2.4,0.5,1.33,16.1
2020-10-28,81,181,7,206,57,122,10.6,-0.2,4.6,0.0,0.0,0.0,21.9
2020-10-29,74,158,7,180,60,129,9.2,3.6,6.3,0.2,0.2,0.0,41.5
2020-10-30,52,120,7,109,46,110,4.6,0.2,2.3,0.0,0.0,0.0,23.0
2020-10-31,15,51,2,52,26,51,12.9,0.3,6.6,0.0,0.0,0.0,35.9
2020-11-01,29,44,2,123,28,61,11.6,-0.4,4.0,0.0,0.0,0.0,41.2
2020-11-02,58,155,10,161,99,135,9.1,-3.0,2.9,0.0,0.0,0.0,32.7
2020-11-03,55,130,7,103,75,142,17.6,3.9,10.1,0.0,0.0,0.0,26.8
2020-11-04,55,131,5,114,83,160,20.2,10.2,14.7,0.0,0.0,0.0,30.0
2020-11-05,64,167,5,121,51,118,19.4,12.7,15.5,0.0,0.0,0.0,24.2
2020-11-06,39,160,4,126,41,142,21.5,9.6,15.0,0.0,0.0,0.0,23.8
2020-11-07,18,50,2,52,24,57,21.1,11.1,15.3,0.0,0.0,0.0,24.8
2020-11-08,16,86,1,94,32,59,23.4,12.6,17.6,0.2,0.2,0.0,26.0
2020-11-09,61,190,8,171,101,111,22.3,16.4,19.4,0.1,0.1,0.0,32.6
2020-11-10,48,268,22,174,93,119,22.8,10.6,19.0,7.6,7.6,0.0,41.7
2020-11-11,64,98,9,512,79,84,8.2,1.4,4.4,0.0,0.0,0.0,35.9
2020-11-12,62,163,6,289,76,106,11.0,0.8,5.4,0.3,0.3,0.0,17.4
2020-11-13,39,122,7,305,46,120,6.7,-1.1,3.0,0.6,0.6,0.0,25.0
2020-11-14,12,57,4,74,15,45,9.9,-2.3,3.8,2.1,2.1,0.0,36.7
2020-11-15,23,55,5,81,25,27,12.3,2.1,7.1,6.0,6.0,0.0,54.6
2020-11-16,143,120,9,326,78,103,7.8,-0.6,3.3,0.8,0.8,0.0,29.3
2020-11-17,141,131,3,302,59,133,5.0,-1.7,1.5,0.0,0.0,0.0,29.7
2020-11-18,50,151,8,185,57,154,9.5,-1.9,3.9,0.0,0.0,0.0,36.5
2020-11-19,54,121,9,128,42,137,17.2,7.3,12.7,0.0,0.0,0.0,40.7
2020-11-20,81,126,6,145,42,136,14.9,7.6,11.9,0.0,0.0,0.0,31.5
2020-11-21,15,88,1,63,20,56,6.9,3.6,5.0,0.0,0.0,0.0,20.7
2020-11-22,32,64,2,151,10,46,7.2,3.9,5.4,3.5,3.5,0.0,18.5
2020-11-23,76,159,17,627,37,134,6.2,2.1,4.3,0.0,0.0,0.0,20.4
2020-11-24,62,173,10,853,37,103,6.5,1.6,3.7,11.5,9.9,1.12,29.5
2020-11-25,34,91,20,498,18,80,8.0,6.0,7.0,10.8,10.8,0.0,21.5
2020-11-26,11,33,5,47,2,34,8.5,3.0,5.9,0.0,0.0,0.0,23.4
2020-11-27,40,68,7,595,25,72,7.6,0.5,3.9,0.0,0.0,0.0,18.0
2020-11-28,39,51,2,98,14,63,9.3,-2.5,3.0,0.0,0.0,0.0,27.9
2020-11-29,16,70,2,243,15,57,9.3,2.5,5.3,0.0,0.0,0.0,28.0
2020-11-30,115,138,7,459,36,135,3.3,-1.9,0.2,1.0,0.0,0.7,37.8
2020-12-01,104,135,4,289,33,117,1.1,-3.9,-1.8,0.0,0.0,0.0,25.5
2020-12-02,100,163,1,269,34,97,7.5,-4.2,0.3,0.0,0.0,0.0,23.0
2020-12-03,101,131,5,281,34,104,6.7,-2.1,1.5,0.0,0.0,0.0,26.1
2020-12-04,108,144,5,594,17,113,6.8,0.1,2.6,0.0,0.0,0.0,26.7
2020-12-05,53,55,4,61,12,37,3.4,0.9,2.2,0.0,0.0,0.0,19.5
2020-12-06,20,114,5,238,9,61,2.1,1.0,1.6,0.1,0.1,0.0,12.4
2020-12-07,173,144,6,833,26,150,2.4,0.1,1.4,0.0,0.0,0.0,15.7
2020-12-08,133,130,5,487,22,142,3.2,-0.5,1.2,0.0,0.0,0.0,23.2
2020-12-09,320,156,6,491,35,124,10.3,0.1,3.7,0.0,0.0,0.0,22.3
2020-12-10,261,225,5,561,25,107,10.9,-0.7,4.4,0.0,0.0,0.0,17.5
2020-12-11,115,140,10,347,23,88,6.0,1.3,4.6,10.4,10.4,0.0,31.6
2020-12-12,22,44,71,38,1,43,5.0,0.7,3.5,25.4,25.0,0.28,34.2
2020-12-13,12,52,10,105,7,62,2.3,-2.6,-0.4,0.0,0.0,0.0,22.6
2020-12-14,239,126,17,491,26,97,-0.6,-4.6,-2.9,0.0,0.0,0.0,23.9
2020-12-15,175,173,16,428,40,98,-0.1,-5.4,-2.5,0.0,0.0,0.0,24.4
2020-12-16,233,131,8,1214,34,110,0.5,-2.0,-0.5,0.5,0.0,0.35,25.7
2020-12-17,271,196,6,924,29,98,1.3,-1.4,0.3,0.4,0.0,0.28,12.2
2020-12-18,229,135,2,883,30,103,2.9,-4.6,-0.9,0.0,0.0,0.0,28.9
2020-12-19,14,44,4,195,3,52,7.9,0.5,3.5,0.0,0.0,0.0,28.4
2020-12-20,17,63,1,165,9,44,4.3,0.2,1.6,0.0,0.0,0.0,25.0
2020-12-21,167,144,6,487,32,112,7.6,-0.5,3.0,0.3,0.3,0.0,33.8
2020-12-22,180,113,7,1314,26,95,5.0,-0.9,2.3,0.0,0.0,0.0,31.4
2020-12-23,286,89,7,703,41,96,11.7,1.9,7.7,5.7,5.7,0.0,46.2
2020-12-24,121,30,3,412,10,43,-0.7,-10.1,-7.7,0.1,0.0,0.07,43.3
2020-12-25,4,25,3,25,0,9,-5.4,-12.6,-9.1,0.2,0.0,0.14,28.7
2020-12-26,11,43,5,436,6,36,1.3,-7.3,-4.0,0.0,0.0,0.0,26.9
2020-12-27,18,40,4,351,2,43,7.5,-4.5,1.1,0.2,0.2,0.0,26.6
2020-12-28,90,143,6,1146,32,123,0.4,-5.3,-1.6,0.0,0.0,0.0,26.3
2020-12-29,84,126,5,386,35,118,-0.5,-8.3,-3.8,4.2,0.5,2.59,33.4
2020-12-30,64,79,12,611,13,85,2.3,-4.4,-0.2,9.1,9.1,0.0,30.3
2020-12-31,91,37,11,1129,12,53,-1.0,-7.3,-3.8,0.0,0.0,0.0,16.6
2021-01-01,3,30,1,76,3,47,0.9,-3.7,-0.9,15.7,3.4,8.61,34.0
2021-01-02,13,41,7,59,2,62,1.3,-1.6,0.3,0.9,0.2,0.49,30.0
2021-01-03,26,39,5,103,4,46,2.4,-2.5,0.2,3.2,0.0,2.24,15.1
2021-01-04,317,118,10,314,40,120,1.6,-4.5,-2.5,0.1,0.0,0.07,17.1
2021-01-05,222,177,9,303,26,140,3.5,-4.4,-1.6,0.0,0.0,0.0,15.1
2021-01-06,242,93,10,242,25,126,1.8,-2.5,-0.2,0.0,0.0,0.0,12.8
2021-01-07,259,297,4,341,28,133,3.0,-0.2,1.6,0.0,0.0,0.0,19.9
2021-01-08,276,99,4,281,15,103,1.7,-0.3,0.8,0.0,0.0,0.0,26.9
2021-01-09,17,50,2,51,8,61,1.7,-2.5,-0.7,0.0,0.0,0.0,18.9
2021-01-10,23,47,4,117,9,75,-1.2,-3.5,-2.3,0.0,0.0,0.0,15.5
2021-01-11,374,110,10,378,46,198,-1.3,-5.2,-3.4,0.0,0.0,0.0,26.3
2021-01-12,373,118,8,488,39,126,4.5,-3.4,-0.6,0.0,0.0,0.0,24.1
2021-01-13,268,137,8,278,30,116,6.8,-1.3,2.2,0.0,0.0,0.0,22.0
2021-01-14,343,134,7,447,28,154,4.9,-1.0,2.0,4.2,4.2,0.0,23.0
2021-01-15,255,211,10,165,31,114,2.9,-2.5,0.7,1.8,0.6,0.84,22.2
2021-01-16,33,39,6,56,9,52,3.4,-3.3,0.3,1.9,0.2,1.19,22.1
2021-01-17,16,56,4,80,2,55,0.2,-2.7,-0.7,3.2,0.1,2.17,13.9
2021-01-18,30,87,7,119,6,102,-0.5,-4.3,-2.8,0.0,0.0,0.0,20.3
2021-01-19,248,121,4,488,15,125,-0.4,-7.5,-3.8,2.4,0.0,1.68,26.6
2021-01-20,232,79,5,249,11,103,0.1,-9.5,-4.6,0.0,0.0,0.0,37.4
2021-01-21,216,97,7,222,42,109,4.4,-0.9,1.1,0.0,0.0,0.0,36.4
2021-01-22,199,76,7,134,20,111,-0.1,-9.8,-7.2,0.0,0.0,0.0,28.5
2021-01-23,22,32,7,45,6,61,-0.2,-12.1,-5.9,0.0,0.0,0.0,17.7
2021-01-24,19,46,6,101,5,75,2.3,-2.5,-1.0,2.2,0.0,1.54,19.8
2021-01-25,311,153,5,544,26,139,0.6,-1.3,-0.3,3.6,0.0,2.52,35.3
2021-01-26,56,105,7,132,8,91,-0.5,-3.0,-1.0,12.5,0.1,8.68,34.4
2021-01-27,118,100,7,228,8,117,-2.5,-9.0,-4.2,0.7,0.0,0.49,28.8
2021-01-28,225,68,9,414,15,87,-6.1,-14.7,-10.2,0.0,0.0,0.0,22.3
2021-01-29,184,131,4,256,6,108,-1.3,-16.3,-7.3,0.0,0.0,0.0,21.8
2021-01-30,18,27,6,302,2,76,1.1,-3.4,-1.4,9.0,0.0,6.3,36.6
2021-01-31,18,28,2,22,2,32,0.4,-1.4,-0.6,14.7,0.1,10.22,37.1
2021-02-01,84,72,8,207,4,106,0.2,-4.7,-1.5,0.0,0.0,0.0,31.9
2021-02-02,88,48,8,260,3,110,-0.3,-5.8,-3.2,0.0,0.0,0.0,24.8
2021-02-03,92,43,5,105,5,117,-1.7,-11.4,-6.3,0.0,0.0,0.0,20.7
2021-02-04,218,42,12,408,3,127,1.3,-4.5,-1.0,8.5,1.0,5.25,41.9
2021-02-05,159,25,9,81,0,93,-5.7,-13.1,-10.6,0.1,0.0,0.07,41.9
2021-02-06,20,16,5,138,3,55,-11.0,-17.7,-13.9,2.0,0.0,1.4,29.3
2021-02-07,12,10,5,48,1,54,-14.9,-21.9,-18.3,0.0,0.0,0.0,23.3
2021-02-08,148,41,8,474,3,82,-10.7,-20.5,-14.7,1.9,0.0,1.33,19.4
2021-02-09,162,49,7,334,2,120,-10.3,-16.2,-13.0,0.0,0.0,0.0,25.2
2021-02-10,93,41,7,300,3,129,-8.1,-16.2,-11.2,0.7,0.0,0.49,27.7
2021-02-11,106,39,10,171,8,108,-5.1,-12.1,-8.1,0.6,0.0,0.42,28.2
2021-02-12,92,25,7,233,2,92,-6.2,-12.3,-9.3,1.5,0.1,0.98,23.9
2021-02-13,20,22,4,59,0,50,-10.6,-16.9,-13.1,3.4,0.1,2.31,27.1
2021-02-14,22,15,3,24,1,53,-15.4,-20.2,-17.7,1.5,0.1,0.98,27.8
2021-02-15,27,17,8,348,1,77,-7.7,-16.7,-11.5,9.7,0.0,6.79,43.5
2021-02-16,31,19,4,117,2,65,-7.1,-12.0,-8.9,5.0,0.1,3.43,30.6
2021-02-17,55,32,7,216,0,93,-7.3,-15.2,-11.1,0.0,0.0,0.0,19.7
2021-02-18,43,19,8,94,2,111,-5.2,-9.2,-7.1,1.1,0.0,0.77,14.5
2021-02-19,135,81,5,105,1,103,-7.5,-14.5,-10.5,0.0,0.0,0.0,21.3
2021-02-20,31,27,9,26,0,75,-6.6,-18.8,-12.0,0.0,0.0,0.0,18.6
2021-02-21,41,18,1,58,0,60,1.5,-10.2,-4.5,4.1,0.8,2.31,38.3
2021-02-22,191,41,14,582,2,116,2.8,-2.9,0.2,1.0,1.0,0.0,35.3
2021-02-23,345,54,19,223,2,138,4.8,-0.1,2.4,0.0,0.0,0.0,37.0
2021-02-24,307,94,51,335,4,170,5.2,-3.7,2.4,0.0,0.0,0.0,32.1
2021-02-25,382,109,34,161,5,205,2.6,-9.2,-3.3,0.0,0.0,0.0,16.0
2021-02-26,254,78,11,213,2,162,3.5,-9.4,-1.9,0.4,0.4,0.0,18.4
2021-02-27,63,55,26,41,5,111,10.4,-0.9,3.2,2.2,1.8,0.28,19.0
2021-02-28,85,47,36,56,3,91,12.3,1.2,5.6,0.9,0.9,0.0,36.0
2021-03-01,112,145,34,119,4,187,0.4,-5.5,-2.5,0.0,0.0,0.0,24.3
2021-03-02,234,125,24,708,14,204,6.2,-9.1,-1.2,0.0,0.0,0.0,29.2
2021-03-03,220,206,16,302,13,227,10.2,0.4,4.2,0.0,0.0,0.0,26.5
2021-03-04,244,157,10,345,13,181,0.6,-2.1,-0.4,0.0,0.0,0.0,27.9
2021-03-05,276,157,7,352,12,162,6.3,-4.5,0.3,0.0,0.0,0.0,18.1
2021-03-06,64,82,8,46,11,134,3.9,-4.7,-0.4,0.0,0.0,0.0,18.0
2021-03-07,71,60,4,102,5,97,8.0,-4.0,2.1,0.0,0.0,0.0,23.0
2021-03-08,249,183,12,163,36,215,16.5,5.1,9.9,0.0,0.0,0.0,27.9
2021-03-09,307,203,12,348,12,245,17.1,4.3,10.3,0.0,0.0,0.0,29.2
2021-03-10,318,191,17,254,31,212,19.0,11.1,14.6,0.3,0.3,0.0,41.6
2021-03-11,322,173,7,213,22,196,15.8,5.1,11.1,1.7,1.7,0.0,43.0
2021-03-12,342,157,11,301,25,167,8.2,0.9,4.0,0.0,0.0,0.0,16.5
2021-03-13,103,73,7,83,21,108,13.3,-1.7,5.2,0.0,0.0,0.0,14.8
2021-03-14,77,133,5,142,16,85,5.6,1.6,3.8,0.0,0.0,0.0,35.4
2021-03-15,165,140,10,334,22,154,3.1,-0.3,0.7,5.3,0.0,3.71,35.9
2021-03-16,340,136,15,439,14,163,3.5,-0.5,1.5,0.0,0.0,0.0,15.7
2021-03-17,289,141,14,461,25,195,3.9,-0.8,1.5,10.1,10.1,0.0,35.8
2021-03-18,255,196,17,310,28,150,5.1,2.1,3.0,9.1,9.1,0.0,44.0
2021-03-19,213,78,5,623,38,141,3.9,-1.3,1.3,0.0,0.0,0.0,29.3
2021-03-20,66,53,8,53,25,91,10.6,-1.7,4.1,0.0,0.0,0.0,15.7
2021-03-21,65,70,6,99,20,97,16.1,1.7,8.7,0.0,0.0,0.0,23.9
2021-03-22,326,213,17,638,60,172,18.5,6.3,11.9,0.0,0.0,0.0,24.0
2021-03-23,281,212,11,412,47,153,16.2,9.2,11.6,7.6,7.6,0.0,29.1
2021-03-24,276,447,12,631,27,188,15.6,8.9,12.6,2.9,2.9,0.0,39.2
2021-03-25,284,239,10,202,29,155,7.9,3.2,5.7,5.4,5.4,0.0,36.4
2021-03-26,227,168,16,538,22,115,4.8,1.7,3.2,4.3,4.3,0.0,35.3
2021-03-27,96,72,2,74,23,84,18.8,3.0,10.0,2.4,2.4,0.0,27.7
2021-03-28,89,71,2,123,19,81,11.3,0.7,5.9,0.0,0.0,0.0,37.6
2021-03-29,223,185,8,310,52,166,15.5,-1.9,6.7,0.0,0.0,0.0,40.4
2021-03-30,302,248,9,279,48,155,19.5,8.3,12.7,0.5,0.5,0.0,36.8
2021-03-31,231,175,8,238,35,161,7.6,1.3,3.9,0.1,0.0,0.07,26.7
2021-04-01,325,148,4,280,41,145,1.4,-3.3,-0.7,0.0,0.0,0.0,31.0
2021-04-02,245,91,4,547,32,126,8.8,-4.8,2.7,0.0,0.0,0.0,23.5
2021-04-03,54,67,5,52,22,61,18.9,2.5,10.6,0.0,0.0,0.0,33.4
2021-04-04,29,64,0,66,10,42,19.0,4.1,12.6,0.0,0.0,0.0,20.2
2021-04-05,291,230,15,394,67,162,22.6,12.5,18.0,0.3,0.3,0.0,26.3
2021-04-06,229,251,6,491,61,158,26.6,13.2,20.4,0.0,0.0,0.0,28.9
2021-04-07,228,242,5,338,62,168,25.7,14.3,19.4,1.3,1.3,0.0,29.6
2021-04-08,266,197,23,508,41,132,17.4,11.1,14.8,13.7,13.7,0.0,29.3
2021-04-09,155,170,11,319,39,122,17.3,10.0,12.9,1.4,1.4,0.0,35.9
2021-04-10,46,75,13,122,10,64,12.1,7.0,9.1,10.1,10.1,0.0,22.1
2021-04-11,76,91,6,163,22,65,11.1,5.9,8.5,0.1,0.1,0.0,19.9
2021-04-12,285,231,11,449,71,165,16.7,8.2,12.1,1.8,1.8,0.0,30.3
2021-04-13,243,177,11,394,52,179,12.9,5.0,8.7,0.0,0.0,0.0,29.2
2021-04-14,168,152,8,342,44,146,9.2,1.9,5.8,0.0,0.0,0.0,22.2
2021-04-15,179,235,11,257,51,135,8.8,2.3,5.6,0.0,0.0,0.0,24.3
2021-04-16,120,220,7,387,31,151,8.2,3.6,5.7,0.0,0.0,0.0,17.7
2021-04-17,36,84,3,62,20,71,8.6,3.5,5.9,0.0,0.0,0.0,19.1
2021-04-18,54,92,3,109,21,83,16.3,1.0,9.3,0.2,0.2,0.0,17.7
2021-04-19,136,150,14,307,61,171,11.5,5.7,8.2,2.8,2.8,0.0,23.5
2021-04-20,173,170,10,737,40,143,5.1,1.6,3.1,2.9,0.0,2.03,20.6
2021-04-21,109,160,4,353,46,143,8.5,-1.6,2.7,2.5,0.9,1.12,18.5
2021-04-22,133,245,7,419,47,144,13.6,-1.2,6.4,0.0,0.0,0.0,24.5
2021-04-23,112,139,8,210,47,172,16.7,4.8,10.7,0.0,0.0,0.0,29.3
2021-04-24,45,110,2,109,24,71,13.3,8.7,10.7,2.2,2.2,0.0,24.5
2021-04-25,40,81,3,154,26,74,9.3,3.5,5.0,0.0,0.0,0.0,27.7
2021-04-26,132,203,8,517,82,153,24.2,3.4,14.2,0.0,0.0,0.0,38.9
2021-04-27,95,236,4,468,77,178,29.8,13.7,22.1,0.0,0.0,0.0,32.4
2021-04-28,150,158,20,403,57,143,20.8,6.6,10.6,8.8,8.8,0.0,23.7
2021-04-29,197,220,8,335,60,131,13.5,6.6,9.9,5.0,5.0,0.0,26.4
2021-04-30,124,181,11,200,55,123,12.3,5.1,7.8,0.0,0.0,0.0,37.0
2021-05-01,49,86,3,111,40,80,26.0,4.4,15.5,0.0,0.0,0.0,45.6
2021-05-02,42,90,7,93,55,56,28.0,16.0,21.9,0.1,0.1,0.0,38.5
2021-05-03,133,273,7,438,86,182,23.0,14.3,17.9,5.4,5.4,0.0,26.3
2021-05-04,180,239,9,354,37,177,15.9,9.3,11.1,0.7,0.7,0.0,26.2
2021-05-05,159,191,8,389,61,135,11.0,6.3,8.7,0.0,0.0,0.0,24.2
2021-05-06,117,248,8,304,38,162,10.0,6.9,8.4,6.8,6.8,0.0,25.8
2021-05-07,142,155,5,260,44,124,12.7,5.1,8.2,0.4,0.4,0.0,24.9
2021-05-08,38,58,4,76,30,61,9.1,2.7,6.7,4.3,3.9,0.28,20.6
2021-05-09,36,41,35,62,13,47,9.3,4.1,6.5,20.7,20.6,0.07,31.1
2021-05-10,112,222,24,348,64,133,7.6,3.9,6.2,0.4,0.4,0.0,23.7
2021-05-11,76,199,11,303,65,164,8.9,3.1,6.6,0.2,0.2,0.0,20.6
2021-05-12,110,205,6,250,76,112,13.2,3.7,9.1,0.0,0.0,0.0,15.5
2021-05-13,138,296,4,417,60,135,17.8,2.4,11.5,0.0,0.0,0.0,20.5
2021-05-14,154,227,12,233,54,142,19.5,6.5,13.9,0.0,0.0,0.0,18.4
2021-05-15,52,88,6,121,23,63,16.9,9.8,13.8,1.6,1.6,0.0,19.9
2021-05-16,38,89,5,168,34,52,20.7,9.3,15.3,0.0,0.0,0.0,18.7
2021-05-17,136,244,9,363,65,161,18.7,12.7,15.8,0.0,0.0,0.0,16.7
2021-05-18,103,271,9,265,66,141,23.4,13.3,18.3,4.4,4.4,0.0,25.5
2021-05-19,132,260,10,358,55,131,23.6,17.2,19.9,6.4,6.4,0.0,30.3
2021-05-20,97,309,9,369,57,145,28.4,18.4,23.5,0.0,0.0,0.0,28.0
2021-05-21,122,272,2,294,57,139,29.7,18.0,24.1,0.0,0.0,0.0,27.6
2021-05-22,30,142,4,67,25,48,30.6,17.6,25.0,0.2,0.2,0.0,24.3
2021-05-23,55,90,1,137,26,52,27.5,13.6,21.7,6.6,6.6,0.0,16.6
2021-05-24,103,330,9,329,73,128,30.4,13.1,22.2,0.2,0.2,0.0,27.4
2021-05-25,88,327,8,251,61,149,30.0,20.9,25.0,2.0,2.0,0.0,34.9
2021-05-26,124,271,15,314,81,134,27.5,15.0,21.7,2.6,2.6,0.0,26.5
2021-05-27,123,226,6,271,81,146,14.2,11.4,12.5,16.2,16.2,0.0,36.6
2021-05-28,93,142,14,285,104,129,10.7,7.6,9.2,9.1,9.1,0.0,42.0
2021-05-29,46,82,10,58,50,68,13.5,7.3,10.1,0.0,0.0,0.0,31.5
2021-05-30,62,81,3,148,27,46,17.9,6.3,13.0,0.0,0.0,0.0,16.2
2021-05-31,27,113,5,154,50,67,21.5,12.1,16.7,0.5,0.5,0.0,21.9
2021-06-01,131,349,9,519,97,147,22.1,9.1,16.1,0.0,0.0,0.0,16.7
2021-06-02,143,329,6,489,91,150,21.2,12.7,17.4,0.0,0.0,0.0,20.2
2021-06-03,108,347,6,338,62,129,29.2,11.5,21.4,0.0,0.0,0.0,20.2
2021-06-04,103,238,6,219,54,124,33.3,20.7,26.8,0.1,0.1,0.0,31.6
2021-06-05,48,88,3,114,37,90,33.2,19.9,27.4,0.0,0.0,0.0,30.8
2021-06-06,31,120,2,79,37,63,31.7,21.4,26.8,0.1,0.1,0.0,31.7
2021-06-07,100,365,5,553,93,154,26.2,21.3,23.1,24.2,24.2,0.0,22.0
2021-06-08,93,290,8,448,94,168,27.3,19.8,23.4,3.7,3.7,0.0,19.4
2021-06-09,86,336,11,309,69,157,24.6,17.1,21.4,1.0,1.0,0.0,16.8
2021-06-10,101,316,8,359,58,157,24.7,16.6,20.4,0.0,0.0,0.0,15.0
2021-06-11,65,281,5,239,49,145,28.3,18.8,23.5,0.0,0.0,0.0,15.5
2021-06-12,41,128,13,114,34,70,26.3,18.2,22.3,0.8,0.8,0.0,17.8
2021-06-13,33,117,1,143,54,55,26.1,18.5,22.6,0.0,0.0,0.0,17.7
2021-06-14,115,333,11,308,117,161,23.2,18.5,21.7,0.0,0.0,0.0,28.9
2021-06-15,98,348,6,421,90,140,22.2,16.5,19.4,0.0,0.0,0.0,22.2
2021-06-16,87,308,11,462,95,156,21.8,15.1,18.6,0.0,0.0,0.0,20.9
2021-06-17,130,289,3,374,71,184,33.3,14.5,24.6,0.0,0.0,0.0,29.5
2021-06-18,107,226,16,203,387,130,32.4,20.8,27.0,0.3,0.3,0.0,29.5
2021-06-19,25,108,5,75,62,61,33.4,18.2,24.9,0.2,0.2,0.0,31.4
2021-06-20,23,94,7,91,40,53,28.7,17.4,22.6,12.5,12.5,0.0,18.9
2021-06-21,106,262,97,338,392,129,22.6,14.6,19.8,2.5,2.5,0.0,33.0
2021-06-22,141,338,16,478,204,171,22.5,12.6,17.9,0.0,0.0,0.0,25.4
2021-06-23,92,276,14,269,146,191,25.8,16.3,20.1,0.7,0.7,0.0,29.1
2021-06-24,91,264,18,336,130,164,25.4,19.1,22.0,2.6,2.6,0.0,39.4
2021-06-25,164,212,66,227,80,152,26.5,21.1,22.8,45.6,45.6,0.0,31.8
2021-06-26,35,87,273,127,90,41,27.3,22.2,23.8,41.8,41.8,0.0,34.5
2021-06-27,49,96,76,108,69,66,28.0,20.2,24.2,1.7,1.7,0.0,32.4
2021-06-28,135,309,114,248,144,131,26.0,20.1,23.2,11.4,11.4,0.0,15.7
2021-06-29,115,278,140,227,151,178,28.1,22.2,24.2,23.1,23.1,0.0,22.5
2021-06-30,143,296,100,361,127,149,26.5,21.7,23.5,12.3,12.3,0.0,12.9
2021-07-01,217,295,47,328,122,170,21.7,14.8,18.5,0.8,0.8,0.0,31.0
2021-07-02,128,252,24,200,129,139,19.1,14.5,16.9,0.0,0.0,0.0,22.4
2021-07-03,34,91,12,57,41,41,29.7,13.7,22.1,0.0,0.0,0.0,20.3
2021-07-04,33,80,2,77,27,47,31.8,20.2,25.9,0.0,0.0,0.0,19.8
2021-07-05,56,154,10,111,72,80,32.5,21.7,27.2,0.0,0.0,0.0,30.5
2021-07-06,111,370,26,344,153,167,32.4,23.0,27.4,2.5,2.5,0.0,22.5
2021-07-07,108,337,17,420,117,147,29.6,20.9,24.6,3.1,3.1,0.0,20.0
2021-07-08,146,318,14,289,150,166,20.5,16.5,18.0,9.0,9.0,0.0,27.2
2021-07-09,87,319,23,335,104,146,21.9,15.1,18.7,0.0,0.0,0.0,15.8
2021-07-10,49,103,3,104,27,68,22.8,18.2,20.5,8.1,8.1,0.0,21.5
2021-07-11,41,127,4,113,35,51,20.4,18.0,19.0,23.2,23.2,0.0,28.2
2021-07-12,166,377,17,438,115,173,22.6,18.3,20.2,19.4,19.4,0.0,17.7
2021-07-13,155,406,10,334,114,168,25.2,19.6,21.9,18.8,18.8,0.0,16.5
2021-07-14,134,325,9,372,109,150,29.5,19.8,24.5,0.2,0.2,0.0,27.6
2021-07-15,113,272,13,438,97,147,25.7,20.4,23.3,12.7,12.7,0.0,31.2
2021-07-16,111,251,9,259,81,146,20.5,18.3,19.7,5.4,5.4,0.0,23.3
2021-07-17,54,125,2,86,39,67,21.2,18.0,19.5,0.2,0.2,0.0,22.9
2021-07-18,35,126,1,173,33,61,24.4,18.8,21.6,0.9,0.9,0.0,17.9
2021-07-19,119,381,10,333,126,201,25.3,18.1,22.2,0.0,0.0,0.0,16.2
2021-07-20,148,386,8,502,113,158,29.6,18.8,23.1,0.0,0.0,0.0,26.4
2021-07-21,94,345,2,318,103,148,21.4,18.2,19.5,0.2,0.2,0.0,21.4
2021-07-22,119,301,4,294,92,173,27.3,17.5,22.8,0.4,0.4,0.0,16.6
2021-07-23,77,250,3,265,82,145,30.1,22.0,26.0,3.2,3.2,0.0,17.4
2021-07-24,36,94,14,118,88,64,32.5,22.8,27.3,2.5,2.5,0.0,28.2
2021-07-25,32,79,9,143,80,67,31.5,21.7,26.8,0.0,0.0,0.0,16.4
2021-07-26,107,335,17,469,151,146,31.9,20.0,26.7,0.0,0.0,0.0,15.3
2021-07-27,83,320,5,477,115,175,33.2,21.7,26.5,0.0,0.0,0.0,21.4
2021-07-28,139,309,11,294,189,137,32.1,23.5,27.9,0.3,0.3,0.0,19.7
2021-07-29,139,287,16,220,383,104,31.1,20.0,25.7,0.0,0.0,0.0,30.9
2021-07-30,75,237,11,269,151,135,20.2,17.7,19.2,0.3,0.3,0.0,29.5
2021-07-31,32,110,2,120,66,60,27.2,15.3,21.5,0.0,0.0,0.0,16.5
2021-08-01,28,99,1,87,52,66,22.2,18.4,20.7,1.1,1.1,0.0,25.3
2021-08-02,94,399,10,260,182,173,23.8,16.7,20.7,0.5,0.5,0.0,15.5
2021-08-03,93,302,3,432,139,156,25.9,16.0,22.0,0.5,0.5,0.0,12.9
2021-08-04,101,280,1,349,150,178,27.4,17.3,22.9,0.0,0.0,0.0,12.8
2021-08-05,80,341,3,538,121,160,30.1,17.6,24.4,0.0,0.0,0.0,22.3
2021-08-06,92,212,4,448,88,142,25.3,20.3,22.3,8.9,8.9,0.0,28.0
2021-08-07,54,101,3,108,43,52,29.6,19.1,24.4,13.3,13.3,0.0,21.2
2021-08-08,20,91,5,118,47,58,30.7,23.9,26.5,2.2,2.2,0.0,30.6
2021-08-09,123,280,3,357,135,157,27.4,22.0,23.7,41.8,41.8,0.0,30.9
2021-08-10,103,217,8,243,252,138,32.3,21.7,25.8,7.1,7.1,0.0,41.7
2021-08-11,88,234,18,345,563,136,31.0,22.9,25.3,12.0,12.0,0.0,42.4
2021-08-12,85,206,12,298,306,143,31.8,22.1,26.0,0.3,0.3,0.0,30.7
2021-08-13,54,269,3,359,203,110,25.2,20.4,23.2,0.6,0.6,0.0,17.7
2021-08-14,42,108,0,116,94,52,24.5,20.0,22.2,0.0,0.0,0.0,18.5
2021-08-15,19,118,2,108,53,56,24.4,16.8,21.2,0.0,0.0,0.0,16.8
2021-08-16,82,340,12,491,217,160,24.3,17.0,21.4,0.0,0.0,0.0,17.4
2021-08-17,61,326,10,212,176,161,26.0,19.2,22.9,0.6,0.6,0.0,15.9
2021-08-18,88,269,11,405,159,184,26.2,21.7,24.0,6.7,6.7,0.0,14.4
2021-08-19,71,251,9,305,146,144,27.3,22.1,24.7,1.8,1.8,0.0,14.0
2021-08-20,61,233,5,258,108,144,28.4,22.1,25.3,0.5,0.5,0.0,15.9
2021-08-21,36,84,1,200,47,62,30.8,22.4,26.4,1.0,1.0,0.0,21.9
2021-08-22,37,101,2,143,44,72,24.2,20.0,22.5,0.1,0.1,0.0,24.6
2021-08-23,112,276,8,465,151,153,31.8,18.8,24.8,1.8,1.8,0.0,15.2
2021-08-24,79,264,43,290,179,152,32.6,22.4,25.9,11.1,11.1,0.0,23.8
2021-08-25,75,238,44,286,142,145,32.5,22.9,27.0,16.4,16.4,0.0,29.7
2021-08-26,79,211,19,376,123,135,28.4,23.0,25.4,4.7,4.7,0.0,20.1
2021-08-27,77,199,14,335,120,120,31.4,22.3,26.3,1.4,1.4,0.0,19.1
2021-08-28,39,91,5,113,56,38,32.1,23.5,26.9,4.3,4.3,0.0,21.3
2021-08-29,28,95,2,82,39,67,30.5,23.7,26.4,2.4,2.4,0.0,30.8
2021-08-30,86,290,12,235,132,159,26.7,19.3,23.6,0.0,0.0,0.0,15.9
2021-08-31,82,300,11,393,107,160,25.9,18.8,23.1,0.0,0.0,0.0,25.2
2021-09-01,123,272,4,174,91,165,23.0,19.4,21.3,0.3,0.3,0.0,29.3
2021-09-02,83,257,5,177,93,142,23.9,16.3,20.9,0.0,0.0,0.0,19.2
2021-09-03,94,168,7,150,73,115,24.9,16.9,21.3,1.3,1.3,0.0,19.1
2021-09-04,24,102,4,81,28,62,25.0,19.7,21.4,4.1,4.1,0.0,21.2
2021-09-05,20,90,1,82,28,51,27.3,16.0,21.5,0.0,0.0,0.0,23.2
2021-09-06,30,111,4,231,39,50,23.7,16.6,20.7,0.0,0.0,0.0,22.5
2021-09-07,78,328,5,252,141,149,30.6,18.5,22.8,17.8,17.8,0.0,43.6
2021-09-08,97,288,5,291,125,173,24.8,15.4,19.9,0.0,0.0,0.0,27.0
2021-09-09,71,251,4,467,109,157,21.3,14.6,18.5,0.1,0.1,0.0,15.0
2021-09-10,57,191,8,484,64,143,25.5,14.8,20.2,0.0,0.0,0.0,19.2
2021-09-11,23,95,1,99,35,62,30.3,18.5,23.8,0.0,0.0,0.0,27.2
2021-09-12,31,119,2,107,33,58,31.7,20.2,24.6,0.0,0.0,0.0,25.2
2021-09-13,111,330,9,228,110,143,31.2,20.6,24.7,0.0,0.0,0.0,19.4
2021-09-14,76,286,3,436,106,177,30.3,19.8,25.3,0.2,0.2,0.0,33.0
2021-09-15,102,286,4,368,107,143,23.0,16.4,20.0,0.0,0.0,0.0,18.4
2021-09-16,71,306,4,222,88,141,26.3,14.5,20.9,0.0,0.0,0.0,17.7
2021-09-17,89,226,6,320,92,123,31.1,17.5,24.4,0.0,0.0,0.0,28.8
2021-09-18,25,94,5,136,62,55,22.2,19.7,21.0,0.0,0.0,0.0,26.7
2021-09-19,26,108,0,224,25,61,28.6,18.3,23.7,0.3,0.3,0.0,19.8
2021-09-20,72,253,11,450,107,175,26.8,21.4,23.5,11.6,11.6,0.0,30.6
2021-09-21,76,232,13,201,114,151,22.6,16.9,19.2,16.8,16.8,0.0,31.0
2021-09-22,90,257,4,142,96,110,16.6,14.7,15.5,2.8,2.8,0.0,47.5
2021-09-23,85,229,5,413,92,135,17.9,11.8,14.3,0.0,0.0,0.0,30.5
2021-09-24,54,297,6,160,69,120,23.9,12.0,17.9,0.8,0.8,0.0,35.9
2021-09-25,23,103,1,118,23,56,20.1,10.3,15.2,0.7,0.7,0.0,24.9
2021-09-26,25,85,1,131,25,44,26.1,13.4,19.4,0.0,0.0,0.0,31.4
2021-09-27,91,262,10,560,101,171,29.7,18.5,22.3,0.2,0.2,0.0,29.6
2021-09-28,79,271,6,256,87,155,20.3,17.7,19.0,0.0,0.0,0.0,20.3
2021-09-29,122,327,4,280,102,184,24.2,14.0,19.4,0.0,0.0,0.0,16.6
2021-09-30,58,248,5,272,88,141,24.0,15.2,19.9,0.0,0.0,0.0,16.2
2021-10-01,65,215,0,146,78,108,28.4,16.3,22.0,0.0,0.0,0.0,18.7
2021-10-02,27,118,3,93,24,63,23.2,19.2,20.9,18.1,18.1,0.0,23.3
2021-10-03,35,87,4,96,31,64,23.4,18.2,20.1,24.3,24.3,0.0,17.6
2021-10-04,75,299,4,260,78,145,19.3,16.0,18.0,11.7,11.7,0.0,26.8
2021-10-05,84,265,9,312,69,136,18.5,15.9,17.3,0.6,0.6,0.0,22.4
2021-10-06,69,356,8,342,88,176,19.5,16.7,18.1,2.6,2.6,0.0,21.1
2021-10-07,87,246,7,333,57,137,22.6,17.9,19.5,18.0,18.0,0.0,18.6
2021-10-08,70,239,15,207,72,112,22.2,16.3,18.7,12.2,12.2,0.0,15.3
2021-10-09,31,115,1,77,27,48,24.2,15.5,20.0,0.5,0.5,0.0,22.7
2021-10-10,25,86,2,117,18,45,25.6,20.7,22.6,0.3,0.3,0.0,29.7
2021-10-11,30,145,34,139,67,89,23.9,18.1,21.8,25.3,25.3,0.0,30.9
2021-10-12,78,257,36,378,82,120,21.4,14.7,17.7,0.7,0.7,0.0,33.3
2021-10-13,103,275,11,162,93,146,21.6,13.5,17.4,1.3,1.3,0.0,28.4
2021-10-14,101,241,15,154,102,144,21.0,14.7,19.0,14.7,14.7,0.0,27.5
2021-10-15,72,229,9,266,33,119,17.2,12.2,14.3,2.1,2.1,0.0,24.6
2021-10-16,30,95,3,77,21,62,14.4,7.8,11.0,0.0,0.0,0.0,29.9
2021-10-17,21,101,2,63,24,75,17.6,7.0,11.6,0.0,0.0,0.0,22.0
2021-10-18,115,277,5,362,67,186,20.5,6.7,13.1,0.0,0.0,0.0,15.4
2021-10-19,93,256,3,189,82,136,19.9,11.2,14.8,0.0,0.0,0.0,19.8
2021-10-20,81,227,9,155,66,121,21.1,11.7,16.2,0.4,0.4,0.0,27.9
2021-10-21,68,275,3,248,59,138,16.9,9.8,12.4,2.8,2.8,0.0,31.7
2021-10-22,67,214,6,152,68,126,13.0,6.9,9.7,0.0,0.0,0.0,15.5
2021-10-23,25,94,3,105,29,78,12.3,6.6,8.9,0.0,0.0,0.0,16.8
2021-10-24,24,59,24,115,39,37,10.6,6.1,9.3,38.5,38.5,0.0,45.3
2021-10-25,75,199,106,464,467,106,11.1,9.9,10.5,23.1,23.1,0.0,51.5
2021-10-26,72,228,17,575,244,135,12.2,7.4,10.1,0.0,0.0,0.0,27.3
2021-10-27,73,221,13,182,174,122,11.6,5.8,9.3,0.0,0.0,0.0,23.3
2021-10-28,66,214,10,226,119,137,13.3,9.1,11.4,10.3,10.3,0.0,28.5
2021-10-29,71,174,13,248,83,103,13.0,12.2,12.5,24.0,24.0,0.0,34.6
2021-10-30,42,69,11,69,55,68,13.1,9.5,11.7,1.4,1.4,0.0,33.6
2021-10-31,13,41,3,45,20,36,11.9,5.0,8.8,0.0,0.0,0.0,27.8
2021-11-01,82,202,11,188,101,116,8.9,2.3,5.3,0.0,0.0,0.0,27.4
2021-11-02,94,196,7,138,65,122,7.4,0.6,3.7,0.0,0.0,0.0,25.7
2021-11-03,82,172,7,336,77,118,6.6,-0.7,3.0,0.0,0.0,0.0,14.3
2021-11-04,85,175,9,362,91,155,7.8,-0.8,3.4,0.0,0.0,0.0,13.2
2021-11-05,53,151,7,100,66,109,10.1,0.5,4.7,0.0,0.0,0.0,22.4
2021-11-06,23,52,4,73,35,61,13.4,2.7,7.6,0.0,0.0,0.0,24.0
2021-11-07,16,48,4,74,30,60,17.0,5.8,10.8,0.0,0.0,0.0,25.5
2021-11-08,97,207,5,415,98,153,17.2,8.8,12.0,0.0,0.0,0.0,24.7
2021-11-09,118,228,11,614,70,182,12.6,8.6,10.9,0.0,0.0,0.0,22.1
2021-11-10,76,270,12,211,98,150,12.7,7.3,10.1,0.1,0.1,0.0,24.9
2021-11-11,41,128,11,135,43,77,12.7,5.7,10.6,11.7,11.7,0.0,40.0
2021-11-12,57,198,10,331,48,111,6.3,1.6,4.1,0.7,0.6,0.07,37.0
2021-11-13,23,78,1,98,16,61,5.0,1.3,3.0,0.2,0.0,0.14,27.3
2021-11-14,29,46,5,73,21,63,3.4,0.1,2.2,3.8,0.8,2.1,37.2
2021-11-15,77,167,9,215,40,148,1.9,-2.9,-0.1,0.8,0.0,0.56,21.5
2021-11-16,127,194,3,243,58,140,10.2,0.6,5.0,0.0,0.0,0.0,30.5
2021-11-17,113,167,4,343,48,159,15.7,6.3,12.0,8.6,8.6,0.0,31.6
2021-11-18,64,134,8,153,34,146,5.9,-0.3,1.6,0.0,0.0,0.0,39.7
2021-11-19,64,103,9,292,30,123,3.3,-3.6,0.1,0.0,0.0,0.0,21.0
2021-11-20,32,73,1,108,21,61,8.8,1.4,4.2,0.0,0.0,0.0,23.2
2021-11-21,33,55,4,143,19,58,11.5,0.1,4.8,0.3,0.3,0.0,32.4
2021-11-22,44,150,7,281,28,149,1.3,-4.9,-2.0,0.0,0.0,0.0,24.6
2021-11-23,58,136,5,206,34,118,5.3,-5.6,-0.1,0.0,0.0,0.0,29.5
2021-11-24,77,101,6,151,28,119,9.9,1.6,6.0,0.3,0.3,0.0,33.0
2021-11-25,13,24,2,87,3,39,8.8,-4.2,4.2,3.9,3.9,0.0,31.9
2021-11-26,26,51,4,162,21,84,-0.6,-7.2,-3.9,0.0,0.0,0.0,24.3
2021-11-27,17,43,2,109,14,60,4.4,-2.0,0.8,0.7,0.7,0.0,22.4
2021-11-28,20,89,2,220,16,72,2.5,-2.9,-0.4,0.0,0.0,0.0,31.7
2021-11-29,149,154,6,491,30,143,3.7,-4.7,-0.0,0.6,0.2,0.28,27.1
2021-11-30,82,133,8,288,38,172,8.8,-0.3,3.6,0.0,0.0,0.0,24.3
2021-12-01,72,224,2,189,32,164,9.4,1.7,5.4,0.4,0.4,0.0,27.8
2021-12-02,84,145,6,340,44,157,13.2,3.0,8.7,0.8,0.8,0.0,33.8
2021-12-03,70,140,7,299,26,140,8.0,4.0,5.5,0.5,0.4,0.07,15.5
2021-12-04,27,40,2,126,31,71,4.7,-1.1,2.2,0.0,0.0,0.0,16.4
2021-12-05,19,50,5,63,14,58,8.6,1.4,3.8,5.4,5.4,0.0,27.5
2021-12-06,68,143,10,407,31,152,3.7,-8.3,-1.4,0.0,0.0,0.0,40.5
2021-12-07,89,138,3,229,24,140,-3.6,-9.9,-6.8,0.0,0.0,0.0,23.1
2021-12-08,55,126,11,153,39,140,0.7,-5.8,-2.7,0.0,0.0,0.0,20.4
2021-12-09,71,134,5,140,27,141,7.1,-3.1,1.9,0.0,0.0,0.0,31.4
2021-12-10,46,106,13,176,31,111,13.9,0.9,5.6,19.2,19.2,0.0,43.2
2021-12-11,16,43,12,86,59,64,14.4,0.4,5.7,3.0,3.0,0.0,48.3
2021-12-12,21,45,2,130,23,69,8.5,-0.3,3.5,0.0,0.0,0.0,32.0
2021-12-13,147,164,10,270,79,156,9.1,1.1,4.3,0.0,0.0,0.0,29.0
2021-12-14,67,129,8,199,42,157,10.2,-0.4,5.1,4.2,4.2,0.0,24.1
2021-12-15,86,144,4,192,78,140,17.7,9.1,14.0,0.7,0.7,0.0,51.4
2021-12-16,74,138,7,165,122,106,16.8,0.2,7.4,1.1,1.1,0.0,53.5
2021-12-17,81,97,3,151,44,112,3.5,-3.5,0.2,0.0,0.0,0.0,21.5
2021-12-18,15,52,4,111,18,86,4.1,-1.1,2.2,7.2,4.7,1.75,26.6
2021-12-19,22,52,2,121,30,62,2.2,-2.5,-0.6,0.0,0.0,0.0,24.1
2021-12-20,56,151,9,220,42,133,5.0,-1.8,0.6,0.0,0.0,0.0,27.1
2021-12-21,37,218,5,348,63,131,4.9,-1.9,0.6,0.0,0.0,0.0,30.0
2021-12-22,60,105,2,202,24,114,-0.8,-7.2,-4.0,0.0,0.0,0.0,30.4
2021-12-23,31,83,4,101,19,83,7.8,-3.3,1.8,0.2,0.0,0.14,25.0
2021-12-24,18,62,3,79,6,59,13.8,-1.0,7.2,0.0,0.0,0.0,31.0
2021-12-25,7,23,0,40,4,29,11.6,0.5,5.5,4.8,4.8,0.0,23.9
2021-12-26,14,39,1,170,5,74,4.7,-0.9,2.1,0.0,0.0,0.0,32.8
2021-12-27,67,125,18,292,40,105,9.9,-0.2,4.5,11.1,11.1,0.0,36.1
2021-12-28,32,193,9,105,25,157,2.7,-1.5,1.0,10.5,2.5,5.6,33.8
2021-12-29,46,116,15,190,30,118,2.3,0.0,1.3,1.4,0.0,0.98,18.9
2021-12-30,36,82,9,179,19,122,2.9,0.5,1.8,1.5,0.0,1.05,16.2
2021-12-31,17,55,6,127,12,99,6.7,-0.5,3.0,0.0,0.0,0.0,20.9
2022-01-01,9,24,4,87,2,56,4.2,-1.3,1.5,9.1,0.1,6.3,42.7
2022-01-02,12,35,3,87,4,52,-1.7,-11.7,-4.9,3.4,0.0,2.38,38.0
2022-01-03,54,80,7,730,11,116,-6.3,-15.7,-10.9,0.0,0.0,0.0,21.9
2022-01-04,139,123,3,691,15,153,0.8,-6.8,-3.1,0.0,0.0,0.0,29.4
2022-01-05,77,65,5,479,13,114,-0.5,-12.2,-7.6,0.1,0.0,0.07,44.9
2022-01-06,44,136,6,339,9,118,-10.5,-15.5,-12.7,0.0,0.0,0.0,29.3
2022-01-07,44,52,7,214,16,117,-10.9,-19.5,-15.4,0.0,0.0,0.0,23.8
2022-01-08,15,41,4,96,5,79,0.6,-13.0,-6.0,0.7,0.7,0.0,28.4
2022-01-09,13,33,9,52,5,61,1.0,-12.5,-4.9,0.6,0.6,0.0,31.1
2022-01-10,65,86,14,291,10,129,-8.4,-14.1,-11.3,0.2,0.0,0.14,23.0
2022-01-11,59,72,5,139,10,130,1.6,-15.0,-7.2,0.0,0.0,0.0,38.0
2022-01-12,92,73,12,266,11,155,4.8,-1.8,1.1,0.2,0.2,0.0,26.3
2022-01-13,99,116,6,400,15,137,3.5,-3.3,0.3,0.0,0.0,0.0,16.6
2022-01-14,73,81,6,382,16,151,1.2,-3.0,-0.7,0.4,0.0,0.28,28.8
2022-01-15,15,29,4,77,6,85,-3.2,-6.1,-5.1,1.0,0.0,0.7,31.2
2022-01-16,17,43,3,84,6,75,-3.1,-11.4,-6.4,0.4,0.0,0.28,14.7
2022-01-17,41,43,8,95,6,120,-1.4,-5.4,-3.7,0.0,0.0,0.0,27.3
2022-01-18,111,128,11,230,18,199,5.8,-7.4,-0.8,0.0,0.0,0.0,37.7
2022-01-19,129,113,6,193,22,147,4.3,-10.4,-4.2,0.0,0.0,0.0,35.0
2022-01-20,51,95,10,140,8,153,-7.8,-13.8,-10.4,0.0,0.0,0.0,24.5
2022-01-21,320,88,2,145,7,133,-3.8,-10.3,-7.5,0.0,0.0,0.0,21.2
2022-01-22,33,35,5,94,2,81,0.7,-7.8,-4.7,0.4,0.0,0.28,30.3
2022-01-23,23,25,7,110,6,53,-4.2,-17.2,-8.6,6.9,0.0,4.83,31.2
2022-01-24,66,53,9,335,6,123,-2.8,-17.5,-8.0,3.5,0.0,2.45,25.4
2022-01-25,150,51,6,257,15,125,-12.5,-19.1,-15.6,0.0,0.0,0.0,22.3
2022-01-26,130,68,9,185,5,146,-12.7,-24.5,-18.9,0.0,0.0,0.0,25.5
2022-01-27,246,292,10,149,3,156,-0.9,-12.4,-5.3,0.4,0.0,0.28,28.4
2022-01-28,52,49,6,238,5,71,-2.7,-14.9,-6.5,4.1,0.0,2.87,25.3
2022-01-29,36,15,4,85,2,84,-7.9,-18.8,-13.0,0.0,0.0,0.0,17.9
2022-01-30,35,24,1,185,0,61,-1.7,-14.1,-7.1,0.1,0.0,0.07,16.7
2022-01-31,241,91,20,274,8,186,-1.1,-7.5,-3.8,0.0,0.0,0.0,25.8
2022-02-01,248,88,9,192,9,245,6.1,-1.9,2.2,5.2,4.8,0.28,29.8
2022-02-02,60,44,7,70,2,52,0.6,-6.1,-4.4,16.7,0.0,11.76,39.1
2022-02-03,149,41,3,370,2,94,-3.6,-5.2,-4.6,2.5,0.0,1.75,38.9
2022-02-04,55,34,6,248,7,128,-5.3,-10.4,-7.8,0.3,0.0,0.21,24.6
2022-02-05,83,23,2,94,4,97,-10.2,-17.3,-13.1,0.0,0.0,0.0,31.7
2022-02-06,28,25,4,98,3,69,-2.8,-9.8,-5.9,0.0,0.0,0.0,29.9
2022-02-07,187,64,4,250,10,200,-3.3,-13.1,-6.6,0.0,0.0,0.0,22.1
2022-02-08,204,58,7,138,11,197,2.2,-15.7,-6.3,0.0,0.0,0.0,27.3
2022-02-09,282,56,16,202,8,192,3.9,-1.4,1.0,0.1,0.1,0.0,24.5
2022-02-10,446,73,7,171,5,212,-0.1,-4.7,-1.9,0.2,0.0,0.14,29.2
2022-02-11,252,75,9,152,5,168,6.0,-2.5,1.9,3.1,0.2,2.1,40.3
2022-02-12,71,23,6,152,4,71,-2.7,-11.1,-8.2,0.3,0.0,0.21,33.5
2022-02-13,48,16,3,67,1,77,-8.0,-13.3,-10.2,0.0,0.0,0.0,17.2
2022-02-14,179,79,12,171,8,186,-2.5,-11.0,-7.1,0.0,0.0,0.0,14.1
2022-02-15,282,106,6,230,11,185,3.1,-8.1,-2.8,0.0,0.0,0.0,33.9
2022-02-16,322,154,31,183,8,235,13.1,4.6,8.6,14.6,14.6,0.0,42.7
2022-02-17,364,78,110,244,10,147,6.1,-7.2,-1.6,20.4,13.4,4.9,45.5
2022-02-18,113,63,42,146,4,118,-1.6,-17.5,-7.7,0.1,0.0,0.07,44.3
2022-02-19,92,43,8,56,1,87,-0.9,-14.2,-9.6,0.3,0.0,0.21,40.4
2022-02-20,67,43,2,82,5,78,10.3,-10.2,0.9,0.0,0.0,0.0,41.4
2022-02-21,251,106,13,164,12,166,11.3,-2.3,3.2,0.0,0.0,0.0,21.7
2022-02-22,302,98,104,169,11,181,11.5,-4.5,3.3,12.8,12.8,0.0,29.4
2022-02-23,589,120,44,199,11,214,-3.9,-8.3,-5.7,0.1,0.0,0.07,27.9
2022-02-24,445,93,14,199,12,170,-2.3,-4.5,-3.4,2.6,0.0,1.82,24.5
2022-02-25,511,72,12,152,3,115,-2.8,-6.0,-3.7,3.1,0.0,2.17,21.0
2022-02-26,145,29,9,86,4,89,1.4,-13.0,-5.3,0.0,0.0,0.0,24.6
2022-02-27,137,53,5,154,5,78,5.9,-3.9,-0.4,0.0,0.0,0.0,27.5
2022-02-28,461,97,15,231,32,187,12.1,-4.0,2.8,0.0,0.0,0.0,32.4
2022-03-01,458,206,12,341,15,232,7.6,0.4,3.7,0.0,0.0,0.0,19.9
2022-03-02,453,176,10,410,27,208,12.2,-1.9,3.2,0.5,0.5,0.0,26.0
2022-03-03,499,153,7,339,25,212,0.9,-2.7,-1.4,0.0,0.0,0.0,27.2
2022-03-04,331,126,10,292,15,184,3.0,-4.0,-0.0,0.0,0.0,0.0,22.6
2022-03-05,139,84,2,95,22,120,20.0,2.2,11.2,5.7,5.7,0.0,43.1
2022-03-06,130,62,3,194,54,84,14.6,1.8,6.5,3.5,3.5,0.0,42.8
2022-03-07,167,94,22,132,24,120,2.1,-1.6,0.5,13.0,1.1,8.33,25.9
2022-03-08,455,143,16,564,53,207,3.3,-7.3,-1.9,0.0,0.0,0.0,18.8
2022-03-09,459,210,6,468,29,180,5.9,-3.4,0.5,0.0,0.0,0.0,20.8
2022-03-10,409,134,9,508,22,184,-2.6,-5.5,-3.9,1.2,0.0,0.84,20.8
2022-03-11,241,99,4,441,19,105,1.6,-8.1,-3.7,2.2,0.0,1.54,34.6
2022-03-12,58,31,1,578,3,73,-4.6,-12.3,-8.7,0.0,0.0,0.0,25.7
2022-03-13,114,57,5,95,9,99,10.8,-7.6,1.4,0.1,0.0,0.07,26.4
2022-03-14,478,158,11,311,40,175,15.3,-0.1,6.5,0.0,0.0,0.0,26.7
2022-03-15,530,183,6,373,34,190,5.6,-1.0,2.2,0.0,0.0,0.0,16.9
2022-03-16,533,194,7,415,47,184,19.3,0.2,9.8,0.0,0.0,0.0,29.1
2022-03-17,351,171,7,475,30,186,17.5,5.1,10.2,4.1,4.1,0.0,19.9
2022-03-18,305,128,14,328,18,139,4.8,3.1,4.0,18.5,18.5,0.0,30.2
2022-03-19,132,48,12,80,10,78,5.2,1.9,3.4,6.7,6.7,0.0,27.3
2022-03-20,195,66,9,135,26,78,14.8,-1.2,6.5,0.0,0.0,0.0,16.7
2022-03-21,503,192,17,401,47,199,21.1,4.0,12.2,0.0,0.0,0.0,26.6
2022-03-22,395,149,9,224,59,185,12.2,7.3,9.4,6.2,6.2,0.0,34.0
2022-03-23,402,154,23,274,31,169,15.7,7.8,10.8,19.8,19.8,0.0,32.8
2022-03-24,398,197,33,286,31,147,8.1,3.6,5.7,3.4,3.4,0.0,30.3
2022-03-25,385,145,10,227,32,132,8.8,1.7,5.0,1.1,1.1,0.0,35.8
2022-03-26,187,51,5,101,14,76,1.2,-2.4,-0.3,0.0,0.0,0.0,32.5
2022-03-27,83,35,1,115,15,76,0.7,-4.8,-2.8,0.0,0.0,0.0,26.4
2022-03-28,460,136,13,322,30,142,-1.6,-5.0,-3.1,0.0,0.0,0.0,21.7
2022-03-29,341,144,10,333,34,164,4.7,-2.6,1.1,0.2,0.2,0.0,30.5
2022-03-30,416,212,48,204,57,176,16.2,4.1,11.0,34.9,34.9,0.0,49.8
2022-03-31,414,145,93,180,28,149,11.2,1.2,4.3,16.9,16.4,0.35,27.3
2022-04-01,505,139,25,180,29,160,4.4,-1.9,1.3,0.6,0.0,0.42,21.7
2022-04-02,189,61,6,101,20,70,5.7,-1.2,1.7,5.3,5.2,0.07,20.8
2022-04-03,215,62,3,126,17,75,6.4,-2.2,2.8,1.1,1.1,0.0,14.5
2022-04-04,561,186,15,263,48,153,12.4,3.8,7.8,9.7,9.7,0.0,28.5
2022-04-05,561,182,11,238,29,221,9.5,1.0,5.8,0.0,0.0,0.0,22.2
2022-04-06,510,141,26,267,30,166,13.7,7.0,10.2,15.2,15.2,0.0,41.4
2022-04-07,498,140,12,309,39,195,8.0,4.1,5.5,2.0,2.0,0.0,36.1
2022-04-08,347,127,12,395,34,141,4.1,1.1,2.7,5.1,3.7,0.98,25.9
2022-04-09,244,55,2,151,18,78,6.0,-1.4,2.5,0.2,0.0,0.14,22.7
2022-04-10,135,60,1,103,13,83,14.0,-1.3,7.5,0.0,0.0,0.0,32.6
2022-04-11,374,165,12,290,53,161,14.8,5.7,11.9,2.5,2.5,0.0,33.1
2022-04-12,418,162,5,366,46,171,18.3,3.0,11.5,0.6,0.6,0.0,36.7
2022-04-13,288,160,16,220,56,193,21.7,6.9,16.9,18.7,18.7,0.0,42.1
2022-04-14,368,172,11,185,68,135,10.0,1.7,6.3,0.0,0.0,0.0,53.5
2022-04-15,244,119,4,396,46,149,12.0,3.0,7.0,1.1,0.6,0.35,28.0
2022-04-16,132,67,2,81,21,55,7.9,0.0,3.8,0.0,0.0,0.0,22.6
2022-04-17,94,56,3,70,21,71,3.7,-0.7,2.1,0.0,0.0,0.0,21.0
2022-04-18,423,144,8,299,43,150,6.6,1.3,2.9,6.6,3.8,1.96,34.7
2022-04-19,334,155,9,241,51,135,6.8,0.9,4.0,0.0,0.0,0.0,26.3
2022-04-20,279,152,5,268,39,155,10.5,3.6,7.3,5.1,5.1,0.0,38.4
2022-04-21,334,149,8,244,51,180,19.5,9.1,13.4,1.7,1.7,0.0,32.7
2022-04-22,253,131,18,201,28,119,14.5,7.1,10.6,3.8,3.8,0.0,32.9
2022-04-23,160,86,4,202,51,72,25.8,14.0,20.2,0.0,0.0,0.0,36.7
2022-04-24,159,67,6,105,22,69,22.0,13.8,19.3,5.0,5.0,0.0,41.7
2022-04-25,393,206,8,292,61,146,12.4,5.0,9.6,0.0,0.0,0.0,31.0
2022-04-26,345,222,3,215,82,148,10.9,2.7,5.7,0.0,0.0,0.0,33.6
2022-04-27,329,163,10,214,45,150,3.8,1.0,2.1,0.1,0.1,0.0,25.3
2022-04-28,394,169,7,265,33,150,8.6,2.2,6.2,1.2,1.2,0.0,23.5
2022-04-29,238,167,7,162,39,119,14.3,7.6,10.6,1.5,1.5,0.0,27.7
2022-04-30,90,74,16,144,19,73,19.8,9.4,13.7,29.8,29.8,0.0,34.7
2022-05-01,119,63,8,202,15,65,14.2,9.4,11.6,0.0,0.0,0.0,35.5
2022-05-02,314,186,19,541,55,179,13.1,7.4,9.8,0.1,0.1,0.0,19.1
2022-05-03,232,137,123,268,34,124,9.2,5.9,7.5,26.3,26.3,0.0,41.2
2022-05-04,315,161,27,222,46,135,8.9,4.2,6.5,0.0,0.0,0.0,35.4
2022-05-05,317,153,19,235,38,161,10.0,4.4,7.4,10.8,10.8,0.0,20.1
2022-05-06,232,141,20,224,17,97,8.7,7.5,8.1,7.7,7.7,0.0,32.7
2022-05-07,126,96,4,69,21,58,12.3,6.0,9.0,0.0,0.0,0.0,26.1
2022-05-08,102,46,1,115,21,64,16.5,6.1,12.0,0.0,0.0,0.0,25.2
2022-05-09,272,167,13,415,63,156,23.6,11.2,17.9,0.0,0.0,0.0,38.0
2022-05-10,247,173,8,191,49,137,29.4,17.8,23.4,2.5,2.5,0.0,29.9
2022-05-11,278,149,5,335,62,126,23.9,16.6,20.6,0.8,0.8,0.0,22.1
2022-05-12,225,190,4,309,52,160,29.7,19.5,24.1,0.0,0.0,0.0,24.6
2022-05-13,190,170,3,213,52,127,29.0,17.2,23.2,0.0,0.0,0.0,21.7
2022-05-14,76,95,5,146,36,71,24.3,16.2,19.8,0.0,0.0,0.0,16.9
2022-05-15,76,82,6,87,18,81,20.9,14.9,18.0,0.8,0.8,0.0,19.1
2022-05-16,215,262,4,354,77,146,24.6,12.3,18.8,0.1,0.1,0.0,30.0
2022-05-17,171,188,9,416,57,185,16.0,10.0,13.0,0.0,0.0,0.0,21.6
2022-05-18,232,165,6,326,45,164,15.9,11.2,12.9,7.2,7.2,0.0,22.1
2022-05-19,210,195,5,191,61,178,28.5,11.2,20.3,0.2,0.2,0.0,30.2
2022-05-20,192,280,4,512,66,132,30.5,14.0,22.4,17.8,17.8,0.0,46.7
2022-05-21,65,70,9,57,25,62,16.4,12.9,14.9,22.2,22.2,0.0,17.5
2022-05-22,78,86,1,199,34,68,16.1,10.1,13.0,0.1,0.1,0.0,22.4
2022-05-23,224,186,5,360,85,170,13.4,9.0,11.0,0.0,0.0,0.0,20.9
2022-05-24,221,178,9,377,80,157,15.4,8.8,12.0,0.0,0.0,0.0,26.2
2022-05-25,161,154,7,283,50,154,23.7,12.3,18.3,9.0,9.0,0.0,26.6
2022-05-26,213,183,10,313,56,162,23.7,16.7,20.4,3.8,3.8,0.0,25.5
2022-05-27,141,136,9,303,37,98,15.9,10.8,12.7,30.6,30.6,0.0,42.3
2022-05-28,52,72,5,123,29,63,20.6,9.2,15.9,0.0,0.0,0.0,22.3
2022-05-29,55,67,2,90,38,50,27.0,15.5,21.4,0.0,0.0,0.0,32.1
2022-05-30,44,69,3,213,60,64,29.1,19.7,24.6,0.0,0.0,0.0,33.8
2022-05-31,196,219,11,359,124,161,28.5,21.3,24.9,7.8,7.8,0.0,32.1
2022-06-01,213,206,9,321,71,154,20.8,14.8,17.7,1.3,1.3,0.0,18.7
2022-06-02,201,175,1,294,79,129,21.4,14.5,17.9,0.7,0.7,0.0,13.1
2022-06-03,152,192,7,173,60,113,26.7,14.1,20.2,0.0,0.0,0.0,24.6
2022-06-04,45,77,1,93,37,63,19.6,12.5,16.1,0.0,0.0,0.0,17.1
2022-06-05,55,105,1,198,32,65,21.8,15.2,18.0,0.6,0.6,0.0,16.7
2022-06-06,166,258,17,210,77,149,25.9,13.7,20.3,24.1,24.1,0.0,23.3
2022-06-07,154,177,21,232,94,155,15.2,11.7,13.6,0.2,0.2,0.0,28.4
2022-06-08,182,192,16,371,75,146,19.2,12.8,15.2,6.4,6.4,0.0,23.3
2022-06-09,198,216,10,310,64,128,24.6,11.4,17.5,0.0,0.0,0.0,21.9
2022-06-10,158,198,5,288,59,150,25.1,13.8,18.7,0.6,0.6,0.0,18.2
2022-06-11,59,100,4,172,32,76,23.2,13.1,18.7,0.0,0.0,0.0,16.6
2022-06-12,58,76,2,193,41,60,18.3,12.3,14.4,2.2,2.2,0.0,24.8
2022-06-13,172,215,7,318,284,176,29.5,12.6,20.4,7.7,7.7,0.0,29.8
2022-06-14,260,196,11,269,568,116,35.9,21.5,29.5,0.0,0.0,0.0,26.8
2022-06-15,133,219,9,242,369,136,35.8,25.6,30.9,0.0,0.0,0.0,39.0
2022-06-16,131,162,7,357,351,125,34.9,22.7,29.0,0.0,0.0,0.0,38.4
2022-06-17,157,220,5,256,245,124,28.3,18.8,24.2,0.0,0.0,0.0,22.7
2022-06-18,46,103,2,60,91,77,19.0,13.5,17.1,0.0,0.0,0.0,23.8
2022-06-19,32,65,1,134,58,54,29.8,13.0,21.8,0.0,0.0,0.0,22.3
2022-06-20,73,116,7,120,137,104,35.0,18.5,27.1,0.0,0.0,0.0,25.3
2022-06-21,160,203,5,178,201,156,37.4,22.4,29.9,0.0,0.0,0.0,30.1
2022-06-22,136,228,8,293,230,181,29.8,22.5,26.6,0.0,0.0,0.0,20.7
2022-06-23,180,178,4,165,150,152,26.0,18.5,23.1,0.0,0.0,0.0,18.8
2022-06-24,144,197,6,219,109,147,31.1,17.8,25.1,0.0,0.0,0.0,19.4
2022-06-25,35,98,1,71,55,80,26.1,20.2,22.8,18.4,18.4,0.0,25.8
2022-06-26,45,83,1,456,54,66,27.1,19.2,23.2,0.4,0.4,0.0,28.3
2022-06-27,142,253,8,261,149,190,22.4,15.5,18.8,0.0,0.0,0.0,21.0
2022-06-28,180,223,5,234,116,153,28.7,14.2,22.1,0.0,0.0,0.0,22.5
2022-06-29,141,210,8,287,121,164,27.5,19.1,23.4,2.4,2.4,0.0,20.3
2022-06-30,114,196,3,227,100,174,34.0,21.7,27.9,0.0,0.0,0.0,29.1
2022-07-01,112,169,7,357,112,136,27.4,19.6,23.2,0.3,0.3,0.0,24.8
2022-07-02,51,96,4,141,53,61,26.2,17.7,22.4,0.0,0.0,0.0,15.1
2022-07-03,29,65,2,143,30,56,27.6,17.6,23.2,0.0,0.0,0.0,15.1
2022-07-04,39,61,0,203,30,61,33.0,19.7,26.3,0.2,0.2,0.0,25.5
2022-07-05,179,180,29,297,339,146,29.5,21.0,25.8,16.7,16.7,0.0,24.4
2022-07-06,151,198,6,336,188,169,22.2,18.2,20.7,32.9,32.9,0.0,25.5
2022-07-07,137,192,9,228,156,191,26.8,18.2,22.7,0.0,0.0,0.0,18.4
2022-07-08,103,182,5,360,123,153,23.0,19.7,21.8,15.9,15.9,0.0,26.0
2022-07-09,48,110,2,109,64,89,22.0,18.3,20.2,0.0,0.0,0.0,27.6
2022-07-10,56,91,3,136,51,63,27.8,16.1,22.3,0.0,0.0,0.0,18.6
2022-07-11,150,290,7,373,195,162,30.1,20.3,24.9,0.0,0.0,0.0,29.2
2022-07-12,169,228,4,322,128,151,30.2,20.2,24.8,0.0,0.0,0.0,23.2
2022-07-13,137,194,6,410,159,163,25.4,18.9,21.5,0.4,0.4,0.0,23.5
2022-07-14,170,204,2,247,123,146,23.3,16.6,20.3,0.0,0.0,0.0,22.8
2022-07-15,67,143,11,268,77,92,24.6,18.4,21.0,23.9,23.9,0.0,22.3
2022-07-16,36,110,9,219,49,65,22.8,19.3,20.9,2.7,2.7,0.0,25.7
2022-07-17,46,99,260,155,58,55,23.4,19.8,21.4,2.6,2.6,0.0,21.7
2022-07-18,150,271,466,222,137,142,29.0,18.7,24.0,0.0,0.0,0.0,13.8
2022-07-19,130,250,152,326,125,162,30.3,20.0,25.5,0.0,0.0,0.0,28.7
2022-07-20,136,230,61,271,158,188,31.3,23.9,26.9,0.7,0.7,0.0,36.0
2022-07-21,195,186,33,374,111,148,30.5,20.2,25.6,3.0,3.0,0.0,29.9
2022-07-22,114,193,21,215,98,133,31.2,20.2,25.8,0.0,0.0,0.0,23.6
2022-07-23,55,69,78,122,88,63,30.3,20.8,25.6,12.1,12.1,0.0,32.1
2022-07-24,39,81,14,160,65,47,30.2,23.2,26.1,10.4,10.4,0.0,32.7
2022-07-25,199,232,28,289,179,165,22.7,19.3,21.2,0.2,0.2,0.0,16.6
2022-07-26,179,328,15,338,183,186,25.0,16.8,21.5,0.0,0.0,0.0,18.9
2022-07-27,148,238,35,420,150,172,28.8,20.3,23.8,1.1,1.1,0.0,23.0
2022-07-28,115,246,18,368,144,153,27.5,19.0,22.5,0.6,0.6,0.0,19.6
2022-07-29,132,205,8,184,113,132,26.4,16.2,21.4,0.2,0.2,0.0,19.0
2022-07-30,38,83,3,333,47,74,25.9,16.7,22.0,0.0,0.0,0.0,14.6
2022-07-31,35,75,2,141,41,57,28.6,17.6,23.6,0.0,0.0,0.0,21.7
2022-08-01,162,240,8,400,172,152,30.8,21.5,25.5,2.3,2.3,0.0,30.0
2022-08-02,126,251,5,268,122,137,30.8,18.6,25.0,0.0,0.0,0.0,24.3
2022-08-03,98,220,8,200,268,149,29.8,23.5,26.0,6.6,6.6,0.0,31.9
2022-08-04,111,227,8,315,248,146,26.1,20.8,23.2,2.3,2.3,0.0,23.5
2022-08-05,88,170,3,213,161,114,27.2,20.0,23.9,0.0,0.0,0.0,19.5
2022-08-06,33,82,4,115,80,76,32.4,22.1,27.2,3.8,3.8,0.0,20.3
2022-08-07,36,61,17,154,32,52,28.9,23.6,25.5,46.6,46.6,0.0,20.9
2022-08-08,96,197,23,314,145,139,27.8,19.3,23.3,16.3,16.3,0.0,30.2
2022-08-09,119,245,11,281,124,152,21.4,17.7,19.6,0.2,0.2,0.0,21.9
2022-08-10,120,248,7,294,116,142,26.1,14.8,21.1,0.0,0.0,0.0,14.0
2022-08-11,89,209,7,498,137,151,23.7,18.2,21.5,0.1,0.1,0.0,24.7
2022-08-12,92,163,10,191,115,119,24.0,17.4,20.7,0.0,0.0,0.0,18.4
2022-08-13,33,104,2,107,49,59,25.6,16.6,21.1,1.8,1.8,0.0,30.5
2022-08-14,37,76,4,130,50,76,23.1,19.1,20.8,1.1,1.1,0.0,27.1
2022-08-15,98,247,10,212,132,145,23.0,18.9,20.6,0.8,0.8,0.0,22.5
2022-08-16,121,246,7,359,155,165,23.5,19.0,21.0,0.0,0.0,0.0,22.2
2022-08-17,123,223,10,233,120,165,24.5,17.1,21.0,0.1,0.1,0.0,17.8
2022-08-18,77,203,5,327,122,137,26.9,16.0,22.1,0.3,0.3,0.0,11.6
2022-08-19,83,206,9,342,75,133,29.8,18.8,23.9,0.0,0.0,0.0,21.7
2022-08-20,32,58,3,260,35,65,26.0,19.5,22.0,19.5,19.5,0.0,21.9
2022-08-21,31,104,5,321,34,68,22.4,18.6,20.5,15.2,15.2,0.0,23.1
2022-08-22,99,262,0,394,120,161,23.8,17.5,21.0,0.1,0.1,0.0,14.8
2022-08-23,115,223,8,235,94,136,26.0,16.9,21.6,0.0,0.0,0.0,13.3
2022-08-24,113,254,2,405,104,145,26.7,17.4,22.4,0.0,0.0,0.0,17.3
2022-08-25,100,278,5,434,100,154,28.1,18.1,22.1,9.0,9.0,0.0,22.7
2022-08-26,67,168,9,228,115,125,21.8,17.6,20.3,0.0,0.0,0.0,22.6
2022-08-27,25,87,3,118,40,82,24.8,16.2,20.5,0.0,0.0,0.0,18.7
2022-08-28,44,86,1,171,51,46,31.0,20.2,24.3,17.8,17.8,0.0,28.1
2022-08-29,102,280,9,471,396,134,32.3,22.6,25.8,0.3,0.3,0.0,28.9
2022-08-30,99,250,5,234,264,170,26.9,18.8,22.5,0.0,0.0,0.0,24.3
2022-08-31,98,265,10,527,227,158,29.4,16.5,22.7,0.0,0.0,0.0,21.9
2022-09-01,133,215,3,266,152,150,30.8,19.4,24.8,0.0,0.0,0.0,16.9
2022-09-02,74,287,4,237,118,137,30.1,20.9,25.1,0.0,0.0,0.0,23.3
2022-09-03,20,71,5,112,52,57,26.7,19.5,22.6,0.5,0.5,0.0,26.7
2022-09-04,42,108,6,108,29,58,22.2,19.2,20.6,3.8,3.8,0.0,27.9
2022-09-05,36,112,0,170,48,78,21.4,18.2,19.8,0.3,0.3,0.0,23.5
2022-09-06,140,223,6,372,123,168,24.0,19.3,21.4,1.1,1.1,0.0,16.8
2022-09-07,80,247,5,266,121,163,23.8,18.9,21.4,1.0,1.0,0.0,17.5
2022-09-08,115,249,10,218,100,182,27.3,15.6,21.8,0.0,0.0,0.0,14.5
2022-09-09,102,216,1,464,87,134,28.3,16.0,22.3,0.0,0.0,0.0,20.5
2022-09-10,32,78,6,134,46,67,28.0,16.4,22.7,0.0,0.0,0.0,12.7
2022-09-11,53,75,1038,75,47,50,21.4,14.7,19.0,47.6,47.6,0.0,54.0
2022-09-12,103,213,657,184,121,137,17.1,12.6,15.0,1.3,1.3,0.0,28.8
2022-09-13,90,217,368,270,117,152,22.9,14.0,18.4,0.5,0.5,0.0,20.5
2022-09-14,72,224,244,183,84,175,22.8,13.6,18.3,0.0,0.0,0.0,19.4
2022-09-15,87,251,93,346,117,136,27.4,15.4,21.3,0.0,0.0,0.0,15.8
2022-09-16,98,213,115,395,80,120,28.3,17.6,22.5,0.0,0.0,0.0,21.0
2022-09-17,22,79,35,143,32,78,30.3,19.7,24.1,0.4,0.4,0.0,31.2
2022-09-18,37,91,21,100,33,45,29.6,20.8,24.3,5.2,5.2,0.0,23.9
2022-09-19,73,232,106,321,138,140,21.6,17.0,20.0,0.3,0.3,0.0,22.3
2022-09-20,113,237,50,552,124,146,30.9,16.3,22.0,9.2,9.2,0.0,25.5
2022-09-21,83,216,45,246,122,167,28.3,18.0,24.0,0.0,0.0,0.0,39.2
2022-09-22,76,167,21,267,81,190,17.1,13.1,15.0,0.0,0.0,0.0,29.1
2022-09-23,101,153,17,464,79,100,17.4,11.5,14.4,0.0,0.0,0.0,19.2
2022-09-24,38,76,4,230,32,82,22.6,13.0,16.8,5.8,5.8,0.0,23.6
2022-09-25,24,86,5,128,30,75,19.7,14.0,16.2,5.5,5.5,0.0,27.8
2022-09-26,89,226,13,623,89,142,16.5,10.9,13.4,0.1,0.1,0.0,30.1
2022-09-27,117,199,16,352,94,125,14.2,8.1,11.3,0.5,0.5,0.0,27.2
2022-09-28,102,219,10,220,70,126,13.4,10.1,11.7,0.1,0.1,0.0,25.4
2022-09-29,75,180,9,501,53,170,14.8,8.5,12.0,0.0,0.0,0.0,15.1
2022-09-30,90,165,10,285,69,135,16.1,8.3,12.8,0.0,0.0,0.0,17.2
2022-10-01,36,74,8,110,26,52,17.9,12.4,15.6,0.0,0.0,0.0,24.6
2022-10-02,18,87,0,104,34,69,16.3,13.5,14.7,0.0,0.0,0.0,25.5
2022-10-03,86,217,10,239,62,106,16.1,8.3,13.1,0.0,0.0,0.0,19.4
2022-10-04,84,233,15,209,83,162,21.5,6.9,14.4,0.0,0.0,0.0,12.1
2022-10-05,102,228,10,298,69,137,23.8,9.2,16.2,0.0,0.0,0.0,16.3
2022-10-06,64,169,7,549,79,146,23.8,12.4,16.6,2.1,2.1,0.0,39.1
2022-10-07,61,168,8,397,67,95,11.9,7.6,9.9,2.9,2.9,0.0,37.2
2022-10-08,17,73,1,159,23,45,13.9,3.1,8.7,0.0,0.0,0.0,27.2
2022-10-09,31,65,0,233,22,59,19.5,6.6,12.6,0.1,0.1,0.0,21.6
2022-10-10,39,131,7,139,40,103,19.6,7.6,13.6,0.0,0.0,0.0,16.2
2022-10-11,68,221,14,292,79,125,22.2,11.1,15.4,11.9,11.9,0.0,37.9
2022-10-12,73,159,11,189,75,106,20.8,10.8,15.3,6.4,6.4,0.0,42.5
2022-10-13,84,135,4,232,83,116,12.2,4.0,8.3,0.5,0.5,0.0,42.3
2022-10-14,61,130,4,214,58,118,15.0,2.8,7.9,3.9,3.9,0.0,38.8
2022-10-15,22,58,3,115,19,47,11.4,2.5,7.0,0.0,0.0,0.0,27.3
2022-10-16,31,54,6,173,33,53,12.7,5.6,9.0,0.0,0.0,0.0,29.4
2022-10-17,92,174,5,335,102,123,6.2,2.1,4.2,1.0,0.9,0.07,39.3
2022-10-18,75,173,7,318,64,143,7.6,1.2,4.5,0.2,0.0,0.14,36.3
2022-10-19,111,206,8,318,49,110,8.2,0.9,4.2,0.0,0.0,0.0,30.6
2022-10-20,101,181,9,276,78,119,14.6,0.9,6.8,0.0,0.0,0.0,21.1
2022-10-21,57,139,3,412,67,119,22.0,6.6,13.9,0.0,0.0,0.0,32.7
2022-10-22,23,66,2,182,31,69,24.5,13.3,18.4,0.0,0.0,0.0,30.3
2022-10-23,22,75,4,115,57,71,24.0,15.2,19.8,0.0,0.0,0.0,33.7
2022-10-24,74,189,7,369,86,122,22.8,16.4,19.7,2.3,2.3,0.0,33.6
2022-10-25,67,151,20,232,41,101,20.1,10.2,15.1,30.5,30.5,0.0,33.4
2022-10-26,92,192,15,137,81,128,12.1,6.3,8.7,12.3,12.3,0.0,34.3
2022-10-27,85,130,7,230,58,118,9.8,3.6,7.5,0.0,0.0,0.0,20.0
2022-10-28,80,117,4,304,48,127,11.7,6.5,8.8,0.0,0.0,0.0,19.0
2022-10-29,22,56,5,105,16,48,13.7,5.5,9.5,0.0,0.0,0.0,12.6
2022-10-30,20,67,1,193,20,53,13.5,6.5,10.5,7.0,7.0,0.0,14.6
2022-10-31,90,150,5,335,68,144,13.6,9.8,12.2,5.8,5.8,0.0,12.3
2022-11-01,88,152,4,214,57,129,18.6,6.9,11.6,0.0,0.0,0.0,15.3
2022-11-02,54,153,4,467,71,153,19.9,7.3,13.0,0.0,0.0,0.0,20.9
2022-11-03,111,177,5,288,65,137,20.9,11.3,15.6,0.0,0.0,0.0,31.0
2022-11-04,47,141,7,355,51,118,20.3,16.0,18.0,1.8,1.8,0.0,39.6
2022-11-05,29,43,4,157,281,50,19.5,7.2,14.0,14.1,14.1,0.0,54.6
2022-11-06,18,61,5,119,168,46,15.8,6.9,10.7,0.0,0.0,0.0,34.2
2022-11-07,84,165,9,298,278,176,10.2,3.8,7.4,0.0,0.0,0.0,19.8
2022-11-08,91,138,5,243,119,141,11.0,6.3,8.7,0.0,0.0,0.0,26.6
2022-11-09,70,170,7,342,110,166,19.6,7.8,13.3,0.4,0.4,0.0,26.0
2022-11-10,73,169,3,432,140,118,21.6,15.0,17.4,0.0,0.0,0.0,28.7
2022-11-11,60,83,4,222,40,83,14.9,0.4,7.9,0.0,0.0,0.0,23.8
2022-11-12,29,57,6,127,28,67,3.3,-0.1,1.4,0.0,0.0,0.0,24.1
2022-11-13,12,46,3,134,23,61,2.8,-2.2,0.2,0.0,0.0,0.0,21.4
2022-11-14,57,135,9,327,93,125,4.4,-3.4,1.0,0.0,0.0,0.0,23.2
2022-11-15,75,99,6,303,63,143,2.8,1.2,2.1,6.0,2.4,2.52,26.8
2022-11-16,73,104,6,185,50,125,2.0,-1.8,0.8,2.9,0.6,1.61,24.1
2022-11-17,87,106,11,167,44,134,2.1,-2.2,-0.6,0.2,0.0,0.14,38.3
2022-11-18,47,79,7,175,33,97,-2.2,-6.1,-3.5,0.2,0.0,0.14,32.3
2022-11-19,19,29,0,71,11,61,-1.2,-7.0,-4.8,0.0,0.0,0.0,38.6
2022-11-20,15,28,6,78,9,53,0.4,-9.8,-4.8,0.0,0.0,0.0,32.5
2022-11-21,85,80,6,530,51,121,7.4,-1.6,1.6,0.0,0.0,0.0,32.0
2022-11-22,99,93,6,157,33,140,9.2,-2.8,2.6,0.0,0.0,0.0,16.8
2022-11-23,86,126,10,189,37,96,12.1,-1.0,5.1,0.0,0.0,0.0,19.7
2022-11-24,15,27,6,74,10,45,11.0,2.6,6.6,0.0,0.0,0.0,19.4
2022-11-25,64,50,5,144,25,83,10.0,0.1,4.8,0.0,0.0,0.0,20.4
2022-11-26,14,37,2,63,18,61,11.5,1.0,5.3,0.0,0.0,0.0,25.3
2022-11-27,22,44,6,116,7,52,7.0,3.7,5.5,7.3,7.3,0.0,36.1
2022-11-28,114,137,15,284,56,148,8.0,-2.0,3.5,0.0,0.0,0.0,21.3
2022-11-29,79,144,18,542,45,158,13.9,3.2,8.3,5.7,5.7,0.0,36.8
2022-11-30,108,111,6,337,39,150,4.1,-5.7,-2.5,0.0,0.0,0.0,42.9
2022-12-01,75,90,10,146,26,109,1.8,-7.5,-3.2,0.0,0.0,0.0,25.6
2022-12-02,93,128,6,252,35,142,10.1,0.7,5.8,0.0,0.0,0.0,37.4
2022-12-03,19,33,5,63,8,72,9.5,-5.4,-0.7,0.3,0.3,0.0,41.1
2022-12-04,19,29,1,89,9,83,3.4,-6.3,-2.0,0.0,0.0,0.0,24.9
2022-12-05,92,126,11,327,41,169,6.2,-1.7,1.8,0.1,0.1,0.0,23.4
2022-12-06,134,126,5,652,44,181,6.6,1.9,4.4,0.0,0.0,0.0,16.3
2022-12-07,123,128,4,192,33,156,7.6,1.1,3.8,0.0,0.0,0.0,12.9
2022-12-08,110,116,4,210,30,163,5.2,2.0,3.4,0.0,0.0,0.0,20.6
2022-12-09,40,114,5,173,16,113,3.1,1.5,2.3,12.1,9.5,1.82,30.3
2022-12-10,27,50,4,115,7,43,4.1,2.3,3.1,0.0,0.0,0.0,18.4
2022-12-11,20,34,1,103,9,59,4.3,2.0,3.2,0.1,0.1,0.0,15.2
2022-12-12,141,142,4,448,34,179,5.1,2.6,3.7,0.3,0.3,0.0,19.8
2022-12-13,136,140,5,306,24,161,3.6,0.3,2.1,2.4,2.4,0.0,29.4
2022-12-14,154,112,18,261,19,141,7.3,2.3,4.2,20.6,20.6,0.0,35.7
2022-12-15,84,100,65,158,52,147,4.7,-0.6,2.1,15.3,14.5,0.56,31.1
2022-12-16,89,66,20,265,18,119,0.3,-3.0,-1.2,0.5,0.0,0.35,32.4
2022-12-17,21,20,9,100,6,58,-2.4,-5.7,-3.9,0.0,0.0,0.0,31.9
2022-12-18,18,26,4,147,7,34,-4.4,-9.8,-6.9,0.0,0.0,0.0,25.6
2022-12-19,250,87,15,239,11,158,-3.5,-11.9,-7.5,0.0,0.0,0.0,15.9
2022-12-20,154,71,4,248,15,176,2.2,-4.5,-2.1,0.0,0.0,0.0,16.6
2022-12-21,110,70,14,187,33,169,-0.3,-7.8,-3.7,0.0,0.0,0.0,18.0
2022-12-22,62,32,9,261,15,131,1.2,-18.3,-5.2,5.4,0.0,3.78,36.6
2022-12-23,8,23,7,75,7,51,-18.3,-23.3,-20.1,0.5,0.0,0.35,48.3
2022-12-24,7,7,10,15,2,10,-9.5,-18.6,-14.3,0.0,0.0,0.0,43.3
2022-12-25,10,8,7,18,1,15,-9.6,-16.1,-12.7,0.0,0.0,0.0,27.6
2022-12-26,8,24,12,70,6,41,-5.1,-11.2,-7.9,1.1,0.0,0.77,17.6
2022-12-27,137,37,19,115,5,115,-2.6,-12.4,-8.1,0.0,0.0,0.0,31.5
2022-12-28,163,51,18,144,12,124,7.1,-4.3,1.8,0.0,0.0,0.0,42.7
2022-12-29,111,68,29,136,15,152,13.6,5.8,9.6,0.0,0.0,0.0,35.6
2022-12-30,143,93,14,144,15,121,11.9,-1.1,5.8,0.3,0.3,0.0,34.6
2022-12-31,18,38,7,111,10,59,2.3,-2.8,-0.5,0.3,0.1,0.14,17.2
2023-01-01,25,25,2,128,6,37,8.5,1.2,4.1,3.3,3.3,0.0,17.1
2023-01-02,28,60,13,104,12,86,4.6,-0.5,2.1,0.3,0.3,0.0,18.1
2023-01-03,255,121,70,237,22,144,12.7,4.0,7.3,13.1,13.1,0.0,23.6
2023-01-04,239,133,29,259,31,185,8.8,0.2,2.6,0.0,0.0,0.0,23.0
2023-01-05,250,90,15,269,31,157,0.9,-0.4,0.2,1.3,0.1,0.91,21.3
2023-01-06,234,93,16,313,26,175,0.9,-3.8,-0.6,0.0,0.0,0.0,18.6
2023-01-07,17,13,3,39,7,27,0.7,-3.3,-1.2,0.0,0.0,0.0,15.3
2023-01-08,25,28,6,161,3,60,1.5,-3.1,-0.9,0.0,0.0,0.0,13.0
2023-01-09,311,133,11,418,38,182,5.7,-4.9,-0.3,0.0,0.0,0.0,20.2
2023-01-10,449,120,9,342,28,157,8.0,0.7,3.3,0.4,0.4,0.0,20.1
2023-01-11,347,147,10,304,28,193,10.6,0.7,5.7,0.0,0.0,0.0,21.0
2023-01-12,314,125,8,263,32,157,6.7,1.8,2.9,0.1,0.1,0.0,37.9
2023-01-13,363,96,5,305,19,126,1.4,-2.6,-0.7,0.8,0.2,0.49,35.7
2023-01-14,35,39,10,78,5,66,0.3,-5.7,-2.9,0.0,0.0,0.0,16.6
2023-01-15,51,31,2,133,9,91,5.1,-3.8,0.2,0.0,0.0,0.0,30.5
2023-01-16,46,81,4,132,9,132,8.7,2.4,5.0,8.8,8.8,0.0,28.4
2023-01-17,526,156,15,302,32,122,8.7,2.7,5.0,0.0,0.0,0.0,34.1
2023-01-18,193,117,4,310,35,185,3.5,-0.1,1.9,8.4,6.9,1.05,35.2
2023-01-19,253,132,11,283,34,131,5.3,1.3,3.3,9.6,9.0,0.42,38.2
2023-01-20,292,109,13,155,12,129,1.4,-2.7,0.2,0.2,0.2,0.0,26.7
2023-01-21,56,43,5,161,5,71,2.5,-2.8,-0.8,0.0,0.0,0.0,16.1
2023-01-22,85,30,9,104,8,49,0.8,-1.4,-0.6,2.5,0.0,1.75,19.2
2023-01-23,536,115,8,343,15,142,-0.3,-5.8,-2.9,0.1,0.0,0.07,28.7
2023-01-24,539,98,6,355,29,131,1.7,-3.4,-0.8,0.0,0.0,0.0,25.0
2023-01-25,241,75,14,103,25,130,0.9,-1.1,0.1,9.2,0.4,6.16,21.4
2023-01-26,211,77,6,317,14,107,-0.7,-7.6,-3.1,1.8,0.0,1.33,26.3
2023-01-27,202,57,8,106,24,128,2.9,-11.2,-4.4,0.3,0.0,0.21,39.6
2023-01-28,43,30,2,59,8,67,-0.8,-9.2,-4.7,1.9,0.0,1.33,24.2
2023-01-29,27,21,3,112,1,40,-0.6,-6.8,-2.9,1.7,0.0,1.26,29.6
2023-01-30,415,74,12,166,11,128,-7.7,-16.6,-11.2,1.1,0.0,0.77,23.5
2023-01-31,350,65,8,140,10,144,-10.3,-19.5,-15.4,0.0,0.0,0.0,17.2
2023-02-01,239,56,13,326,16,155,-2.9,-17.4,-9.9,0.0,0.0,0.0,23.7
2023-02-02,281,73,9,181,15,174,-0.2,-9.8,-4.9,0.0,0.0,0.0,27.1
2023-02-03,182,68,5,216,12,137,-10.4,-17.9,-13.7,0.0,0.0,0.0,30.5
2023-02-04,47,23,5,61,6,67,5.4,-10.3,-2.7,0.0,0.0,0.0,33.4
2023-02-05,48,27,6,115,8,74,5.8,-2.9,2.1,0.0,0.0,0.0,32.6
2023-02-06,285,100,16,283,30,193,5.2,-5.7,0.3,0.0,0.0,0.0,35.9
2023-02-07,364,102,13,280,36,206,9.7,-1.2,5.3,0.0,0.0,0.0,40.3
2023-02-08,301,105,12,229,32,198,5.5,-4.4,0.4,0.0,0.0,0.0,14.0
2023-02-09,263,117,73,287,27,172,9.3,1.7,3.6,19.2,19.2,0.0,31.0
2023-02-10,303,81,43,286,27,116,3.1,-4.2,0.7,0.1,0.1,0.0,23.4
2023-02-11,94,50,10,174,9,74,7.0,-6.2,-0.4,0.0,0.0,0.0,22.2
2023-02-12,77,52,3,179,8,65,10.0,-2.9,3.0,0.0,0.0,0.0,22.5
2023-02-13,361,98,21,229,33,116,9.8,0.8,4.5,0.0,0.0,0.0,22.5
2023-02-14,368,116,16,292,25,186,11.5,-0.1,5.8,2.5,2.5,0.0,45.7
2023-02-15,395,123,12,447,78,182,9.7,1.0,6.5,2.7,2.7,0.0,48.2
2023-02-16,252,90,11,273,35,120,1.9,-3.0,0.4,13.0,3.1,6.93,44.7
2023-02-17,247,101,14,133,28,103,-3.7,-7.8,-5.8,0.8,0.1,0.49,38.7
2023-02-18,96,41,4,146,29,82,7.4,-6.1,1.2,0.0,0.0,0.0,27.8
2023-02-19,75,37,2,106,9,76,10.4,2.8,5.6,0.0,0.0,0.0,30.9
2023-02-20,383,99,15,214,36,133,3.8,-1.9,1.8,0.0,0.0,0.0,22.5
2023-02-21,394,86,13,294,43,191,3.3,-3.8,-0.0,0.0,0.0,0.0,32.7
2023-02-22,248,100,56,272,19,141,1.9,0.0,0.8,31.0,31.0,0.0,36.1
2023-02-23,422,126,51,245,20,177,7.4,-3.8,2.1,0.1,0.1,0.0,37.6
2023-02-24,379,112,19,404,26,113,-3.1,-5.7,-4.3,1.4,0.0,0.98,23.0
2023-02-25,136,41,8,113,27,64,4.0,-2.7,-0.1,0.3,0.0,0.21,23.1
2023-02-26,131,38,3,82,13,63,6.8,-2.6,1.1,0.0,0.0,0.0,25.3
2023-02-27,371,128,94,271,26,145,14.7,2.1,7.5,19.1,19.1,0.0,38.2
2023-02-28,419,154,17,301,30,154,7.9,-0.2,3.7,0.0,0.0,0.0,25.2
2023-03-01,340,113,19,178,26,177,14.1,1.4,6.3,4.2,4.2,0.0,21.6
2023-03-02,376,103,16,304,28,143,4.3,0.1,1.6,0.0,0.0,0.0,22.0
2023-03-03,323,104,10,285,15,140,2.7,0.1,1.2,6.5,1.2,3.71,36.8
2023-03-04,92,47,7,146,5,73,8.8,-2.3,2.8,0.8,0.8,0.0,20.2
2023-03-05,96,53,7,81,20,63,5.1,-2.6,2.5,0.3,0.3,0.0,29.8
2023-03-06,184,94,19,136,12,125,12.9,2.7,6.0,9.6,7.4,1.54,30.6
2023-03-07,273,120,11,386,36,179,4.2,1.6,2.6,0.0,0.0,0.0,30.4
2023-03-08,369,125,7,231,25,151,4.6,0.7,2.4,0.0,0.0,0.0,23.7
2023-03-09,326,151,7,287,18,144,3.1,1.2,2.1,6.7,2.3,3.08,26.8
2023-03-10,285,93,9,116,20,129,1.7,0.5,1.0,6.6,0.9,3.99,27.7
2023-03-11,79,43,5,122,11,80,3.5,0.8,1.8,1.9,0.3,1.12,22.7
2023-03-12,80,33,7,74,7,46,3.4,-1.5,1.3,3.8,1.1,1.89,21.8
2023-03-13,419,85,12,279,23,152,0.7,-3.1,-1.5,1.2,0.0,0.91,43.3
2023-03-14,400,151,8,393,32,147,0.1,-6.8,-3.2,0.0,0.0,0.0,19.1
2023-03-15,460,104,11,271,22,179,9.4,-5.4,2.1,0.0,0.0,0.0,27.3
2023-03-16,300,101,2,293,23,171,10.1,2.9,6.4,2.6,2.6,0.0,29.3
2023-03-17,309,90,7,282,17,128,9.8,-4.3,1.9,3.2,3.2,0.0,36.0
2023-03-18,73,55,1,77,6,78,-2.9,-10.6,-6.4,0.0,0.0,0.0,35.4
2023-03-19,74,41,1,86,16,71,4.7,-7.4,-1.9,0.0,0.0,0.0,26.8
2023-03-20,309,129,19,270,25,182,9.9,-2.3,3.5,0.0,0.0,0.0,35.7
2023-03-21,355,171,6,261,47,157,10.0,0.9,5.4,0.0,0.0,0.0,27.4
2023-03-22,370,158,6,291,33,172,13.2,3.6,7.1,2.5,2.5,0.0,24.3
2023-03-23,295,184,4,321,18,140,6.0,1.7,3.4,2.7,2.7,0.0,36.0
2023-03-24,262,111,5,386,28,124,4.6,1.1,2.8,1.7,1.7,0.0,26.9
2023-03-25,70,51,16,90,18,66,5.6,0.8,2.5,17.6,16.1,1.05,39.5
2023-03-26,99,54,4,118,9,56,5.8,-1.4,2.7,0.3,0.2,0.07,25.0
2023-03-27,271,128,12,359,30,174,4.4,-1.0,2.1,0.0,0.0,0.0,28.7
2023-03-28,332,141,18,221,33,159,9.0,-2.8,2.9,0.6,0.6,0.0,18.9
2023-03-29,255,115,13,300,33,147,4.7,-2.5,1.4,0.2,0.1,0.07,24.5
2023-03-30,366,120,11,284,32,144,9.6,-2.7,3.0,0.0,0.0,0.0,35.3
2023-03-31,152,135,15,254,66,108,20.4,9.6,14.1,11.8,11.8,0.0,43.9
2023-04-01,77,54,8,138,81,61,11.7,0.5,4.6,1.3,1.3,0.0,38.2
2023-04-02,91,39,5,125,40,61,11.4,-2.2,5.3,0.0,0.0,0.0,29.9
2023-04-03,218,135,22,313,90,133,12.4,4.6,8.1,8.9,8.9,0.0,26.4
2023-04-04,239,118,21,236,120,96,20.9,5.1,11.0,11.3,11.3,0.0,45.2
2023-04-05,194,129,16,213,89,139,22.2,4.0,15.4,18.0,18.0,0.0,43.8
2023-04-06,247,107,7,249,66,122,10.9,0.3,5.2,0.0,0.0,0.0,22.7
2023-04-07,190,83,7,275,45,101,6.0,1.9,3.9,0.0,0.0,0.0,18.4
2023-04-08,89,57,2,112,54,51,12.8,2.1,7.3,0.0,0.0,0.0,16.7
2023-04-09,64,43,3,83,21,38,17.7,3.5,10.5,0.0,0.0,0.0,17.2
2023-04-10,198,143,9,367,80,123,19.8,5.9,12.6,0.0,0.0,0.0,19.7
2023-04-11,209,194,6,228,83,140,23.2,8.6,16.1,0.0,0.0,0.0,27.6
2023-04-12,239,186,6,310,84,156,24.7,12.5,18.7,0.0,0.0,0.0,34.8
2023-04-13,182,189,8,290,67,142,25.7,10.6,18.9,0.0,0.0,0.0,23.2
2023-04-14,164,127,7,312,58,127,24.7,10.5,17.5,0.2,0.2,0.0,18.5
2023-04-15,75,72,7,174,44,71,26.7,16.3,20.6,0.6,0.6,0.0,26.5
2023-04-16,78,62,4,151,28,44,16.1,2.2,9.1,7.0,6.9,0.07,44.3
2023-04-17,211,121,10,336,59,139,5.5,0.1,2.5,2.9,0.1,1.96,41.3
2023-04-18,165,147,13,236,56,134,13.0,-0.7,5.9,0.0,0.0,0.0,22.7
2023-04-19,171,155,15,262,47,142,19.8,5.2,10.1,1.0,1.0,0.0,25.6
2023-04-20,143,187,7,300,57,162,25.8,11.9,18.3,5.0,5.0,0.0,41.0
2023-04-21,149,135,5,254,63,129,16.0,5.8,10.8,0.0,0.0,0.0,28.8
2023-04-22,51,52,4,138,25,65,7.7,2.8,5.5,1.9,1.7,0.14,30.4
2023-04-23,55,52,5,130,14,62,6.2,1.6,3.7,2.9,2.8,0.07,20.8
2023-04-24,193,155,9,312,71,144,9.8,0.6,5.6,0.2,0.2,0.0,21.2
2023-04-25,142,133,9,213,46,134,6.5,2.9,4.9,4.0,3.9,0.07,26.0
2023-04-26,232,131,9,270,59,120,6.7,2.8,4.7,0.0,0.0,0.0,19.6
2023-04-27,119,152,8,280,57,145,15.7,1.3,8.6,0.0,0.0,0.0,19.7
2023-04-28,147,127,6,238,42,142,10.3,5.5,8.5,0.0,0.0,0.0,18.4
2023-04-29,65,76,3,82,10,58,14.8,2.9,9.0,3.0,3.0,0.0,27.4
2023-04-30,63,62,5,146,21,40,8.9,3.4,5.9,3.1,3.1,0.0,34.0
2023-05-01,157,123,10,270,42,168,8.1,4.1,5.5,5.9,5.9,0.0,39.8
2023-05-02,167,161,5,225,41,170,11.5,4.3,7.4,0.4,0.4,0.0,33.0
2023-05-03,131,139,8,241,43,171,8.1,3.0,6.2,0.0,0.0,0.0,29.8
2023-05-04,216,126,4,286,45,158,17.9,2.7,11.0,0.0,0.0,0.0,24.6
2023-05-05,163,155,6,285,44,127,23.9,10.1,16.7,0.0,0.0,0.0,27.5
2023-05-06,56,69,2,164,12,72,24.7,12.3,18.1,0.6,0.6,0.0,27.7
2023-05-07,37,70,2,67,37,71,24.6,8.5,16.9,1.7,1.7,0.0,29.3
2023-05-08,141,160,9,274,48,183,14.9,7.3,9.7,10.8,10.8,0.0,25.3
2023-05-09,217,148,7,302,72,132,13.1,7.4,10.0,0.0,0.0,0.0,17.7
2023-05-10,157,163,8,293,54,162,18.6,6.7,12.7,0.0,0.0,0.0,15.0
2023-05-11,124,164,3,265,87,149,23.4,11.6,16.8,0.0,0.0,0.0,17.3
2023-05-12,133,166,7,144,49,141,19.6,13.7,16.1,19.0,19.0,0.0,16.5
2023-05-13,50,69,8,122,19,67,15.3,11.6,13.2,1.0,1.0,0.0,19.4
2023-05-14,64,61,4,100,20,56,13.7,10.0,12.2,0.0,0.0,0.0,26.0
2023-05-15,113,139,8,421,61,173,13.3,8.6,11.2,0.0,0.0,0.0,19.6
2023-05-16,126,162,7,285,55,136,25.2,8.3,15.3,0.0,0.0,0.0,25.7
2023-05-17,117,158,8,302,61,161,12.8,7.5,9.8,0.0,0.0,0.0,27.6
2023-05-18,128,185,11,292,66,166,19.1,6.9,13.7,0.0,0.0,0.0,24.1
2023-05-19,112,153,8,284,52,109,23.4,11.7,17.4,5.2,5.2,0.0,26.5
2023-05-20,33,77,5,147,35,51,18.2,8.9,12.9,0.0,0.0,0.0,22.6
2023-05-21,53,94,2,124,40,50,22.6,10.8,16.7,0.0,0.0,0.0,21.3
2023-05-22,137,225,7,349,80,159,22.8,11.9,17.4,0.0,0.0,0.0,24.6
2023-05-23,112,186,6,280,70,147,26.2,14.4,19.7,0.0,0.0,0.0,21.2
2023-05-24,147,173,4,255,62,164,15.8,9.4,13.7,0.0,0.0,0.0,31.7
2023-05-25,181,152,4,252,77,181,13.4,8.3,10.6,0.0,0.0,0.0,27.7
2023-05-26,72,160,5,221,54,142,17.1,8.7,12.8,0.0,0.0,0.0,24.7
2023-05-27,26,55,4,92,37,58,19.7,9.2,14.8,0.0,0.0,0.0,21.9
2023-05-28,29,74,4,65,19,51,22.3,11.4,16.9,0.0,0.0,0.0,19.4
2023-05-29,30,99,5,125,36,61,22.9,11.8,17.6,0.0,0.0,0.0,18.0
2023-05-30,100,213,6,288,71,182,26.2,14.2,19.7,0.0,0.0,0.0,17.9
2023-05-31,100,203,17,251,76,147,30.2,16.3,23.1,2.5,2.5,0.0,21.5
2023-06-01,137,191,3,295,54,163,30.2,18.2,23.9,0.0,0.0,0.0,23.5
2023-06-02,91,189,8,260,55,176,27.3,16.3,21.6,0.0,0.0,0.0,20.2
2023-06-03,51,69,1,90,36,73,25.6,15.9,19.8,0.0,0.0,0.0,25.3
2023-06-04,34,91,4,131,54,76,23.1,15.2,19.1,0.0,0.0,0.0,25.2
2023-06-05,90,215,10,316,117,180,25.1,12.7,19.6,0.0,0.0,0.0,18.3
2023-06-06,94,238,5,274,66,186,20.4,14.1,17.6,0.2,0.2,0.0,26.6
2023-06-07,97,201,7,294,95,235,19.0,13.3,16.0,0.0,0.0,0.0,27.8
2023-06-08,119,139,2,337,89,193,19.7,12.4,16.3,0.0,0.0,0.0,19.5
2023-06-09,98,238,4,290,80,138,23.4,12.9,18.8,0.0,0.0,0.0,21.1
2023-06-10,27,80,0,136,44,75,28.9,15.5,22.7,0.0,0.0,0.0,18.3
2023-06-11,36,49,1,89,47,57,20.6,11.3,14.1,4.4,4.4,0.0,40.3
2023-06-12,209,221,11,406,110,184,18.9,9.7,13.9,1.1,1.1,0.0,32.1
2023-06-13,117,171,10,260,88,157,19.4,12.8,16.0,10.8,10.8,0.0,29.8
2023-06-14,130,172,15,215,99,139,19.1,14.0,16.1,0.0,0.0,0.0,17.7
2023-06-15,104,184,9,303,100,159,27.2,11.2,16.5,0.2,0.2,0.0,29.8
2023-06-16,91,175,7,367,91,122,17.3,11.2,13.5,0.0,0.0,0.0,26.3
2023-06-17,39,73,3,92,45,64,22.5,11.0,17.0,0.0,0.0,0.0,17.5
2023-06-18,55,67,5,141,36,62,25.7,15.0,20.6,0.0,0.0,0.0,25.1
2023-06-19,56,160,5,170,79,125,25.9,17.4,21.0,0.0,0.0,0.0,23.7
2023-06-20,84,249,8,354,118,134,23.0,15.8,19.0,0.0,0.0,0.0,27.4
2023-06-21,101,195,11,241,114,159,26.3,15.9,20.8,0.0,0.0,0.0,26.0
2023-06-22,73,246,7,176,97,139,25.0,17.1,20.9,0.0,0.0,0.0,21.0
2023-06-23,73,195,3,153,72,117,25.3,17.3,21.5,0.0,0.0,0.0,19.5
2023-06-24,38,84,4,78,53,54,28.7,17.3,23.6,0.0,0.0,0.0,23.4
2023-06-25,46,74,27,291,120,78,29.5,19.8,24.1,7.1,7.1,0.0,37.6
2023-06-26,109,225,14,189,194,148,24.3,19.2,21.3,5.1,5.1,0.0,28.0
2023-06-27,127,215,13,213,161,173,20.6,16.1,18.8,0.2,0.2,0.0,25.6
2023-06-28,142,226,13,292,111,168,25.4,13.7,20.2,0.1,0.1,0.0,18.9
2023-06-29,98,154,14,318,132,134,30.3,20.1,24.0,32.8,32.8,0.0,21.2
2023-06-30,81,148,3,136,120,120,30.7,21.4,25.2,0.0,0.0,0.0,15.0
2023-07-01,37,68,11,210,57,53,26.6,21.1,22.6,23.4,23.4,0.0,15.0
2023-07-02,34,57,1337,190,84,47,21.4,16.9,18.8,137.8,137.8,0.0,42.0
2023-07-03,63,121,1353,140,123,85,23.7,16.5,20.5,0.0,0.0,0.0,16.6
2023-07-04,34,81,887,98,61,48,29.6,18.3,24.5,0.1,0.1,0.0,15.5
2023-07-05,120,200,2004,224,223,109,29.7,21.0,24.4,38.9,38.9,0.0,19.6
2023-07-06,111,195,1188,275,239,127,21.4,18.1,20.3,1.0,1.0,0.0,19.3
2023-07-07,126,196,802,250,145,120,23.1,17.7,20.4,0.1,0.1,0.0,17.1
2023-07-08,49,104,298,99,73,84,20.6,17.3,18.8,7.8,7.8,0.0,20.0
2023-07-09,57,89,202,136,78,55,26.1,15.4,21.2,0.3,0.3,0.0,16.0
2023-07-10,108,284,675,287,176,181,29.1,16.7,23.2,0.0,0.0,0.0,22.3
2023-07-11,104,225,628,233,207,137,28.8,18.4,21.4,7.0,7.0,0.0,25.8
2023-07-12,100,272,821,241,131,120,25.3,17.2,20.1,33.8,33.8,0.0,29.6
2023-07-13,122,221,433,286,162,127,23.4,16.0,19.4,0.0,0.0,0.0,16.3
2023-07-14,113,184,290,245,168,129,31.0,19.5,24.2,6.1,6.1,0.0,25.9
2023-07-15,47,75,110,95,230,46,28.3,20.4,23.6,5.8,5.8,0.0,16.0
2023-07-16,52,92,87,159,99,77,27.7,18.8,23.0,0.0,0.0,0.0,26.8
2023-07-17,124,241,194,297,277,140,23.5,18.2,21.0,0.0,0.0,0.0,19.3
2023-07-18,99,238,212,269,176,132,22.8,16.4,20.0,0.0,0.0,0.0,16.4
2023-07-19,113,220,154,306,200,149,25.8,15.3,21.4,0.0,0.0,0.0,14.4
2023-07-20,120,203,115,313,168,130,30.0,19.5,23.6,0.9,0.9,0.0,27.2
2023-07-21,104,159,98,297,146,130,23.6,18.3,20.6,0.1,0.1,0.0,21.5
2023-07-22,45,104,28,183,51,58,28.3,16.7,22.4,0.0,0.0,0.0,12.8
2023-07-23,41,89,25,74,67,61,26.3,18.0,22.4,0.0,0.0,0.0,15.0
2023-07-24,162,290,115,326,179,140,27.9,18.7,23.1,0.0,0.0,0.0,17.9
2023-07-25,143,235,220,256,149,131,30.9,18.6,25.1,0.0,0.0,0.0,16.5
2023-07-26,117,206,265,280,121,179,32.0,22.9,26.3,21.1,21.1,0.0,29.0
2023-07-27,118,215,145,273,99,179,28.8,21.5,25.5,0.0,0.0,0.0,14.5
2023-07-28,81,160,92,211,110,115,32.2,22.4,25.9,23.1,23.1,0.0,29.2
2023-07-29,41,72,47,146,336,54,23.5,20.2,22.1,0.9,0.9,0.0,23.9
2023-07-30,45,91,27,122,133,73,23.8,17.9,20.9,0.1,0.1,0.0,22.6
2023-07-31,121,270,90,354,238,175,25.1,16.1,21.3,0.2,0.2,0.0,16.4
2023-08-01,172,211,70,244,202,153,27.9,17.8,23.2,0.3,0.3,0.0,13.9
2023-08-02,115,216,52,213,194,177,28.3,18.4,23.6,0.0,0.0,0.0,15.6
2023-08-03,94,180,57,210,177,185,28.0,17.9,23.4,0.0,0.0,0.0,13.3
2023-08-04,130,218,50,245,132,116,25.7,20.5,23.1,0.0,0.0,0.0,23.5
2023-08-05,46,84,16,112,55,61,22.9,19.8,21.3,23.3,23.3,0.0,23.0
2023-08-06,33,94,10,148,87,59,21.3,18.9,20.1,5.8,5.8,0.0,31.1
2023-08-07,129,225,33,361,130,157,23.0,18.9,20.7,0.6,0.6,0.0,23.2
2023-08-08,96,248,28,258,158,169,28.0,16.6,22.3,0.4,0.4,0.0,13.7
2023-08-09,97,250,48,358,131,155,27.1,17.8,22.1,0.0,0.0,0.0,14.6
2023-08-10,126,219,31,361,140,158,27.8,17.0,22.5,2.5,2.5,0.0,15.0
2023-08-11,82,223,25,265,176,110,27.9,19.8,23.1,8.7,8.7,0.0,28.4
2023-08-12,36,95,7,116,62,55,26.4,20.9,23.5,7.8,7.8,0.0,19.8
2023-08-13,44,107,7,78,63,73,24.4,17.8,21.0,1.2,1.2,0.0,20.1
2023-08-14,77,202,120,323,151,184,23.3,17.6,20.7,23.3,23.3,0.0,33.4
2023-08-15,159,174,88,210,152,156,21.2,17.4,19.1,4.0,4.0,0.0,31.6
2023-08-16,116,229,32,333,155,139,26.4,14.3,20.5,0.0,0.0,0.0,23.6
2023-08-17,107,198,38,328,124,140,26.0,17.7,21.2,10.4,10.4,0.0,30.7
2023-08-18,69,246,14,309,97,143,22.8,13.9,18.8,0.0,0.0,0.0,20.5
2023-08-19,34,80,4,67,40,64,26.6,15.7,21.2,0.3,0.3,0.0,24.5
2023-08-20,29,95,6,116,61,46,27.7,20.0,23.9,0.0,0.0,0.0,17.7
2023-08-21,96,242,14,396,154,189,23.1,19.9,21.9,0.0,0.0,0.0,23.2
2023-08-22,127,254,20,203,158,213,28.0,19.8,23.8,0.0,0.0,0.0,18.5
2023-08-23,152,190,15,232,91,152,36.6,24.6,30.0,0.0,0.0,0.0,27.3
2023-08-24,97,170,11,387,85,138,37.0,25.9,30.5,21.8,21.8,0.0,31.0
2023-08-25,107,168,7,329,121,150,24.7,21.1,22.3,0.2,0.2,0.0,21.1
2023-08-26,52,72,2,137,52,65,22.7,18.1,20.9,0.8,0.8,0.0,35.2
2023-08-27,40,79,5,103,55,64,20.8,16.8,18.9,0.0,0.0,0.0,23.1
2023-08-28,97,244,21,394,139,216,23.5,16.5,20.4,0.0,0.0,0.0,14.2
2023-08-29,103,232,10,276,123,212,28.9,16.8,21.4,0.2,0.2,0.0,29.6
2023-08-30,81,229,7,376,112,188,18.9,15.3,17.3,0.3,0.3,0.0,30.1
2023-08-31,85,351,9,319,113,123,21.7,14.7,18.5,0.0,0.0,0.0,14.8
2023-09-01,93,204,7,302,86,133,26.4,14.2,20.6,0.0,0.0,0.0,17.4
2023-09-02,28,83,1,97,41,55,31.4,17.2,23.9,0.0,0.0,0.0,24.8
2023-09-03,40,88,4,95,21,58,34.6,19.9,27.1,0.0,0.0,0.0,26.0
2023-09-04,29,108,3,151,72,83,33.3,21.7,27.5,0.2,0.2,0.0,19.5
2023-09-05,86,262,12,385,143,169,32.6,24.0,27.6,0.0,0.0,0.0,28.7
2023-09-06,140,204,20,186,137,161,29.7,20.9,24.8,8.3,8.3,0.0,31.8
2023-09-07,92,221,10,363,111,168,20.5,18.4,19.6,0.1,0.1,0.0,22.3
2023-09-08,87,161,7,243,82,135,18.5,16.8,17.7,13.1,13.1,0.0,24.8
2023-09-09,33,78,4,101,39,61,20.9,15.2,18.1,0.0,0.0,0.0,17.6
2023-09-10,37,89,2,154,43,64,23.2,13.4,19.2,0.0,0.0,0.0,15.3
2023-09-11,75,203,28,326,87,143,19.1,16.9,18.2,48.3,48.3,0.0,21.4
2023-09-12,131,216,9,254,122,175,18.0,14.1,16.3,0.8,0.8,0.0,24.9
2023-09-13,128,225,10,345,126,129,18.0,12.5,15.3,4.8,4.8,0.0,20.8
2023-09-14,103,207,6,428,92,155,19.7,11.4,16.1,0.0,0.0,0.0,13.2
2023-09-15,77,158,8,182,76,169,23.3,12.3,17.9,0.0,0.0,0.0,14.0
2023-09-16,36,100,4,111,24,55,19.0,14.5,17.1,1.8,1.8,0.0,13.5
2023-09-17,32,82,53,117,39,59,17.8,14.8,16.0,50.9,50.9,0.0,27.5
2023-09-18,101,343,34,295,122,190,17.8,11.7,15.8,0.4,0.4,0.0,13.3
2023-09-19,90,186,28,356,81,151,19.3,13.7,16.4,8.4,8.4,0.0,25.3
2023-09-20,109,217,6,361,107,154,25.5,15.5,20.1,0.0,0.0,0.0,20.2
2023-09-21,118,181,9,363,109,204,22.3,17.1,19.9,0.1,0.1,0.0,17.7
2023-09-22,79,183,10,230,75,160,23.6,17.7,20.5,1.5,1.5,0.0,18.0
2023-09-23,26,98,9,86,46,69,22.4,16.8,19.6,0.0,0.0,0.0,25.3
2023-09-24,34,85,2,158,37,71,21.9,13.8,18.0,0.0,0.0,0.0,23.3
2023-09-25,129,231,12,273,104,164,21.3,16.6,18.7,3.8,3.8,0.0,19.9
2023-09-26,110,155,17,261,92,133,21.6,16.5,18.6,23.0,23.0,0.0,25.0
2023-09-27,138,228,12,310,86,157,19.6,17.1,18.1,3.5,3.5,0.0,24.1
2023-09-28,128,219,11,316,82,195,19.6,16.3,17.8,0.9,0.9,0.0,19.3
2023-09-29,99,169,4,273,59,119,21.5,14.3,18.0,0.1,0.1,0.0,18.1
2023-09-30,25,69,4,99,46,53,25.2,14.9,19.8,0.0,0.0,0.0,15.9
2023-10-01,32,109,2,166,33,58,24.7,15.9,20.2,0.0,0.0,0.0,13.9
2023-10-02,115,257,4,399,96,127,26.6,16.2,20.9,0.0,0.0,0.0,14.1
2023-10-03,111,250,10,273,93,166,27.8,15.8,21.7,0.0,0.0,0.0,19.1
2023-10-04,76,187,4,322,103,168,27.8,20.1,23.3,0.4,0.4,0.0,34.0
2023-10-05,99,185,16,184,89,159,21.7,16.4,18.7,11.3,11.3,0.0,27.9
2023-10-06,70,146,4,258,67,145,15.8,7.6,11.6,0.4,0.4,0.0,36.8
2023-10-07,23,76,2,220,42,61,13.7,7.3,9.9,0.1,0.1,0.0,26.2
2023-10-08,28,69,2,166,33,56,12.2,6.6,9.4,0.0,0.0,0.0,17.6
2023-10-09,33,119,1,152,31,110,12.6,6.1,8.8,0.0,0.0,0.0,24.8
2023-10-10,83,150,8,318,100,154,15.2,5.1,9.7,0.0,0.0,0.0,20.2
2023-10-11,99,181,8,243,90,164,17.3,4.8,11.1,12.7,12.7,0.0,16.8
2023-10-12,67,158,10,318,59,131,15.3,12.2,13.7,9.1,9.1,0.0,27.0
2023-10-13,95,130,9,181,87,105,14.5,12.5,13.3,16.6,16.6,0.0,27.2
2023-10-14,28,56,22,93,100,67,12.9,11.2,12.0,18.3,18.3,0.0,41.0
2023-10-15,41,54,8,74,51,48,13.8,8.0,10.8,1.5,1.5,0.0,30.0
2023-10-16,101,152,16,304,121,130,12.5,7.4,10.9,1.9,1.9,0.0,28.1
2023-10-17,144,222,6,192,100,156,15.5,3.9,9.4,0.0,0.0,0.0,15.9
2023-10-18,82,233,11,153,103,144,18.1,7.7,12.7,1.3,1.3,0.0,30.3
2023-10-19,108,142,7,154,56,154,15.8,11.6,13.4,6.0,6.0,0.0,22.2
2023-10-20,80,194,2,128,44,116,14.6,8.2,11.5,3.4,3.4,0.0,26.7
2023-10-21,31,69,5,78,29,73,17.6,5.7,10.9,3.3,3.3,0.0,28.1
2023-10-22,39,67,4,93,29,76,11.3,5.8,8.5,0.0,0.0,0.0,29.1
2023-10-23,76,212,4,175,83,147,16.8,6.2,11.4,0.0,0.0,0.0,26.4
2023-10-24,96,183,6,320,72,128,24.5,13.9,18.7,0.3,0.3,0.0,28.3
2023-10-25,90,183,7,644,79,110,18.9,15.5,17.0,9.5,9.5,0.0,26.5
2023-10-26,113,134,4,385,61,132,19.5,17.2,18.2,11.6,11.6,0.0,28.9
2023-10-27,120,178,4,351,50,137,21.4,8.8,17.1,4.3,4.3,0.0,26.5
2023-10-28,23,54,3,87,28,66,9.8,4.7,7.7,1.1,1.1,0.0,24.4
2023-10-29,31,54,2,104,14,47,10.0,4.6,8.5,11.3,11.3,0.0,29.2
2023-10-30,89,102,5,244,57,143,5.0,-0.7,2.4,0.0,0.0,0.0,25.6
2023-10-31,72,104,8,257,52,107,2.8,-2.2,0.6,1.8,0.5,0.91,37.2
2023-11-01,71,114,6,310,46,133,5.3,-2.4,1.7,0.2,0.2,0.0,23.1
2023-11-02,102,127,4,320,44,181,10.6,0.4,5.4,0.0,0.0,0.0,25.8
2023-11-03,59,133,6,315,50,143,11.8,6.4,9.0,0.1,0.1,0.0,26.4
2023-11-04,23,59,6,180,14,72,12.5,5.9,9.1,0.0,0.0,0.0,21.3
2023-11-05,29,64,5,175,31,66,13.8,2.0,7.5,0.0,0.0,0.0,22.8
2023-11-06,81,151,4,363,67,158,19.7,9.4,14.1,1.3,1.3,0.0,38.0
2023-11-07,70,149,4,262,61,181,12.4,5.7,8.8,0.0,0.0,0.0,22.2
2023-11-08,113,158,4,343,44,164,15.3,7.6,10.6,12.2,12.2,0.0,27.7
2023-11-09,77,139,11,287,44,154,12.1,4.2,7.9,0.0,0.0,0.0,26.7
2023-11-10,40,100,5,112,31,114,8.2,3.3,5.7,0.0,0.0,0.0,22.1
2023-11-11,21,117,2,81,22,75,10.0,-0.3,5.1,0.0,0.0,0.0,14.0
2023-11-12,35,93,0,176,18,71,11.8,4.5,7.6,0.0,0.0,0.0,24.2
2023-11-13,199,191,7,274,48,178,14.8,4.6,8.7,0.0,0.0,0.0,22.7
2023-11-14,99,176,2,267,51,120,13.9,0.2,6.9,0.0,0.0,0.0,20.7
2023-11-15,75,203,5,298,44,139,15.6,5.2,9.1,0.0,0.0,0.0,19.0
2023-11-16,158,135,7,393,42,158,16.8,5.7,11.5,0.0,0.0,0.0,31.6
2023-11-17,73,125,7,376,48,133,15.4,2.7,8.8,0.7,0.7,0.0,29.3
2023-11-18,21,52,1,103,15,46,9.8,-1.8,3.9,0.0,0.0,0.0,21.1
2023-11-19,23,78,4,89,14,69,9.8,1.9,6.3,0.0,0.0,0.0,19.0
2023-11-20,94,148,5,383,38,155,8.2,5.8,7.0,3.6,3.6,0.0,29.2
2023-11-21,77,135,21,284,32,148,7.3,4.2,5.6,13.4,13.4,0.0,28.0
2023-11-22,61,71,4,268,27,115,7.3,2.0,3.9,0.0,0.0,0.0,21.4
2023-11-23,7,19,4,92,7,41,6.8,0.5,3.6,0.0,0.0,0.0,26.4
2023-11-24,19,54,6,103,8,91,3.8,-1.0,0.7,0.0,0.0,0.0,29.3
2023-11-25,17,49,6,101,15,74,1.9,-1.2,0.3,0.0,0.0,0.0,12.6
2023-11-26,11,42,3,128,8,62,1.5,-1.7,-0.3,3.3,0.0,2.31,30.2
2023-11-27,91,102,3,325,33,196,-2.2,-7.9,-4.3,0.0,0.0,0.0,31.7
2023-11-28,92,65,6,132,28,157,-4.2,-10.2,-7.5,0.0,0.0,0.0,25.3
2023-11-29,102,91,6,309,26,183,5.6,-7.1,-1.2,0.0,0.0,0.0,23.3
2023-11-30,80,122,14,302,31,186,10.4,-0.7,4.6,0.2,0.2,0.0,27.9
2023-12-01,64,94,19,233,23,129,6.6,3.9,5.6,18.1,18.1,0.0,18.9
2023-12-02,32,45,5,113,12,55,6.1,3.8,4.9,0.6,0.6,0.0,15.0
2023-12-03,27,37,8,76,6,59,4.6,1.8,3.5,7.6,7.6,0.0,24.5
2023-12-04,155,148,9,237,23,161,4.8,-0.9,1.9,0.0,0.0,0.0,15.7
2023-12-05,113,136,12,212,27,181,4.5,-0.6,1.9,3.2,1.3,1.33,21.3
2023-12-06,145,109,3,209,35,150,3.4,-1.7,1.0,0.0,0.0,0.0,27.5
2023-12-07,113,93,12,216,31,173,10.8,1.3,5.6,0.0,0.0,0.0,28.6
2023-12-08,151,94,6,533,28,154,13.2,7.1,9.6,0.0,0.0,0.0,29.0
2023-12-09,30,38,6,80,15,63,12.1,2.6,8.5,2.0,2.0,0.0,33.5
2023-12-10,17,47,1,122,14,71,2.2,-1.2,1.0,0.0,0.0,0.0,28.7
2023-12-11,163,126,7,290,21,156,1.6,-3.2,-1.1,0.0,0.0,0.0,21.6
2023-12-12,108,109,2,200,20,176,2.6,-3.0,0.1,0.0,0.0,0.0,23.3
2023-12-13,223,95,3,312,26,178,3.7,-5.7,-1.4,0.0,0.0,0.0,16.8
2023-12-14,150,142,5,265,33,156,8.4,-1.9,2.3,0.0,0.0,0.0,18.2
2023-12-15,111,98,4,357,21,148,10.3,0.3,4.3,0.0,0.0,0.0,14.9
2023-12-16,31,38,2,82,11,77,6.1,4.1,5.1,9.1,9.1,0.0,24.8
2023-12-17,21,41,3,110,9,64,6.7,2.4,5.4,0.0,0.0,0.0,21.4
2023-12-18,116,106,13,341,37,138,2.2,-5.9,-1.2,0.1,0.0,0.07,38.2
2023-12-19,199,107,7,166,31,159,0.4,-7.6,-3.8,0.0,0.0,0.0,22.8
2023-12-20,163,98,12,327,25,162,5.5,-2.6,0.6,0.0,0.0,0.0,20.7
2023-12-21,246,109,6,324,19,194,5.7,0.3,3.0,1.0,1.0,0.0,10.7
2023-12-22,57,108,7,70,11,111,8.1,4.4,6.0,12.0,12.0,0.0,12.4
2023-12-23,22,33,7,40,5,64,8.3,6.2,6.8,0.9,0.9,0.0,9.7
2023-12-24,25,21,4,72,4,32,13.3,5.7,9.3,0.0,0.0,0.0,21.5
2023-12-25,34,47,2,117,10,35,11.2,8.4,10.0,8.2,8.2,0.0,30.3
2023-12-26,67,95,7,351,26,96,11.3,0.4,5.1,0.6,0.6,0.0,25.4
2023-12-27,241,105,8,150,26,127,4.8,-0.2,2.7,0.0,0.0,0.0,25.5
2023-12-28,157,98,6,143,20,155,4.7,2.7,3.8,4.1,4.1,0.0,27.8
2023-12-29,140,107,14,182,16,141,4.9,-0.5,3.7,4.5,4.5,0.0,26.7
2023-12-30,47,45,8,51,8,79,5.7,-3.0,0.4,0.0,0.0,0.0,19.6
2023-12-31,19,20,2,29,9,33,0.9,-1.4,-0.0,1.5,0.0,1.05,28.5
2024-01-01,26,24,2,66,1,60,1.4,-2.6,-0.4,0.4,0.0,0.28,30.4
2024-01-02,154,107,7,245,16,162,2.5,-4.6,-1.6,0.0,0.0,0.0,27.1
2024-01-03,234,102,4,261,22,171,2.1,-1.5,0.1,0.0,0.0,0.0,17.2
2024-01-04,222,139,6,279,18,202,1.0,-4.6,-1.5,0.0,0.0,0.0,19.8
2024-01-05,143,102,4,453,25,150,2.1,-5.4,-1.7,0.0,0.0,0.0,17.5
2024-01-06,40,45,5,66,9,69,0.7,-0.9,-0.2,5.2,0.1,3.57,16.4
2024-01-07,41,32,5,104,5,84,1.5,-2.8,-0.2,1.2,0.0,0.84,21.3
2024-01-08,423,156,11,170,24,198,3.0,-2.9,0.3,0.2,0.1,0.07,26.2
2024-01-09,142,122,57,284,30,145,2.4,0.8,1.2,27.9,12.9,10.5,33.4
2024-01-10,300,89,38,346,28,664,0.8,-1.7,-0.4,1.2,0.1,0.77,33.6
2024-01-11,231,75,20,441,11,183,1.0,-3.7,-1.0,0.9,0.0,0.63,25.8
2024-01-12,127,40,31,114,64,88,3.1,-1.2,0.9,22.8,10.0,8.96,45.1
2024-01-13,48,18,38,58,17,72,0.7,-15.6,-5.5,2.3,0.1,1.61,36.9
2024-01-14,12,16,16,36,6,30,-16.2,-23.2,-21.0,0.5,0.0,0.35,39.1
2024-01-15,26,35,13,40,11,74,-17.4,-24.9,-21.1,0.0,0.0,0.0,25.3
2024-01-16,90,85,17,346,26,99,-16.7,-21.9,-18.7,0.0,0.0,0.14,35.3
2024-01-17,84,46,26,151,30,127,-7.6,-17.3,-12.1,0.1,0.0,0.07,30.2
2024-01-18,146,52,23,182,20,159,-4.1,-9.3,-6.7,0.9,0.0,0.63,23.4
2024-01-19,41,32,13,234,11,110,-10.2,-13.8,-11.5,3.6,0.1,2.52,30.5
2024-01-20,34,15,7,75,3,71,-6.8,-15.0,-12.0,0.0,0.0,0.0,25.5
2024-01-21,43,17,3,76,10,82,-5.1,-18.1,-11.6,0.0,0.0,0.0,25.1
2024-01-22,202,68,14,242,21,142,0.5,-7.6,-2.3,1.6,1.3,0.21,25.4
2024-01-23,328,71,14,245,18,161,2.0,-1.1,0.4,9.1,9.1,0.0,14.7
2024-01-24,334,73,21,253,23,196,2.6,-0.6,1.0,5.5,5.5,0.0,15.0
2024-01-25,428,77,23,308,29,171,4.2,1.0,2.3,7.5,7.5,0.0,21.7
2024-01-26,421,102,37,280,30,172,4.0,1.7,2.5,9.5,9.5,0.0,21.9
2024-01-27,236,41,9,130,24,92,3.2,0.1,1.8,2.3,2.3,0.0,23.8
2024-01-28,175,84,11,164,16,85,3.0,0.1,1.8,2.9,2.9,0.0,33.3
2024-01-29,540,151,23,421,41,247,6.3,-3.0,0.8,0.0,0.0,0.0,23.0
2024-01-30,309,179,14,255,33,190,4.7,0.1,2.0,3.2,2.2,0.7,21.8
2024-01-31,471,146,11,282,45,210,7.2,-2.4,2.1,0.0,0.0,0.0,21.9
2024-02-01,409,102,19,285,35,152,10.6,0.8,3.4,0.0,0.0,0.0,22.0
2024-02-02,349,121,15,366,35,180,3.2,0.1,1.4,0.0,0.0,0.0,22.2
2024-02-03,88,28,3,98,19,78,3.3,-2.5,0.2,0.0,0.0,0.0,17.5
2024-02-04,101,52,4,115,26,130,3.0,-1.6,0.5,0.0,0.0,0.0,21.3
2024-02-05,470,109,11,347,28,234,3.1,-1.1,0.9,0.0,0.0,0.0,23.4
2024-02-06,342,124,2,240,23,193,7.0,-2.6,1.3,0.0,0.0,0.0,13.1
2024-02-07,327,98,13,361,30,200,7.8,-2.2,2.6,0.0,0.0,0.0,20.1
2024-02-08,289,128,11,296,35,156,14.3,3.9,9.2,0.0,0.0,0.0,33.6
2024-02-09,240,76,9,317,50,145,12.9,3.3,8.0,0.0,0.0,0.0,33.6
2024-02-10,81,38,7,119,33,96,5.4,-2.3,1.1,0.0,0.0,0.0,19.5
2024-02-11,75,47,4,93,21,94,3.6,-3.3,-0.3,0.0,0.0,0.0,13.4
2024-02-12,267,85,11,159,28,166,6.1,-5.7,-0.2,0.0,0.0,0.0,12.0
2024-02-13,393,126,12,278,38,171,4.3,-2.4,0.1,0.0,0.0,0.0,17.9
2024-02-14,327,127,5,408,46,169,5.9,-4.4,0.8,0.0,0.0,0.0,21.6
2024-02-15,354,102,7,272,32,160,5.8,-1.5,2.9,6.5,4.2,1.61,32.9
2024-02-16,336,116,8,320,43,168,-0.9,-3.0,-2.0,0.8,0.0,0.56,21.4
2024-02-17,65,31,3,56,17,81,-1.9,-10.5,-6.3,0.0,0.0,0.0,35.7
2024-02-18,71,33,4,133,22,83,6.6,-5.0,-0.3,0.0,0.0,0.0,34.9
2024-02-19,387,71,9,187,34,138,8.1,-6.9,-0.1,0.0,0.0,0.0,15.5
2024-02-20,374,157,10,427,39,179,12.5,-3.5,3.9,0.0,0.0,0.0,23.9
2024-02-21,334,194,6,359,59,192,15.3,3.2,8.7,0.1,0.1,0.0,26.8
2024-02-22,324,236,12,307,37,183,8.6,4.1,6.2,0.2,0.2,0.0,15.7
2024-02-23,317,97,8,297,29,177,8.1,-1.8,3.2,2.8,0.1,1.89,38.8
2024-02-24,56,29,6,65,13,66,-1.0,-4.7,-2.5,0.3,0.0,0.21,38.0
2024-02-25,95,37,2,149,12,89,14.0,-1.7,5.3,0.0,0.0,0.0,26.2
2024-02-26,366,137,9,345,45,207,18.7,2.3,9.6,0.0,0.0,0.0,27.1
2024-02-27,434,123,16,273,38,176,21.8,10.4,14.9,5.6,5.6,0.0,28.1
2024-02-28,347,95,19,299,34,179,11.5,-5.3,-0.6,0.3,0.2,0.07,37.4
2024-02-29,316,79,8,228,31,191,5.8,-6.8,-1.0,0.0,0.0,0.0,25.9
2024-03-01,219,75,4,156,32,152,5.9,-1.6,2.5,0.0,0.0,0.0,24.6
2024-03-02,71,56,4,100,25,102,13.1,-1.4,5.8,0.0,0.0,0.0,21.4
2024-03-03,51,43,2,166,40,72,19.0,4.9,11.5,0.0,0.0,0.0,36.4
2024-03-04,84,90,12,193,33,151,22.5,10.5,16.2,0.3,0.3,0.0,32.3
2024-03-05,279,128,64,331,54,188,10.1,3.3,4.6,14.3,14.3,0.0,34.7
2024-03-06,259,99,24,278,49,192,6.0,3.3,4.5,0.0,0.0,0.0,26.7
2024-03-07,289,124,11,399,47,187,6.9,1.5,4.5,0.0,0.0,0.0,23.0
2024-03-08,135,83,30,351,33,173,6.9,4.1,5.5,23.7,23.7,0.0,30.6
2024-03-09,168,51,16,106,39,93,7.2,0.6,4.2,0.1,0.1,0.0,26.4
2024-03-10,115,34,5,82,23,84,6.6,-2.2,1.6,0.0,0.0,0.0,25.5
2024-03-11,446,134,13,395,77,195,16.5,-1.2,7.5,0.0,0.0,0.0,33.8
2024-03-12,227,122,10,345,52,207,19.0,7.4,13.2,0.0,0.0,0.0,30.0
2024-03-13,284,112,8,316,49,184,12.7,6.4,9.7,2.9,2.9,0.0,20.1
2024-03-14,217,120,45,391,41,167,18.5,4.4,8.6,24.4,24.4,0.0,36.4
2024-03-15,284,95,21,291,32,152,5.5,2.4,3.9,0.0,0.0,0.0,28.8
2024-03-16,87,37,4,171,33,90,14.3,2.8,7.7,0.0,0.0,0.0,41.8
2024-03-17,82,44,2,164,29,62,4.9,-1.0,1.8,0.1,0.0,0.07,28.9
2024-03-18,275,105,12,312,55,209,2.9,-4.2,-1.0,0.0,0.0,0.0,20.7
2024-03-19,294,96,8,213,46,197,12.7,-2.3,4.3,0.0,0.0,0.0,37.2
2024-03-20,207,102,7,137,51,172,4.2,-2.4,1.7,0.0,0.0,0.0,26.3
2024-03-21,177,99,10,367,42,187,2.7,-4.2,-0.2,0.0,0.0,0.0,20.3
2024-03-22,229,107,7,461,35,130,3.3,-0.1,1.4,13.1,0.1,9.1,28.0
2024-03-23,89,35,1,105,18,93,1.4,-1.2,0.2,0.4,0.0,0.28,24.8
2024-03-24,119,29,1,134,15,63,6.5,-1.1,3.0,0.0,0.0,0.0,31.4
2024-03-25,217,112,7,281,57,174,15.3,5.0,10.6,12.1,12.1,0.0,33.8
2024-03-26,251,111,19,250,56,162,12.9,1.0,9.0,7.1,7.1,0.0,45.1
2024-03-27,242,95,5,288,72,158,6.5,-1.7,1.8,0.0,0.0,0.0,29.5
2024-03-28,202,97,8,232,55,214,10.6,-2.8,3.5,0.0,0.0,0.0,27.3
2024-03-29,209,103,5,366,43,162,6.7,-0.4,3.5,5.2,5.2,0.0,21.3
2024-03-30,124,39,8,103,24,77,16.2,3.3,8.3,6.2,6.2,0.0,25.8
2024-03-31,90,28,3,106,20,64,6.0,2.4,4.3,8.7,8.7,0.0,23.8
2024-04-01,198,109,47,402,43,162,7.9,4.4,6.2,17.4,17.4,0.0,26.2
2024-04-02,317,144,33,377,60,187,15.7,2.6,6.5,5.5,5.5,0.0,43.8
2024-04-03,237,114,21,267,42,158,2.8,1.6,2.2,10.1,5.5,3.22,33.1
2024-04-04,226,96,21,144,30,165,4.7,1.3,3.0,2.7,1.7,0.7,35.8
2024-04-05,216,101,8,230,50,153,6.8,1.4,4.0,0.0,0.0,0.0,31.1
2024-04-06,105,39,7,146,26,86,7.1,0.6,3.8,0.0,0.0,0.0,18.7
2024-04-07,84,40,6,144,13,90,11.6,3.1,7.2,11.4,11.4,0.0,29.8
2024-04-08,281,128,10,355,70,184,21.5,7.4,14.0,0.0,0.0,0.0,27.3
2024-04-09,296,142,10,405,63,176,16.7,8.4,12.9,0.0,0.0,0.0,22.2
2024-04-10,287,134,7,509,53,189,15.3,4.0,9.9,0.0,0.0,0.0,15.4
2024-04-11,317,143,8,377,29,174,10.7,7.7,9.0,8.7,8.7,0.0,20.2
2024-04-12,239,111,3,274,41,177,15.8,7.7,10.8,4.9,4.9,0.0,38.0
2024-04-13,80,73,0,125,36,88,19.3,4.6,12.2,0.0,0.0,0.0,30.6
2024-04-14,83,44,1,184,37,74,23.7,12.3,16.7,0.0,0.0,0.0,30.9
2024-04-15,248,241,14,417,95,149,18.3,6.9,12.1,0.0,0.0,0.0,22.0
2024-04-16,181,141,7,262,67,164,20.6,8.4,14.3,19.6,19.6,0.0,33.8
2024-04-17,232,143,5,351,68,195,18.9,12.1,16.6,1.4,1.4,0.0,40.0
2024-04-18,185,189,6,412,67,180,11.9,7.1,9.6,6.7,6.7,0.0,17.8
2024-04-19,166,97,10,290,60,133,13.0,4.6,8.9,0.0,0.0,0.0,32.4
2024-04-20,52,43,2,98,25,72,7.1,1.2,4.7,0.0,0.0,0.0,22.9
2024-04-21,66,50,3,198,42,65,13.0,-0.3,6.4,0.0,0.0,0.0,19.9
2024-04-22,198,173,12,345,78,187,17.3,3.1,10.8,0.0,0.0,0.0,29.3
2024-04-23,141,141,8,330,91,171,16.9,8.3,13.1,1.5,1.5,0.0,32.4
2024-04-24,210,160,6,276,79,180,5.4,1.6,3.9,0.0,0.0,0.0,32.7
2024-04-25,115,108,2,286,52,122,10.1,0.8,5.9,0.0,0.0,0.0,18.4
2024-04-26,164,154,4,178,43,147,14.9,5.2,10.4,2.3,2.3,0.0,31.3
2024-04-27,79,59,6,87,60,110,25.6,15.3,19.9,1.5,1.5,0.0,41.6
2024-04-28,75,64,22,163,98,71,24.9,16.6,20.0,6.5,6.5,0.0,37.6
2024-04-29,185,164,89,269,121,165,21.6,13.5,18.4,9.5,9.5,0.0,31.6
2024-04-30,200,137,31,319,113,164,21.2,8.0,15.1,0.0,0.0,0.0,18.8
2024-05-01,194,133,18,499,79,206,22.5,13.1,18.6,1.0,1.0,0.0,28.0
2024-05-02,162,186,28,210,141,159,25.2,10.2,16.6,2.0,2.0,0.0,29.6
2024-05-03,185,129,25,296,115,155,17.5,8.8,14.1,2.8,2.8,0.0,20.7
2024-05-04,66,79,12,82,51,71,21.4,7.9,15.8,0.8,0.8,0.0,18.8
2024-05-05,70,46,6,122,36,67,14.9,8.3,11.8,0.0,0.0,0.0,21.9
2024-05-06,210,176,13,245,97,200,16.9,7.9,12.7,0.0,0.0,0.0,23.5
2024-05-07,167,164,101,211,128,185,22.0,12.9,16.6,19.1,19.1,0.0,27.8
2024-05-08,194,144,34,165,119,165,22.8,11.4,16.8,0.0,0.0,0.0,21.7
2024-05-09,124,127,27,287,67,153,13.9,8.7,11.8,7.4,7.4,0.0,27.4
2024-05-10,132,112,25,261,68,143,18.8,7.8,13.1,0.1,0.1,0.0,20.2
2024-05-11,73,63,8,101,37,70,17.4,10.0,13.2,2.1,2.1,0.0,28.0
2024-05-12,50,65,1,97,35,51,25.5,8.2,17.2,0.6,0.6,0.0,25.4
2024-05-13,152,177,26,232,98,174,25.0,15.2,19.4,14.6,14.6,0.0,26.5
2024-05-14,179,203,17,234,95,174,16.6,9.6,12.6,10.1,10.1,0.0,30.1
2024-05-15,189,120,17,173,100,187,14.0,10.0,11.9,0.0,0.0,0.0,24.6
2024-05-16,177,152,14,181,67,174,23.0,9.4,16.2,1.5,1.5,0.0,24.8
2024-05-17,114,144,7,231,53,195,22.0,11.8,16.2,0.0,0.0,0.0,17.3
2024-05-18,49,57,2,74,45,67,27.1,12.4,20.3,0.6,0.6,0.0,18.2
2024-05-19,50,66,1,168,45,80,20.0,13.7,17.7,0.0,0.0,0.0,21.7
2024-05-20,141,188,10,278,228,169,28.5,13.4,21.7,1.3,1.3,0.0,32.8
2024-05-21,171,140,8,373,265,168,31.3,13.7,23.1,0.3,0.3,0.0,40.6
2024-05-22,111,207,7,576,1050,131,24.2,16.3,20.7,0.0,0.0,0.0,40.0
2024-05-23,111,455,8,473,389,154,25.1,13.0,19.5,0.0,0.0,0.0,18.2
2024-05-24,90,156,20,475,286,142,24.5,16.4,20.8,2.2,2.2,0.0,30.3
2024-05-25,43,63,5,57,113,309,19.7,14.6,17.6,0.0,0.0,0.0,18.9
2024-05-26,36,38,12,126,68,51,20.7,14.2,17.4,18.6,18.6,0.0,24.1
2024-05-27,56,73,9,158,85,96,22.1,13.5,17.2,0.3,0.3,0.0,29.6
2024-05-28,154,143,15,278,232,210,19.7,12.2,15.7,7.7,7.7,0.0,23.5
2024-05-29,171,185,16,274,192,200,16.0,10.6,13.4,5.1,5.1,0.0,28.9
2024-05-30,133,137,10,654,198,186,16.7,9.8,12.8,0.0,0.0,0.0,19.3
2024-05-31,99,148,9,256,114,149,23.3,10.7,17.4,0.0,0.0,0.0,16.0
2024-06-01,63,72,4,79,60,68,20.3,15.3,17.7,15.4,15.4,0.0,21.7
2024-06-02,59,52,4,110,84,66,20.0,14.1,16.5,0.0,0.0,0.0,15.3
2024-06-03,179,254,10,266,187,186,28.3,13.6,21.4,0.0,0.0,0.0,23.6
2024-06-04,145,162,14,303,156,164,27.3,19.5,23.2,4.4,4.4,0.0,22.7
2024-06-05,174,187,19,323,180,193,26.2,19.5,22.1,11.3,11.3,0.0,27.2
2024-06-06,137,173,11,555,224,165,24.3,17.4,20.9,0.1,0.1,0.0,38.3
2024-06-07,156,151,4,187,187,150,24.9,14.5,19.1,0.0,0.0,0.0,32.8
2024-06-08,45,58,2,78,79,84,26.7,12.5,17.9,2.0,2.0,0.0,29.8
2024-06-09,56,69,3,151,78,76,25.8,13.1,18.5,0.0,0.0,0.0,30.5
2024-06-10,128,200,14,273,168,177,15.9,12.4,14.0,0.0,0.0,0.0,30.5
2024-06-11,181,196,8,267,168,200,24.2,9.2,17.5,0.0,0.0,0.0,14.8
2024-06-12,146,159,7,409,137,169,32.5,17.1,24.9,0.0,0.0,0.0,23.8
2024-06-13,84,176,7,508,127,140,31.5,21.3,25.4,4.6,4.6,0.0,30.0
2024-06-14,96,150,4,154,102,129,24.5,16.2,20.7,0.0,0.0,0.0,24.4
2024-06-15,22,91,2,81,54,92,29.6,15.2,22.7,0.0,0.0,0.0,24.0
2024-06-16,36,75,1,178,69,63,33.5,20.3,26.4,0.4,0.4,0.0,31.9
2024-06-17,111,224,6,244,192,168,34.3,24.5,29.4,0.1,0.1,0.0,28.8
2024-06-18,107,213,5,429,170,188,33.0,24.3,28.0,2.8,2.8,0.0,37.0
2024-06-19,74,112,2,142,113,120,33.6,24.8,29.1,0.0,0.0,0.0,27.4
2024-06-20,99,174,6,293,176,210,25.9,18.2,21.8,1.6,1.6,0.0,21.5
2024-06-21,117,125,9,351,115,154,33.7,18.0,25.5,0.0,0.0,0.0,25.0
2024-06-22,32,56,5,83,74,92,34.9,25.2,29.8,0.1,0.1,0.0,37.1
2024-06-23,48,89,32,183,118,65,26.7,21.1,23.5,3.4,3.4,0.0,36.2
2024-06-24,132,218,19,213,223,182,27.6,18.4,23.7,0.0,0.0,0.0,25.3
2024-06-25,98,172,16,500,307,181,33.3,22.7,27.0,7.2,7.2,0.0,33.7
2024-06-26,236,188,9,240,208,165,29.8,19.0,24.7,0.8,0.8,0.0,22.6
2024-06-27,327,227,11,375,178,141,19.2,16.7,18.1,0.0,0.0,0.0,27.1
2024-06-28,101,505,10,192,118,140,23.0,17.7,20.6,14.3,14.3,0.0,22.2
2024-06-29,38,77,3,105,52,67,31.2,21.7,26.0,4.2,4.2,0.0,25.0
2024-06-30,32,94,3,149,64,65,21.8,14.7,16.9,0.0,0.0,0.0,30.9
2024-07-01,90,236,13,376,177,134,21.0,13.7,17.7,0.0,0.0,0.0,17.6
2024-07-02,100,230,4,263,143,153,28.9,16.8,22.5,0.2,0.2,0.0,29.9
2024-07-03,95,161,4,452,122,175,31.1,21.3,25.9,13.3,13.3,0.0,26.4
2024-07-04,31,72,0,77,32,57,25.8,20.6,23.2,0.9,0.9,0.0,14.3
2024-07-05,49,82,1,218,64,96,27.3,19.6,23.1,1.2,1.2,0.0,28.2
2024-07-06,24,64,5,73,52,68,24.8,16.6,21.1,0.2,0.2,0.0,14.0
2024-07-07,22,87,9,91,59,74,30.3,18.0,22.9,10.5,10.5,0.0,26.1
2024-07-08,141,285,9,569,181,186,30.8,21.0,25.2,0.7,0.7,0.0,20.5
2024-07-09,158,214,22,349,126,149,24.6,20.4,22.2,15.6,15.6,0.0,18.4
2024-07-10,98,233,33,242,162,160,23.9,19.2,21.3,16.0,16.0,0.0,27.5
2024-07-11,143,219,9,342,122,185,22.7,18.6,20.7,0.0,0.0,0.0,16.4
2024-07-12,109,231,5,347,110,128,25.7,18.2,21.9,0.0,0.0,0.0,14.3
2024-07-13,43,84,5,104,50,65,31.0,19.0,24.8,2.6,2.6,0.0,19.2
2024-07-14,46,93,42,101,162,61,31.9,22.4,25.6,44.2,44.2,0.0,24.6
2024-07-15,107,183,63,413,1420,165,32.8,22.0,26.1,29.8,29.8,0.0,32.7
2024-07-16,131,191,42,281,2239,133,30.4,22.4,24.9,7.2,7.2,0.0,39.0
2024-07-17,111,254,23,290,698,162,26.3,19.2,22.1,0.5,0.5,0.0,20.5
2024-07-18,112,204,19,222,635,188,20.7,17.0,19.1,0.1,0.1,0.0,27.1
2024-07-19,90,147,9,120,354,116,23.9,13.8,19.7,0.0,0.0,0.0,21.6
2024-07-20,42,89,4,121,229,63,24.6,15.9,21.0,0.0,0.0,0.0,15.5
2024-07-21,44,98,2,137,110,60,26.2,17.0,21.7,0.0,0.0,0.0,17.3
2024-07-22,127,253,17,224,319,174,24.1,18.9,21.8,0.5,0.5,0.0,17.1
2024-07-23,99,228,20,1072,290,146,29.6,18.1,23.1,2.3,2.3,0.0,23.9
2024-07-24,140,213,15,374,264,187,22.2,19.3,20.8,0.7,0.7,0.0,18.6
2024-07-25,129,229,7,155,196,202,22.3,18.2,20.2,0.0,0.0,0.0,17.4
2024-07-26,79,169,3,165,186,162,25.2,16.3,21.1,0.0,0.0,0.0,14.5
2024-07-27,24,95,3,88,89,84,28.0,17.1,22.9,0.0,0.0,0.0,19.5
2024-07-28,46,94,1,79,70,75,28.4,20.2,23.7,10.4,10.4,0.0,20.3
2024-07-29,117,253,3,778,234,192,27.3,20.9,23.6,11.7,11.7,0.0,32.9
2024-07-30,108,224,12,306,189,165,29.4,20.2,25.3,0.0,0.0,0.0,13.4
2024-07-31,66,210,6,466,183,184,31.8,21.9,26.3,2.9,2.9,0.0,22.4
2024-08-01,109,150,9,333,181,171,29.8,22.6,25.3,10.5,10.5,0.0,14.8
2024-08-02,76,169,11,320,136,135,25.5,21.8,23.4,0.6,0.6,0.0,26.3
2024-08-03,40,84,3,117,61,76,28.2,20.7,24.3,0.0,0.0,0.0,16.4
2024-08-04,29,73,2,86,46,71,30.9,19.8,25.5,0.1,0.1,0.0,13.5
2024-08-05,115,194,28,397,177,178,29.6,21.4,24.4,4.5,4.5,0.0,27.3
2024-08-06,90,183,6,379,184,153,25.3,19.6,21.1,0.8,0.8,0.0,41.2
2024-08-07,68,201,9,436,193,178,23.9,17.8,20.8,0.0,0.0,0.0,25.0
2024-08-08,78,155,4,361,175,173,28.1,17.0,23.3,0.0,0.0,0.0,14.4
2024-08-09,68,198,5,325,147,123,24.8,16.8,20.6,0.0,0.0,0.0,26.1
2024-08-10,26,93,0,99,69,78,25.8,14.3,19.8,0.0,0.0,0.0,25.8
2024-08-11,32,85,6,239,62,92,27.4,16.2,21.2,0.0,0.0,0.0,21.4
2024-08-12,92,235,7,431,155,201,27.0,15.0,21.5,0.0,0.0,0.0,18.6
2024-08-13,69,222,8,343,152,156,27.4,16.8,22.8,0.0,0.0,0.0,11.3
2024-08-14,139,195,7,324,131,184,27.5,18.7,23.5,0.0,0.0,0.0,18.2
2024-08-15,82,162,5,373,112,165,23.2,20.0,21.8,13.9,13.9,0.0,26.6
2024-08-16,85,140,37,366,102,128,29.8,19.5,24.0,13.3,13.3,0.0,23.4
2024-08-17,22,72,5,134,58,61,26.1,20.1,22.1,20.3,20.3,0.0,17.7
2024-08-18,26,94,7,228,45,66,22.6,18.8,20.6,0.7,0.7,0.0,31.4
2024-08-19,90,183,13,522,150,169,21.3,17.0,19.2,0.0,0.0,0.0,28.2
2024-08-20,65,193,12,515,139,157,20.1,15.8,18.0,0.0,0.0,0.0,25.2
2024-08-21,81,189,11,381,128,136,21.6,13.5,18.0,0.0,0.0,0.0,14.3
2024-08-22,86,180,4,539,107,170,24.7,11.1,18.6,0.0,0.0,0.0,12.3
2024-08-23,71,180,4,360,83,145,27.2,13.9,20.7,0.0,0.0,0.0,15.3
2024-08-24,27,75,2,91,42,84,29.0,16.1,22.9,0.1,0.1,0.0,17.3
2024-08-25,27,72,2,144,38,80,33.4,22.2,27.7,0.0,0.0,0.0,24.1
2024-08-26,85,222,10,594,135,161,35.7,25.1,29.6,0.2,0.2,0.0,22.9
2024-08-27,88,187,8,321,131,193,36.2,24.9,29.9,0.3,0.3,0.0,25.1
2024-08-28,81,162,14,391,203,167,30.0,22.4,24.9,0.5,0.5,0.0,18.6
2024-08-29,62,200,5,402,115,190,26.6,20.7,23.5,0.0,0.0,0.0,16.9
2024-08-30,73,156,3,328,115,157,31.6,22.7,25.6,4.3,4.3,0.0,21.0
2024-08-31,24,89,1,61,39,54,28.1,18.3,23.4,0.0,0.0,0.0,15.3
2024-09-01,23,69,0,57,43,64,22.5,17.1,19.9,0.0,0.0,0.0,34.7
2024-09-02,33,86,2,104,68,86,21.7,15.3,18.7,0.0,0.0,0.0,14.4
2024-09-03,67,225,7,431,128,135,22.9,13.6,18.9,0.0,0.0,0.0,14.0
2024-09-04,63,200,31,198,137,177,26.4,14.4,20.7,0.0,0.0,0.0,15.5
2024-09-05,64,138,16,316,125,180,31.5,18.8,24.3,10.0,10.0,0.0,22.4
2024-09-06,68,174,6,295,78,172,20.6,14.7,18.4,0.8,0.8,0.0,33.1
2024-09-07,22,59,3,66,51,75,16.3,10.7,13.6,0.7,0.7,0.0,28.8
2024-09-08,25,62,1,144,36,73,23.2,9.4,16.1,0.0,0.0,0.0,18.2
2024-09-09,111,226,13,209,104,158,27.5,14.2,20.2,0.0,0.0,0.0,24.1
2024-09-10,91,201,4,600,117,183,28.3,13.3,20.9,0.0,0.0,0.0,17.0
2024-09-11,96,165,8,354,112,163,29.5,15.2,22.2,0.0,0.0,0.0,14.3
2024-09-12,92,223,7,345,96,197,27.7,16.8,22.5,0.0,0.0,0.0,20.6
2024-09-13,82,169,2,281,103,145,26.7,19.0,22.9,0.0,0.0,0.0,22.3
2024-09-14,27,74,1,75,35,63,28.3,19.6,23.9,0.0,0.0,0.0,19.5
2024-09-15,35,95,1,116,33,75,29.2,19.6,24.1,0.0,0.0,0.0,18.5
2024-09-16,118,261,7,413,117,190,29.0,18.4,23.5,0.0,0.0,0.0,15.1
2024-09-17,92,149,10,327,98,181,25.7,16.8,21.5,0.0,0.0,0.0,15.2
2024-09-18,72,202,6,326,97,175,27.0,15.9,21.5,0.0,0.0,0.0,22.0
2024-09-19,81,168,6,262,103,158,30.3,16.2,23.2,0.0,0.0,0.0,18.3
2024-09-20,59,218,7,264,74,177,31.5,20.8,24.6,5.1,5.1,0.0,21.3
2024-09-21,25,86,1,89,23,72,30.6,18.2,24.0,0.0,0.0,0.0,16.1
2024-09-22,19,90,13,172,26,54,23.8,19.0,21.3,23.6,23.6,0.0,28.4
2024-09-23,107,204,18,404,100,195,18.5,16.2,17.1,1.1,1.1,0.0,29.1
2024-09-24,69,136,50,272,58,138,19.6,16.8,17.9,22.3,22.3,0.0,21.4
2024-09-25,54,159,21,253,89,169,22.1,14.2,17.8,0.0,0.0,0.0,17.1
2024-09-26,94,175,12,350,84,146,21.7,13.3,17.9,0.0,0.0,0.0,18.5
2024-09-27,72,203,8,449,103,152,19.6,17.9,18.7,0.0,0.0,0.0,39.7
2024-09-28,30,73,8,99,65,54,19.0,17.0,17.8,3.3,3.3,0.0,33.8
2024-09-29,23,89,0,99,45,67,20.5,17.7,18.9,0.1,0.1,0.0,28.1
2024-09-30,73,190,15,475,132,182,22.6,17.0,19.8,0.0,0.0,0.0,16.5
2024-10-01,64,172,13,199,117,146,19.2,13.6,17.4,0.1,0.1,0.0,31.4
2024-10-02,89,180,11,317,89,148,20.2,9.3,15.1,0.0,0.0,0.0,18.5
2024-10-03,63,215,6,322,77,172,23.2,11.1,16.8,0.0,0.0,0.0,18.7
2024-10-04,81,143,4,464,73,116,19.9,15.0,17.4,1.2,1.2,0.0,26.2
2024-10-05,22,84,1,105,42,59,26.3,14.7,19.9,0.0,0.0,0.0,34.5
2024-10-06,22,66,2,109,47,80,23.0,14.1,19.8,0.0,0.0,0.0,33.7
2024-10-07,75,178,8,273,105,192,18.9,10.2,14.0,0.0,0.0,0.0,17.8
2024-10-08,64,209,5,190,102,172,22.4,9.4,15.4,0.0,0.0,0.0,19.1
2024-10-09,46,270,12,477,85,138,18.6,9.3,14.6,0.0,0.0,0.0,18.2
2024-10-10,93,190,3,368,76,162,19.5,11.9,15.8,0.0,0.0,0.0,15.7
2024-10-11,68,164,6,157,64,124,28.2,11.6,19.3,0.0,0.0,0.0,26.5
2024-10-12,24,58,2,122,16,76,19.8,14.2,16.1,18.0,18.0,0.0,28.6
2024-10-13,14,54,1,422,39,50,18.5,10.5,14.5,0.8,0.8,0.0,37.4
2024-10-14,30,93,2,197,65,130,12.0,7.1,9.4,2.7,2.7,0.0,37.4
2024-10-15,80,135,9,395,71,116,9.3,5.6,7.7,5.3,5.0,0.21,39.2
2024-10-16,87,154,7,457,80,170,12.1,3.6,7.8,0.0,0.0,0.0,23.8
2024-10-17,71,135,6,348,70,157,16.4,2.9,9.2,0.0,0.0,0.0,17.6
2024-10-18,52,123,7,251,72,144,18.4,5.9,11.5,0.0,0.0,0.0,20.6
2024-10-19,20,72,2,74,48,81,20.3,5.9,12.6,0.0,0.0,0.0,16.6
2024-10-20,17,69,3,156,31,70,24.1,10.1,16.1,0.0,0.0,0.0,21.2
2024-10-21,44,195,6,310,89,150,25.5,11.6,17.7,0.0,0.0,0.0,20.2
2024-10-22,50,237,10,369,66,169,22.7,11.7,17.3,0.2,0.2,0.0,28.4
2024-10-23,56,178,3,400,71,159,17.9,8.2,14.4,0.0,0.0,0.0,23.3
2024-10-24,61,164,5,437,72,143,17.0,4.3,10.9,0.0,0.0,0.0,20.6
2024-10-25,59,162,5,294,56,109,18.4,9.6,12.9,21.3,21.3,0.0,20.5
2024-10-26,23,64,4,107,21,58,12.2,7.0,9.3,0.0,0.0,0.0,19.8
2024-10-27,21,54,3,125,14,73,13.6,2.8,7.9,0.0,0.0,0.0,12.4
2024-10-28,62,184,10,366,64,161,17.8,6.0,11.7,0.0,0.0,0.0,26.8
2024-10-29,94,140,10,385,72,174,25.5,17.6,21.5,0.0,0.0,0.0,34.6
2024-10-30,43,144,5,391,81,124,24.8,19.0,21.4,0.0,0.0,0.0,35.3
2024-10-31,63,117,8,391,136,128,20.7,6.6,15.9,4.2,4.2,0.0,39.4
2024-11-01,41,150,6,305,103,123,10.4,4.1,7.0,0.0,0.0,0.0,26.3
2024-11-02,22,81,6,141,41,51,12.5,3.9,8.2,0.0,0.0,0.0,18.3
2024-11-03,8,52,5,124,38,73,17.1,8.5,12.5,1.1,1.1,0.0,31.2
2024-11-04,51,121,7,289,84,182,20.6,16.3,18.1,9.1,9.1,0.0,35.1
2024-11-05,31,126,20,157,55,118,20.1,15.1,17.8,32.3,32.3,0.0,38.2
2024-11-06,90,107,10,392,59,147,14.8,10.5,12.0,0.0,0.0,0.0,16.1
2024-11-07,57,133,16,307,77,158,13.4,6.0,9.2,0.0,0.0,0.0,15.8
2024-11-08,47,119,6,265,41,157,14.9,6.0,9.9,0.0,0.0,0.0,20.8
2024-11-09,22,71,8,87,27,75,12.4,8.0,10.2,0.6,0.6,0.0,22.2
2024-11-10,19,53,2,128,20,63,16.4,10.0,12.2,3.8,3.8,0.0,38.9
2024-11-11,37,100,7,222,30,130,13.4,6.8,9.6,0.0,0.0,0.0,30.8
2024-11-12,57,218,9,563,48,169,8.4,6.7,7.7,0.0,0.0,0.0,28.3
2024-11-13,73,117,5,200,55,155,10.2,5.0,7.4,7.0,7.0,0.0,19.4
2024-11-14,55,113,8,260,43,134,13.2,9.4,10.8,13.0,13.0,0.0,15.5
2024-11-15,104,181,5,129,27,134,11.4,7.0,9.3,0.2,0.2,0.0,10.3
2024-11-16,33,54,3,72,10,84,11.2,6.3,8.6,0.0,0.0,0.0,16.5
2024-11-17,20,97,3,185,12,76,14.8,7.8,10.8,2.7,2.7,0.0,15.9
2024-11-18,82,136,11,402,49,111,14.3,9.6,11.8,10.9,10.9,0.0,25.8
2024-11-19,92,118,7,435,45,148,16.9,9.4,14.4,2.2,2.2,0.0,27.5
2024-11-20,88,120,12,553,32,121,8.6,1.3,5.7,2.1,1.8,0.21,24.8
2024-11-21,38,97,9,496,18,95,4.9,-0.5,1.7,9.4,1.6,5.46,33.4
2024-11-22,87,111,9,483,21,130,8.4,2.8,5.8,0.0,0.0,0.0,20.6
2024-11-23,28,40,5,130,12,107,6.5,2.9,4.7,0.0,0.0,0.0,14.4
2024-11-24,20,50,1,159,14,75,9.2,2.2,5.7,0.0,0.0,0.0,14.3
2024-11-25,59,136,9,400,35,140,11.1,3.7,8.5,0.5,0.5,0.0,19.9
2024-11-26,92,93,6,309,46,126,3.0,-3.0,0.5,0.0,0.0,0.0,19.9
2024-11-27,48,55,5,247,14,122,5.3,1.3,3.1,0.0,0.0,0.0,10.5
2024-11-28,10,31,5,62,2,30,4.3,-2.1,-0.7,0.1,0.1,0.0,19.8
2024-11-29,14,62,3,277,11,93,-2.3,-6.1,-4.1,0.0,0.0,0.0,22.3
2024-11-30,16,35,7,106,6,88,-3.1,-9.6,-6.3,0.0,0.0,0.0,16.4
2024-12-01,12,40,3,124,5,75,-3.3,-10.1,-6.7,0.0,0.0,0.0,15.8
2024-12-02,47,111,8,273,16,144,-2.8,-9.0,-6.1,0.0,0.0,0.0,11.9
2024-12-03,67,64,5,386,18,152,-1.3,-7.6,-4.6,0.0,0.0,0.0,21.1
2024-12-04,46,96,9,149,23,145,3.4,-5.2,-1.3,0.5,0.3,0.14,33.5
2024-12-05,33,56,5,298,47,137,-1.6,-11.1,-6.7,0.0,0.0,0.0,28.8
2024-12-06,48,67,4,334,28,117,-0.8,-10.0,-5.0,0.0,0.0,0.0,17.6
2024-12-07,24,34,4,115,13,69,6.9,-4.7,1.3,0.0,0.0,0.0,24.5
2024-12-08,18,40,5,192,12,71,9.9,3.7,6.9,0.0,0.0,0.0,21.8
2024-12-09,72,125,17,469,54,145,8.8,5.8,7.5,0.1,0.1,0.0,18.7
2024-12-10,86,198,7,410,31,150,5.5,-1.3,1.0,0.0,0.0,0.0,13.6
2024-12-11,82,100,9,327,20,124,0.5,-8.5,-2.8,0.7,0.0,0.49,27.0
2024-12-12,49,69,6,262,15,117,-9.0,-15.1,-11.5,0.0,0.0,0.0,25.9
2024-12-13,33,55,4,270,14,113,-3.5,-12.3,-7.8,0.0,0.0,0.0,16.1
2024-12-14,16,26,7,76,19,85,2.7,-4.1,-0.6,7.1,7.1,0.0,23.0
2024-12-15,30,32,6,56,9,65,7.7,3.0,5.3,3.4,3.4,0.0,24.1
2024-12-16,102,91,12,311,27,165,11.2,3.3,6.4,1.4,1.4,0.0,21.6
2024-12-17,55,99,11,331,17,146,4.3,0.1,2.1,0.0,0.0,0.0,19.4
2024-12-18,70,100,10,307,14,142,1.2,-3.1,-0.4,0.6,0.0,0.42,14.6
2024-12-19,30,76,8,319,16,150,0.2,-3.2,-1.7,2.0,0.0,1.4,16.0
2024-12-20,50,38,6,211,11,106,1.1,-4.6,-0.9,2.4,0.2,1.54,27.8
2024-12-21,16,25,1,74,5,72,-5.1,-9.1,-6.8,0.0,0.0,0.0,15.7
2024-12-22,7,39,1,117,4,66,-0.2,-9.7,-4.2,0.0,0.0,0.0,20.2
2024-12-23,23,64,10,276,8,141,4.2,-1.0,1.4,0.7,0.2,0.35,20.5
2024-12-24,21,42,6,111,8,88,2.7,0.3,1.5,0.0,0.0,0.0,13.1
2024-12-25,10,27,3,97,0,39,2.8,-0.8,1.4,0.0,0.0,0.0,10.8
2024-12-26,19,95,8,339,10,139,8.2,2.5,5.1,1.0,1.0,0.0,14.6
2024-12-27,25,86,9,287,11,127,9.7,5.3,7.1,5.8,5.8,0.0,18.8
2024-12-28,15,49,2,118,11,84,9.9,6.2,8.6,1.1,1.1,0.0,24.2
2024-12-29,25,41,33,120,7,74,6.4,2.4,4.7,14.5,14.5,0.0,20.9
2024-12-30,45,151,25,293,20,155,5.7,0.3,2.7,0.0,0.0,0.0,13.8
2024-12-31,27,56,48,121,13,111,4.6,0.7,2.8,7.5,7.5,0.0,27.4
2025-01-01,27,42,4,121,0,72,0.8,-3.0,-1.1,0.1,0.0,0.07,22.2
2025-01-02,52,97,16,275,29,176,-0.3,-4.2,-2.4,0.2,0.0,0.14,17.4
2025-01-03,59,100,10,205,16,139,-3.1,-7.0,-4.9,0.0,0.0,0.0,20.7
2025-01-04,23,27,2,79,11,81,-5.1,-11.0,-8.0,0.0,0.0,0.0,17.3
2025-01-05,27,43,2,98,4,100,-2.3,-9.0,-6.6,0.4,0.1,0.21,20.2
2025-01-06,41,100,5,307,14,193,-0.9,-4.1,-2.1,3.2,0.1,2.17,27.6
2025-01-07,118,112,5,272,12,174,-4.1,-8.6,-6.1,0.0,0.0,0.0,14.4
2025-01-08,95,107,6,296,16,184,-4.1,-10.2,-7.0,0.0,0.0,0.0,11.1
2025-01-09,98,78,10,296,21,174,-3.8,-11.7,-7.5,0.0,0.0,0.0,16.5
2025-01-10,82,62,7,292,13,102,-2.0,-6.6,-3.7,4.0,0.0,2.8,16.4
2025-01-11,23,38,5,120,7,110,-0.9,-6.0,-3.3,0.0,0.0,0.0,14.3
2025-01-12,23,38,5,178,5,83,1.5,-4.1,-1.5,2.1,0.1,1.4,23.9
2025-01-13,120,75,12,234,15,174,-4.7,-12.7,-9.6,0.0,0.0,0.0,20.3
2025-01-14,74,71,9,301,8,150,-9.0,-13.0,-11.7,1.4,0.0,0.98,22.4
2025-01-15,54,76,5,251,9,151,-8.4,-15.7,-12.3,0.1,0.0,0.07,20.9
2025-01-16,130,73,14,268,11,175,2.2,-8.0,-2.2,0.4,0.0,0.28,20.6
2025-01-17,188,72,3,348,6,176,5.1,-4.8,0.3,0.0,0.0,0.0,29.2
2025-01-18,25,28,4,88,5,102,3.7,-7.0,-2.0,0.0,0.0,0.0,24.8
2025-01-19,15,15,5,114,7,64,-8.1,-16.2,-13.0,0.0,0.0,0.0,18.2
2025-01-20,21,18,14,88,2,89,-11.7,-18.5,-15.1,0.0,0.0,0.0,23.1
2025-01-21,51,45,12,361,7,147,-15.4,-21.1,-18.4,0.0,0.0,0.0,18.7
2025-01-22,96,63,18,284,7,133,-5.0,-18.3,-11.0,0.8,0.0,0.56,27.6
2025-01-23,62,104,12,279,6,139,-4.3,-12.9,-8.4,0.9,0.0,0.63,19.3
2025-01-24,160,42,10,253,6,158,-7.1,-16.6,-11.9,0.0,0.0,0.0,17.8
2025-01-25,30,39,7,70,3,119,2.9,-6.7,-2.5,0.0,0.0,0.0,22.1
2025-01-26,12,26,7,112,6,80,-1.2,-8.0,-4.6,0.0,0.0,0.0,17.8
2025-01-27,120,154,19,291,11,179,4.2,-7.4,-1.9,0.0,0.0,0.0,25.4
2025-01-28,117,83,19,312,21,207,6.8,-2.6,2.4,0.0,0.0,0.0,27.7
2025-01-29,127,115,14,310,24,205,6.4,0.5,3.7,0.0,0.0,0.0,22.4
2025-01-30,172,68,13,411,18,167,8.5,-2.4,2.8,15.9,15.9,0.0,20.0
2025-01-31,126,79,156,286,14,170,4.3,1.1,2.5,30.8,30.8,0.0,26.6
2025-02-01,80,51,24,112,15,90,0.9,-2.1,-1.0,0.0,0.0,0.0,20.4
2025-02-02,61,32,9,207,8,110,8.8,-0.7,3.3,0.5,0.1,0.28,17.7
2025-02-03,226,120,25,302,23,209,7.3,1.2,3.5,0.0,0.0,0.0,21.6
2025-02-04,286,91,12,552,14,182,1.0,-4.7,-2.9,0.0,0.0,0.0,20.9
2025-02-05,237,115,8,238,13,171,-0.2,-3.8,-2.3,0.9,0.7,0.14,17.3
2025-02-06,189,95,14,158,9,194,2.7,-1.2,0.5,1.1,0.8,0.21,26.7
2025-02-07,161,200,7,206,12,172,-0.7,-7.8,-4.0,0.0,0.0,0.0,21.3
2025-02-08,33,34,7,111,10,99,0.2,-2.6,-1.1,0.4,0.0,0.28,15.3
2025-02-09,38,27,3,137,5,73,-0.9,-4.5,-2.6,0.0,0.0,0.0,15.8
2025-02-10,172,90,13,441,9,197,0.1,-8.7,-3.9,0.0,0.0,0.0,10.8
2025-02-11,198,114,9,357,21,196,-2.9,-4.5,-3.7,0.4,0.0,0.28,19.2
2025-02-12,109,59,7,147,7,118,-2.6,-4.1,-3.3,8.9,0.1,6.16,24.1
2025-02-13,100,45,5,272,8,91,-2.9,-14.7,-9.2,0.9,0.1,0.56,20.4
2025-02-14,196,48,6,340,8,134,-3.8,-18.2,-10.9,4.9,0.0,3.43,19.2
2025-02-15,26,40,2,78,4,81,-0.2,-3.4,-1.2,0.0,0.0,0.0,20.5
2025-02-16,64,23,2,127,3,64,-1.3,-11.6,-4.7,0.8,0.0,0.56,24.7
2025-02-17,114,33,6,165,4,108,-12.6,-17.4,-15.6,0.0,0.0,0.0,20.4
2025-02-18,85,51,12,355,8,188,-14.3,-21.9,-17.9,0.0,0.0,0.0,17.0
2025-02-19,161,63,7,355,3,205,-11.4,-16.3,-14.1,0.1,0.0,0.07,14.0
2025-02-20,123,72,13,462,6,206,-7.7,-16.3,-11.7,0.0,0.0,0.0,14.7
2025-02-21,157,57,5,306,11,171,-4.6,-12.6,-8.5,0.0,0.0,0.0,14.8
2025-02-22,35,24,4,87,3,106,-1.1,-10.0,-5.4,0.0,0.0,0.0,16.8
2025-02-23,69,49,2,159,2,114,5.0,-5.4,-0.4,0.0,0.0,0.0,17.1
2025-02-24,203,107,14,434,13,234,11.5,2.7,6.6,0.3,0.3,0.0,24.4
2025-02-25,189,103,14,294,24,243,10.6,1.9,5.4,2.1,2.1,0.0,12.3
2025-02-26,226,95,8,337,26,234,8.1,1.4,3.6,1.3,1.3,0.0,16.3
2025-02-27,183,105,7,289,16,202,8.7,1.1,4.5,1.1,1.1,0.0,24.8
2025-02-28,255,83,12,247,28,209,13.2,0.8,6.3,0.0,0.0,0.0,29.3
2025-03-01,58,36,6,152,13,82,1.9,-4.7,-3.2,0.0,0.0,0.0,23.4
2025-03-02,32,42,6,166,14,81,0.7,-7.9,-3.2,0.0,0.0,0.0,6.4
2025-03-03,88,81,9,177,19,188,7.7,-1.5,3.0,0.0,0.0,0.0,19.3
2025-03-04,188,94,28,217,28,173,11.2,5.2,7.6,10.9,10.9,0.0,24.7
2025-03-05,339,74,52,309,31,170,10.8,-1.1,6.0,11.6,10.3,0.91,25.9
2025-03-06,283,86,21,339,24,183,4.2,-2.5,0.3,0.0,0.0,0.0,25.5
2025-03-07,195,85,14,323,27,178,1.9,0.2,0.8,3.9,1.3,1.82,10.1
2025-03-08,66,47,5,156,19,107,9.2,-1.5,3.2,0.0,0.0,0.0,18.2
2025-03-09,85,44,5,131,20,87,13.2,0.5,6.6,0.0,0.0,0.0,16.8
2025-03-10,215,149,22,363,39,195,17.7,3.8,10.6,0.0,0.0,0.0,22.8
2025-03-11,400,114,10,390,48,212,12.6,0.8,5.8,0.0,0.0,0.0,24.5
2025-03-12,239,113,18,425,32,227,6.6,1.2,3.7,0.0,0.0,0.0,15.7
2025-03-13,291,200,14,347,28,186,9.6,0.9,5.2,0.0,0.0,0.0,15.2
2025-03-14,203,84,8,302,42,174,23.3,8.5,15.8,0.2,0.2,0.0,27.6
2025-03-15,80,57,14,237,42,86,19.7,6.7,15.0,10.2,10.2,0.0,32.8
2025-03-16,41,38,12,196,11,67,5.6,-1.0,1.4,13.4,7.2,4.34,16.4
2025-03-17,343,111,20,247,41,171,10.2,-3.5,3.3,0.2,0.1,0.07,23.7
2025-03-18,213,95,11,298,60,161,19.6,7.4,12.8,0.0,0.0,0.0,23.4
2025-03-19,329,97,38,319,35,151,12.8,2.7,6.2,14.1,14.1,0.0,26.9
2025-03-20,154,81,34,282,33,142,5.0,0.4,2.0,5.9,0.8,3.57,31.5
2025-03-21,157,85,26,300,43,192,13.5,-1.1,6.1,0.2,0.2,0.0,25.7
2025-03-22,58,28,10,93,23,91,7.5,0.9,2.9,0.2,0.0,0.14,20.3
2025-03-23,62,44,7,178,15,78,9.1,1.6,4.9,7.4,7.4,0.0,28.9
2025-03-24,257,128,13,305,58,166,8.4,0.9,4.2,0.0,0.0,0.0,27.1
2025-03-25,227,106,15,303,58,200,6.9,0.2,3.0,0.6,0.5,0.07,10.7
2025-03-26,178,125,11,327,72,192,6.4,-0.8,3.1,1.6,0.2,0.98,9.7
2025-03-27,263,100,12,314,50,165,13.0,4.1,8.2,0.0,0.0,0.0,12.5
2025-03-28,232,98,18,254,48,155,24.2,6.9,15.4,6.7,6.7,0.0,28.8
2025-03-29,80,51,4,119,25,89,20.3,11.6,17.2,0.7,0.7,0.0,29.0
2025-03-30,73,42,11,112,39,77,22.0,7.7,15.7,5.4,5.4,0.0,23.8
2025-03-31,285,164,18,248,99,167,6.8,1.7,4.0,0.9,0.9,0.0,18.2
2025-04-01,246,147,9,314,62,190,6.2,0.6,3.0,0.0,0.0,0.0,25.5
2025-04-02,149,127,246,220,39,154,20.7,5.2,11.5,20.9,20.9,0.0,28.8
2025-04-03,243,113,71,293,59,191,15.6,5.8,9.9,0.1,0.1,0.0,22.9
2025-04-04,199,105,41,211,43,168,7.4,4.4,6.0,2.9,2.9,0.0,16.7
2025-04-05,83,55,16,95,30,111,10.7,4.6,6.6,5.5,5.5,0.0,20.1
2025-04-06,70,60,6,98,34,72,6.2,2.9,4.6,0.0,0.0,0.0,17.3
2025-04-07,160,138,21,404,48,150,5.8,-0.2,2.3,0.7,0.4,0.21,27.4
2025-04-08,172,134,15,248,51,204,3.6,-2.4,0.9,0.0,0.0,0.0,17.6
2025-04-09,153,105,12,223,42,190,7.7,0.2,3.4,2.2,2.2,0.0,18.6
2025-04-10,203,135,6,296,46,189,5.5,2.2,3.5,0.0,0.0,0.0,17.3
2025-04-11,164,117,12,238,35,158,8.0,2.4,5.0,0.0,0.0,0.0,14.1
2025-04-12,73,56,4,113,35,97,12.3,0.7,7.2,0.3,0.3,0.0,14.0
2025-04-13,76,52,5,129,23,85,16.6,7.6,12.3,0.7,0.7,0.0,21.3
2025-04-14,173,173,8,330,84,185,18.0,10.6,14.2,0.0,0.0,0.0,27.2
2025-04-15,186,84,9,328,50,153,10.7,4.4,8.1,1.2,1.2,0.0,28.1
2025-04-16,156,122,6,306,49,181,7.2,2.5,5.0,0.0,0.0,0.0,15.7
2025-04-17,134,109,7,245,35,171,20.2,4.3,11.9,0.6,0.6,0.0,24.7
2025-04-18,116,103,2,256,45,159,27.1,14.0,20.2,0.7,0.7,0.0,26.9
2025-04-19,62,47,4,160,24,76,17.9,6.8,10.8,0.8,0.8,0.0,21.8
2025-04-20,61,48,6,132,8,51,14.3,7.9,11.0,2.0,2.0,0.0,26.4
2025-04-21,180,123,8,354,70,180,16.2,8.8,13.2,11.9,11.9,0.0,31.5
2025-04-22,208,144,8,257,69,200,20.7,6.0,13.1,6.9,6.9,0.0,12.3
2025-04-23,252,132,13,282,65,151,20.9,12.4,15.6,7.0,7.0,0.0,12.1
2025-04-24,160,131,13,350,46,198,18.1,7.7,13.3,0.0,0.0,0.0,12.9
2025-04-25,150,121,19,282,43,155,12.9,8.0,9.4,0.1,0.1,0.0,25.8
2025-04-26,72,49,2,132,34,94,9.3,5.6,7.6,0.0,0.0,0.0,25.1
2025-04-27,68,77,4,121,39,79,16.5,4.3,10.9,0.0,0.0,0.0,13.8
2025-04-28,164,156,11,329,86,154,27.7,10.8,19.6,0.0,0.0,0.0,28.3
2025-04-29,169,151,5,237,93,186,24.1,9.6,19.7,0.0,0.0,0.0,28.1
2025-04-30,128,140,7,225,67,191,14.7,7.4,11.4,0.2,0.2,0.0,13.5
2025-05-01,263,95,8,264,58,191,21.4,10.8,16.0,17.9,17.9,0.0,22.6
2025-05-02,176,90,6,165,41,148,13.8,7.3,9.8,0.9,0.9,0.0,12.1
2025-05-03,50,52,3,99,22,83,8.8,6.4,7.5,0.0,0.0,0.0,22.1
2025-05-04,45,57,3,171,30,95,10.1,6.4,7.6,5.7,5.7,0.0,22.5
2025-05-05,157,141,12,538,74,186,13.8,7.4,10.1,1.5,1.5,0.0,16.8
2025-05-06,173,129,7,339,98,214,22.5,8.4,15.0,0.0,0.0,0.0,15.6
2025-05-07,140,134,7,354,75,179,18.2,8.0,12.0,0.0,0.0,0.0,17.2
2025-05-08,220,124,3,449,77,167,11.9,6.7,9.1,0.0,0.0,0.0,22.2
2025-05-09,107,119,5,307,59,173,14.9,5.7,10.3,0.0,0.0,0.0,10.1
2025-05-10,43,66,2,70,31,89,22.0,9.0,12.3,0.0,0.0,0.0,20.2
2025-05-11,42,56,1,107,24,75,18.1,7.4,12.9,0.0,0.0,0.0,14.6
2025-05-12,120,174,7,418,86,200,21.8,12.0,17.3,1.1,1.1,0.0,13.8
2025-05-13,189,215,4,365,73,210,22.5,12.9,17.3,0.0,0.0,0.0,12.4
2025-05-14,125,240,14,364,78,202,21.0,12.0,15.4,0.0,0.0,0.0,10.7
2025-05-15,161,179,8,356,321,219,32.3,14.1,22.7,3.2,3.2,0.0,20.9
2025-05-16,81,139,16,267,1159,139,29.5,17.9,23.8,0.6,0.6,0.0,33.6
2025-05-17,47,54,1,109,361,80,19.2,12.5,16.2,0.1,0.1,0.0,27.5
2025-05-18,36,51,0,185,237,68,14.8,8.3,11.9,0.0,0.0,0.0,13.2
2025-05-19,97,172,8,418,464,178,12.3,6.5,8.6,0.0,0.0,0.0,23.2
2025-05-20,137,222,15,287,354,168,13.8,9.3,11.6,22.2,22.2,0.0,28.2
2025-05-21,88,189,10,217,273,166,12.1,9.4,10.4,4.0,4.0,0.0,14.3
2025-05-22,128,120,10,291,250,171,11.5,8.6,9.9,0.9,0.9,0.0,15.7
2025-05-23,103,128,5,147,212,143,14.1,6.7,10.0,0.0,0.0,0.0,15.1
2025-05-24,45,75,4,90,105,74,13.9,7.4,11.1,0.0,0.0,0.0,12.2
2025-05-25,34,49,1,100,62,49,14.9,10.3,12.0,0.4,0.4,0.0,10.3
2025-05-26,32,79,6,123,92,79,15.6,8.7,11.8,0.0,0.0,0.0,12.4
2025-05-27,124,224,7,469,226,190,16.1,10.6,13.3,0.1,0.1,0.0,14.6
2025-05-28,113,140,7,288,182,170,15.0,10.3,12.6,9.8,9.8,0.0,11.4
2025-05-29,168,149,10,300,163,168,20.3,10.0,15.0,0.2,0.2,0.0,9.4
2025-05-30,111,174,7,312,147,146,25.6,11.8,18.5,2.7,2.7,0.0,20.4
2025-05-31,36,64,2,159,79,57,17.7,9.9,12.1,0.0,0.0,0.0,16.2
2025-06-01,45,110,1,185,67,72,16.4,8.5,12.9,0.0,0.0,0.0,11.2
2025-06-02,95,224,8,410,150,202,29.8,10.6,20.7,0.0,0.0,0.0,16.9
2025-06-03,122,216,2,321,233,167,31.8,20.0,25.9,0.9,0.9,0.0,32.5
2025-06-04,104,182,26,313,148,158,23.8,13.1,16.4,31.8,31.8,0.0,21.9
2025-06-05,187,123,14,292,158,177,18.1,10.8,13.9,0.0,0.0,0.0,13.3
2025-06-06,152,166,6,315,160,183,20.1,13.3,16.1,0.0,0.0,0.0,11.4
2025-06-07,33,95,3,111,79,62,20.5,12.7,16.7,0.3,0.3,0.0,12.7
2025-06-08,29,107,12,192,85,76,25.9,14.0,19.2,3.5,3.5,0.0,21.7
2025-06-09,106,219,18,326,195,197,22.1,13.4,17.3,8.9,8.9,0.0,20.6
2025-06-10,129,171,12,311,190,167,25.9,13.2,19.4,0.0,0.0,0.0,19.8
2025-06-11,128,185,2,362,159,206,33.1,17.2,25.5,0.0,0.0,0.0,21.5
2025-06-12,117,205,5,463,120,152,25.3,15.9,21.1,0.2,0.2,0.0,12.4
2025-06-13,88,133,7,305,97,138,21.9,15.4,18.7,2.5,2.5,0.0,12.8
2025-06-14,31,78,6,179,40,67,20.2,14.9,16.9,0.0,0.0,0.0,12.4
2025-06-15,25,73,3,181,50,77,23.9,14.5,18.5,0.0,0.0,0.0,10.6
2025-06-16,86,214,6,329,144,169,28.0,16.0,22.3,0.0,0.0,0.0,13.4
2025-06-17,90,199,8,283,128,181,33.5,21.1,26.7,2.7,2.7,0.0,17.9
2025-06-18,99,188,40,224,117,176,24.7,18.6,21.7,41.1,41.1,0.0,12.0
2025-06-19,56,111,56,113,100,131,25.7,18.7,21.4,9.3,9.3,0.0,16.0
2025-06-20,95,168,16,314,136,147,27.3,19.3,23.4,0.0,0.0,0.0,19.6
2025-06-21,38,76,7,88,72,62,33.2,23.5,28.4,0.0,0.0,0.0,26.0
2025-06-22,43,71,10,164,74,51,34.3,25.7,30.1,0.0,0.0,0.0,22.5
2025-06-23,104,173,8,315,208,207,35.6,25.9,30.9,0.0,0.0,0.0,23.5
2025-06-24,111,185,17,256,134,175,35.2,22.6,27.5,9.8,9.8,0.0,13.7
2025-06-25,104,238,16,340,177,183,26.0,20.9,23.2,2.8,2.8,0.0,12.7
2025-06-26,124,186,12,316,117,183,30.7,24.3,27.2,7.5,7.5,0.0,13.6
2025-06-27,97,172,10,252,110,146,29.3,23.6,26.2,2.0,2.0,0.0,20.3
2025-06-28,37,83,4,99,46,89,25.5,20.2,22.9,0.0,0.0,0.0,9.5
2025-06-29,37,78,3,148,46,65,30.9,21.8,26.0,0.0,0.0,0.0,10.3
2025-06-30,117,212,16,329,189,164,30.8,22.1,25.8,0.7,0.7,0.0,10.6
2025-07-01,76,250,6,239,172,181,27.5,20.6,24.5,0.0,0.0,0.0,12.2
2025-07-02,103,187,8,311,204,149,32.3,21.0,26.9,0.0,0.0,0.0,12.4
2025-07-03,67,171,6,258,106,138,31.8,22.5,27.3,0.0,0.0,0.0,12.5
2025-07-04,24,54,1,71,32,62,30.6,22.3,26.5,12.6,12.6,0.0,9.1
2025-07-05,29,74,2,87,35,76,33.9,24.1,29.3,0.0,0.0,0.0,21.5
2025-07-06,27,85,8,120,45,62,28.8,19.7,25.1,6.1,6.1,0.0,17.8
2025-07-07,124,249,4,312,124,208,22.5,19.1,20.8,0.1,0.1,0.0,15.0
2025-07-08,111,237,28,198,141,195,31.2,19.6,24.7,1.6,1.6,0.0,10.7
2025-07-09,80,188,38,280,132,229,26.1,20.3,22.2,7.6,7.6,0.0,13.4
2025-07-10,126,218,24,248,138,156,26.0,19.4,22.6,2.1,2.1,0.0,11.4
2025-07-11,89,152,83,212,144,148,31.0,21.3,24.8,20.0,20.0,0.0,19.6
2025-07-12,35,101,10,86,57,76,28.3,22.3,25.2,0.2,0.2,0.0,16.0
2025-07-13,48,94,6,143,75,86,27.1,20.5,23.7,0.0,0.0,0.0,9.5
2025-07-14,144,294,20,343,187,212,28.6,18.4,23.7,0.0,0.0,0.0,7.3
2025-07-15,121,224,23,284,169,190,30.6,21.3,26.3,0.6,0.6,0.0,11.3
2025-07-16,84,198,8,270,177,190,33.4,23.3,27.2,2.8,2.8,0.0,20.3
2025-07-17,77,452,13,245,198,186,23.3,17.4,19.7,0.4,0.4,0.0,18.6
2025-07-18,106,206,10,299,182,139,24.4,16.7,21.0,0.0,0.0,0.0,11.1
2025-07-19,44,107,2,115,61,104,28.6,21.5,24.4,3.2,3.2,0.0,17.7
2025-07-20,41,90,3,197,76,88,23.8,20.1,21.8,6.9,6.9,0.0,14.9
2025-07-21,95,308,8,393,184,205,25.0,20.1,22.1,0.0,0.0,0.0,13.3
2025-07-22,91,232,5,277,144,206,29.0,20.4,24.4,0.0,0.0,0.0,15.7
2025-07-23,90,213,11,271,136,195,33.7,21.7,27.6,0.0,0.0,0.0,17.6
2025-07-24,61,168,16,337,296,152,35.0,24.9,28.9,1.5,1.5,0.0,19.7
2025-07-25,87,166,639,289,330,125,27.3,22.8,24.5,4.3,4.3,0.0,12.0
2025-07-26,41,96,677,104,115,77,28.7,22.6,24.8,3.9,3.9,0.0,12.9
2025-07-27,37,99,253,101,84,94,29.0,22.6,25.7,0.4,0.4,0.0,10.4
2025-07-28,93,245,541,344,261,260,29.5,24.0,26.3,1.5,1.5,0.0,9.9
2025-07-29,96,234,485,180,223,245,32.2,22.0,26.8,0.0,0.0,0.0,11.7
2025-07-30,84,207,490,390,204,217,25.0,19.5,22.9,19.0,19.0,0.0,20.7
2025-07-31,74,229,252,269,196,218,20.9,18.8,19.7,7.7,7.7,0.0,22.5
2025-08-01,68,175,177,291,162,225,22.0,18.2,19.9,0.0,0.0,0.0,16.3
2025-08-02,33,95,58,140,82,94,23.6,17.7,20.6,0.0,0.0,0.0,10.0
2025-08-03,27,115,57,168,67,98,23.7,16.7,21.1,0.0,0.0,0.0,12.0
2025-08-04,96,241,110,258,186,235,24.4,19.8,22.2,0.2,0.2,0.0,12.6
2025-08-05,92,198,61,298,140,234,25.0,20.7,22.7,0.0,0.0,0.0,11.8
2025-08-06,88,240,64,330,189,203,28.5,19.5,23.9,0.0,0.0,0.0,14.6
2025-08-07,117,203,67,286,139,188,30.4,21.6,25.6,1.5,1.5,0.0,10.3
2025-08-08,66,186,33,316,94,176,33.2,23.0,28.0,0.0,0.0,0.0,17.2
2025-08-09,26,81,6,80,57,70,33.6,24.1,28.7,0.0,0.0,0.0,21.0
2025-08-10,27,69,7,135,69,91,32.5,24.5,28.1,0.5,0.5,0.0,18.6
2025-08-11,83,221,60,274,146,213,31.7,22.6,26.5,8.7,8.7,0.0,17.6
2025-08-12,87,163,266,325,143,186,29.4,21.4,24.1,10.2,10.2,0.0,10.5
2025-08-13,125,203,178,333,175,197,26.5,21.7,23.7,0.0,0.0,0.0,11.5
2025-08-14,72,213,127,298,142,159,26.3,19.7,23.3,0.0,0.0,0.0,10.8
2025-08-15,73,186,110,314,78,152,32.5,20.4,26.8,0.0,0.0,0.0,11.1
2025-08-16,32,76,20,91,37,74,33.8,24.6,28.3,0.0,0.0,0.0,16.8
2025-08-17,40,107,3653,163,138,68,26.1,21.8,24.1,0.3,0.3,0.0,14.5
2025-08-18,51,216,1725,275,196,143,29.0,21.7,24.6,7.0,7.0,0.0,14.2
2025-08-19,93,207,1380,235,182,172,24.3,21.8,22.9,8.7,8.7,0.0,21.0
2025-08-20,103,203,882,348,165,221,22.2,20.5,21.4,0.4,0.4,0.0,17.4
2025-08-21,95,177,679,324,151,218,22.7,19.8,21.1,0.5,0.5,0.0,15.1
2025-08-22,72,196,710,321,122,149,25.6,17.9,22.2,0.0,0.0,0.0,9.2
2025-08-23,24,108,82,79,52,92,27.8,19.7,23.0,0.6,0.6,0.0,19.2
2025-08-24,27,88,53,158,73,78,23.5,15.8,19.5,0.0,0.0,0.0,18.9
2025-08-25,101,231,152,222,129,174,21.1,13.6,17.7,0.0,0.0,0.0,15.0
2025-08-26,77,205,96,346,131,239,22.0,13.4,17.8,0.1,0.1,0.0,12.6
2025-08-27,88,194,94,316,131,173,24.6,13.8,19.2,0.0,0.0,0.0,16.6
2025-08-28,90,217,72,415,116,191,23.3,16.1,19.0,3.0,3.0,0.0,14.7
2025-08-29,64,165,50,385,103,140,18.8,15.1,17.2,0.6,0.6,0.0,12.7
2025-08-30,37,83,15,96,51,74,21.5,16.1,18.6,0.2,0.2,0.0,9.1
2025-08-31,25,97,10,118,54,57,22.7,15.0,19.0,0.0,0.0,0.0,12.0
2025-09-01,22,112,11,96,40,100,23.2,16.1,19.7,0.0,0.0,0.0,9.6
2025-09-02,65,240,193,362,191,201,24.5,16.5,20.6,0.1,0.1,0.0,10.4
2025-09-03,80,235,89,301,105,181,20.4,15.5,18.2,13.7,13.7,0.0,18.7
2025-09-04,67,168,90,225,118,156,18.7,10.7,14.8,0.0,0.0,0.0,16.0
2025-09-05,83,143,83,282,120,167,18.7,13.6,16.2,0.0,0.0,0.0,22.9
2025-09-06,30,97,33,97,45,66,18.2,10.4,14.3,0.0,0.0,0.0,18.4
2025-09-07,19,92,17,157,47,92,19.0,9.9,14.3,0.0,0.0,0.0,9.9
2025-09-08,62,241,43,303,165,204,21.0,10.7,16.1,0.0,0.0,0.0,9.1
2025-09-09,65,182,26,303,116,197,23.4,12.2,18.0,0.0,0.0,0.0,10.0
2025-09-10,55,199,17,359,128,229,26.5,15.7,20.9,0.0,0.0,0.0,10.1
2025-09-11,62,223,15,313,80,183,23.3,17.4,20.2,0.0,0.0,0.0,12.2
2025-09-12,37,180,17,301,89,192,28.1,16.5,21.6,0.0,0.0,0.0,13.4
2025-09-13,28,69,19,100,53,57,26.2,18.0,21.6,7.5,7.5,0.0,14.4
2025-09-14,35,94,7,132,52,70,25.0,18.5,21.5,0.0,0.0,0.0,12.5
2025-09-15,78,227,36,352,143,202,24.3,18.1,21.2,0.0,0.0,0.0,12.0
2025-09-16,90,205,11,291,107,235,25.4,17.4,21.3,0.0,0.0,0.0,10.5
2025-09-17,72,163,11,297,117,214,25.4,17.2,21.0,0.0,0.0,0.0,9.0
2025-09-18,81,186,12,161,93,161,27.7,17.0,21.7,0.0,0.0,0.0,12.1
2025-09-19,59,180,3,201,87,160,28.3,18.7,23.3,0.0,0.0,0.0,12.5
2025-09-20,23,88,3,109,38,68,25.8,19.1,21.3,5.5,5.5,0.0,12.5
2025-09-21,23,82,5,129,26,69,25.3,19.2,21.2,4.5,4.5,0.0,14.0
2025-09-22,73,194,13,312,111,220,24.6,18.6,21.3,0.4,0.4,0.0,13.8
2025-09-23,92,209,31,408,117,190,23.4,17.5,19.6,6.2,6.2,0.0,17.6
2025-09-24,72,207,9,382,96,188,19.5,16.8,17.9,0.2,0.2,0.0,19.2
2025-09-25,118,167,7,362,127,220,20.3,15.4,17.5,0.4,0.4,0.0,14.2
2025-09-26,62,159,9,270,65,134,26.0,14.3,20.0,0.0,0.0,0.0,11.0
2025-09-27,29,83,6,70,54,79,29.7,17.4,23.5,0.0,0.0,0.0,13.3
2025-09-28,17,75,1,105,42,82,23.1,19.2,21.0,0.0,0.0,0.0,10.3
2025-09-29,58,213,7,476,109,184,26.3,17.2,21.3,0.0,0.0,0.0,10.7
2025-09-30,50,217,7,335,103,147,24.8,18.6,21.3,0.0,0.0,0.0,14.5
2025-10-01,98,182,6,346,82,177,22.4,16.8,19.6,0.0,0.0,0.0,16.9
2025-10-02,74,181,11,154,75,207,25.4,14.9,19.7,0.0,0.0,0.0,14.0
2025-10-03,46,195,4,269,70,223,30.5,17.4,23.4,0.0,0.0,0.0,11.7
2025-10-04,23,118,2,98,26,64,29.7,18.7,24.3,0.0,0.0,0.0,15.6
2025-10-05,19,87,3,178,44,76,28.9,17.8,23.3,0.0,0.0,0.0,18.9
2025-10-06,52,194,10,495,81,223,28.3,18.7,21.8,6.2,6.2,0.0,17.6
2025-10-07,55,167,26,213,72,194,19.2,13.6,16.6,14.5,14.5,0.0,18.6
2025-10-08,55,138,12,190,84,206,16.2,12.5,14.2,0.1,0.1,0.0,14.8
2025-10-09,61,168,15,317,71,216,15.7,8.9,12.7,0.0,0.0,0.0,9.9
2025-10-10,49,150,16,287,49,144,19.6,8.9,14.0,0.0,0.0,0.0,14.3
2025-10-11,23,71,3,75,21,56,17.2,13.8,15.3,0.1,0.1,0.0,15.8
2025-10-12,11,80,0,697,29,69,18.0,10.5,14.3,0.0,0.0,0.0,13.8
2025-10-13,48,158,2,146,63,83,19.2,12.3,16.0,0.0,0.0,0.0,9.5
2025-10-14,50,192,10,418,83,206,19.3,14.7,16.7,0.0,0.0,0.0,15.3
2025-10-15,55,143,9,475,46,125,15.5,13.5,14.3,4.2,4.2,0.0,14.8
2025-10-16,71,160,3,312,66,224,17.9,12.7,15.2,0.0,0.0,0.0,12.6
2025-10-17,71,192,11,357,58,191,23.0,12.8,17.6,0.0,0.0,0.0,18.3
2025-10-18,21,63,8,110,25,55,23.4,16.4,19.1,11.6,11.6,0.0,18.8
2025-10-19,22,38,8,135,32,43,16.3,9.6,12.4,16.1,16.1,0.0,29.5
2025-10-20,51,177,16,407,87,162,17.3,5.6,11.4,0.2,0.2,0.0,21.5
2025-10-21,69,168,13,377,73,191,12.8,8.0,9.9,2.4,2.4,0.0,28.7
2025-10-22,75,140,9,408,92,202,9.9,7.4,8.5,0.1,0.1,0.0,26.7
2025-10-23,46,130,8,358,72,180,10.7,4.3,7.2,0.0,0.0,0.0,16.3
2025-10-24,53,115,7,359,64,139,9.6,2.6,6.1,0.0,0.0,0.0,9.1
2025-10-25,23,71,5,114,23,73,11.5,3.2,8.0,0.0,0.0,0.0,9.9
2025-10-26,19,65,2,154,30,65,12.8,8.3,10.5,0.0,0.0,0.0,16.6
2025-10-27,50,145,4,299,89,168,12.6,7.8,10.2,0.0,0.0,0.0,19.5
2025-10-28,63,172,5,450,60,173,13.2,8.3,10.5,0.0,0.0,0.0,21.6
2025-10-29,67,155,7,157,83,183,11.8,8.9,10.4,0.0,0.0,0.0,25.6
2025-10-30,65,130,9,407,64,170,11.5,6.9,9.3,0.0,0.0,0.0,17.1
2025-10-31,34,99,4,365,52,149,11.4,5.2,7.7,0.8,0.8,0.0,15.5
2025-11-01,20,65,3,158,28,79,9.7,4.3,7.0,0.2,0.2,0.0,10.7
2025-11-02,18,62,6,178,22,53,11.1,5.3,7.8,1.8,1.8,0.0,18.2
2025-11-03,76,149,5,443,90,150,14.8,5.3,9.3,0.8,0.8,0.0,19.6
2025-11-04,59,146,8,503,77,220,15.4,4.1,9.8,0.0,0.0,0.0,17.5
2025-11-05,46,140,8,374,90,138,15.2,8.0,12.0,0.0,0.0,0.0,19.5
2025-11-06,70,127,7,391,56,155,13.7,1.4,8.2,0.0,0.0,0.0,21.8
2025-11-07,43,105,5,337,44,139,16.7,9.1,12.1,5.4,5.4,0.0,23.7
2025-11-08,20,54,4,123,14,70,9.7,4.4,7.4,10.0,10.0,0.0,18.4
2025-11-09,14,38,5,78,16,51,4.9,-2.2,1.1,11.2,6.5,3.36,30.0
2025-11-10,57,92,4,285,32,116,0.6,-3.0,-1.1,4.9,0.0,3.43,33.1
2025-11-11,17,67,2,147,23,103,3.2,-4.2,-0.4,0.0,0.0,0.0,24.1
2025-11-12,61,103,7,406,37,170,11.1,3.1,6.1,0.0,0.0,0.0,18.4
2025-11-13,55,176,7,351,47,171,10.9,1.9,6.4,0.0,0.0,0.0,14.7
2025-11-14,57,118,5,186,46,167,17.2,5.2,11.0,0.0,0.0,0.0,16.0
2025-11-15,15,51,5,130,29,74,19.8,11.3,15.7,0.0,0.0,0.0,24.1
2025-11-16,13,48,2,145,21,70,10.7,3.0,6.1,0.0,0.0,0.0,21.8
2025-11-17,60,163,4,385,70,188,7.6,0.5,4.2,0.0,0.0,0.0,12.2
2025-11-18,57,100,8,354,45,152,5.9,4.3,5.3,12.3,9.1,2.24,17.7
2025-11-19,67,147,6,255,52,172,7.2,5.8,6.3,0.1,0.1,0.0,13.4
2025-11-20,66,132,10,412,32,128,9.0,5.6,7.1,0.0,0.0,0.0,12.5
2025-11-21,66,105,6,235,28,130,8.3,5.4,6.9,0.4,0.4,0.0,8.5
2025-11-22,24,48,1,136,19,59,8.7,2.0,6.0,0.0,0.0,0.0,19.7
2025-11-23,24,65,3,206,13,66,11.4,4.0,6.9,0.0,0.0,0.0,15.0
2025-11-24,85,158,7,195,58,172,9.8,2.5,6.2,0.9,0.9,0.0,13.5
2025-11-25,93,130,8,178,39,157,11.3,7.9,9.4,6.3,6.3,0.0,18.3
2025-11-26,50,52,5,127,89,117,7.7,-0.6,2.0,0.1,0.1,0.0,39.3
2025-11-27,9,13,0,57,11,24,0.5,-2.2,-1.0,0.2,0.0,0.14,26.4
2025-11-28,20,52,7,98,38,78,-0.2,-4.6,-2.5,0.0,0.0,0.0,20.8
2025-11-29,4,14,3,31,9,43,-0.5,-2.9,-2.0,16.3,0.0,11.41,25.3
2025-11-30,18,26,4,92,8,60,0.8,-5.7,-1.8,2.8,0.1,1.89,25.3
2025-12-01,35,60,4,114,14,149,-2.5,-8.4,-5.1,3.3,0.0,2.31,12.4
2025-12-02,41,85,10,115,8,124,-3.9,-9.1,-6.7,0.7,0.0,0.49,17.7
2025-12-03,41,62,4,96,16,146,-1.3,-6.0,-3.8,1.2,0.0,0.84,21.9
2025-12-04,68,55,8,78,14,134,-6.3,-12.8,-10.1,0.0,0.0,0.0,18.6
2025-12-05,78,51,3,227,9,129,-3.9,-13.3,-8.3,0.0,0.0,0.0,21.3
2025-12-06,20,26,5,57,5,71,-0.6,-4.0,-1.8,0.0,0.0,0.0,17.1
2025-12-07,21,27,4,63,1,65,0.9,-5.1,-1.7,9.3,0.0,6.51,21.2
2025-12-08,58,49,5,380,9,152,-2.7,-8.3,-6.2,0.0,0.0,0.0,17.2
2025-12-09,98,64,7,420,12,189,2.7,-8.3,-1.7,3.3,2.7,0.42,23.5
2025-12-10,190,71,25,271,19,188,3.8,-3.2,0.3,3.2,2.0,0.84,28.2
2025-12-11,136,55,7,359,15,179,-3.1,-6.0,-4.2,0.0,0.0,0.0,12.1
2025-12-12,96,45,6,305,10,173,-1.3,-5.3,-3.3,0.0,0.0,0.0,17.0
2025-12-13,16,23,3,50,3,66,-3.4,-15.5,-10.7,1.1,0.0,0.77,21.6
2025-12-14,18,24,6,29,1,65,-13.3,-18.8,-16.2,0.0,0.0,0.0,22.3
2025-12-15,122,58,7,396,7,180,-6.4,-17.3,-11.8,0.0,0.0,0.0,20.9
2025-12-16,114,41,12,408,19,176,2.6,-10.5,-3.8,0.0,0.0,0.0,22.4
2025-12-17,144,74,9,421,22,211,3.4,0.1,2.1,0.6,0.6,0.0,22.3
2025-12-18,156,75,21,393,28,182,10.1,-4.5,5.0,6.9,6.9,0.0,31.0
2025-12-19,98,46,6,228,19,142,-5.7,-11.2,-7.9,0.1,0.0,0.07,28.2
2025-12-20,36,21,5,77,6,85,4.6,-5.3,0.9,0.0,0.0,0.0,24.9
2025-12-21,37,30,10,77,17,73,-0.4,-7.3,-3.3,0.0,0.0,0.0,23.3
2025-12-22,81,95,13,409,25,144,5.9,-1.1,2.6,0.1,0.1,0.0,17.2
2025-12-23,83,74,6,316,39,150,9.9,2.8,5.4,0.0,0.0,0.0,12.9
2025-12-24,70,39,8,137,6,78,6.1,1.7,3.8,0.3,0.3,0.0,11.8
2025-12-25,15,13,2,60,3,35,5.5,3.1,4.1,0.2,0.2,0.0,19.8
2025-12-26,38,72,5,65,10,113,8.8,3.5,5.9,2.1,2.1,0.0,18.1
2025-12-27,31,45,2,61,8,98,5.9,3.1,4.2,0.1,0.1,0.0,16.4
2025-12-28,24,41,88,104,11,72,11.4,-1.1,8.3,41.2,41.1,0.07,30.9
2025-12-29,132,60,25,312,28,135,-3.1,-8.3,-6.3,2.2,0.0,1.54,36.8
2025-12-30,142,45,16,409,14,139,-4.2,-11.4,-8.2,2.4,0.0,1.68,18.8
2025-12-31,98,40,11,119,5,87,1.2,-5.8,-1.3,2.4,0.9,1.05,22.5
2026-01-01,29,29,4,56,4,54,-7.0,-11.8,-9.0,0.4,0.0,0.28,16.7
2026-01-02,118,46,6,286,8,117,-5.8,-8.6,-7.2,0.0,0.0,0.0,13.4
2026-01-03,35,38,3,83,9,90,-4.0,-8.6,-5.8,0.0,0.0,0.0,9.7
2026-01-04,48,35,3,73,12,81,-0.6,-5.7,-3.0,0.0,0.0,0.0,16.8
2026-01-05,178,105,14,392,22,216,5.8,-0.3,2.1,0.0,0.0,0.0,18.5
2026-01-06,154,113,7,358,33,242,6.8,2.4,4.2,1.3,1.3,0.0,13.9
2026-01-07,221,109,12,486,26,213,5.1,1.7,3.3,0.0,0.0,0.0,16.9
2026-01-08,239,113,187,356,26,208,15.5,4.3,8.7,17.0,17.0,0.0,43.6
2026-01-09,198,98,300,331,56,152,15.6,3.8,8.1,0.1,0.1,0.0,32.6
2026-01-10,77,41,62,59,16,78,3.3,-1.9,1.7,6.4,4.1,1.61,19.3
2026-01-11,120,24,19,123,14,77,1.0,-5.1,-2.2,0.2,0.0,0.14,24.9
2026-01-12,377,126,49,309,37,187,4.0,-3.3,-0.0,0.0,0.0,0.0,19.6
2026-01-13,375,113,31,350,41,177,9.6,1.2,5.0,0.8,0.8,0.0,23.7
2026-01-14,182,71,9,269,30,119,5.0,-7.3,-2.1,4.4,0.3,2.87,35.3
2026-01-15,212,50,11,343,16,148,-5.6,-10.2,-7.7,0.4,0.0,0.28,22.8
2026-01-16,170,53,6,192,14,128,1.9,-5.4,-1.6,2.0,0.0,1.4,21.1
2026-01-17,54,18,4,80,4,74,-4.3,-11.1,-9.1,0.1,0.0,0.07,24.1
2026-01-18,60,17,3,99,1,53,-7.6,-13.2,-10.1,1.0,0.0,0.7,19.0
2026-01-19,40,38,5,49,8,98,-7.3,-17.7,-14.0,1.4,0.0,0.98,27.2
2026-01-20,252,51,9,214,16,143,-6.5,-16.8,-11.8,0.0,0.0,0.0,15.3
2026-01-21,288,68,7,374,19,186,-1.2,-6.2,-3.2,2.0,0.0,1.4,25.1
2026-01-22,125,38,10,355,22,154,-2.1,-10.6,-7.4,0.1,0.0,0.07,26.9
2026-01-23,59,144,9,264,3,115,-12.9,-23.0,-20.0,0.0,0.0,0.0,23.0
2026-01-24,28,28,14,18,5,57,-12.0,-22.7,-18.1,2.3,0.0,1.61,12.5
2026-01-25,21,14,7,76,4,56,-7.1,-14.6,-9.9,5.5,0.0,3.85,22.3
2026-01-26,90,39,13,160,3,114,-14.1,-18.3,-16.0,0.0,0.0,0.0,24.8
2026-01-27,203,37,19,240,6,138,-9.6,-15.1,-11.8,0.0,0.0,0.0,25.7
2026-01-28,136,45,13,265,3,158,-9.8,-17.4,-13.9,0.0,0.0,0.0,16.6
2026-01-29,177,45,13,270,4,157,-10.5,-17.0,-13.7,0.0,0.0,0.0,13.7
2026-01-30,160,64,13,249,5,152,-6.5,-14.4,-10.6,2.5,0.0,1.75,20.2
2026-01-31,71,18,7,41,3,85,-3.7,-11.9,-7.3,3.0,0.4,1.82,23.6
2026-02-01,80,19,8,52,6,84,-3.9,-11.6,-7.4,0.0,0.0,0.0,16.2
2026-02-02,209,67,10,278,11,200,-2.5,-5.9,-4.3,0.3,0.0,0.21,15.2
2026-02-03,189,85,16,379,10,222,-2.4,-8.3,-5.3,0.0,0.0,0.0,15.2
2026-02-04,259,48,18,440,11,235,-3.3,-8.8,-5.2,0.0,0.0,0.0,16.3
2026-02-05,120,51,8,310,6,198,-2.2,-11.1,-5.9,0.6,0.0,0.42,16.7
2026-02-06,187,62,7,308,8,165,2.1,-4.5,-1.0,3.4,0.2,2.24,24.4
2026-02-07,46,30,3,33,2,88,-5.2,-10.9,-7.2,0.1,0.0,0.14,21.4
2026-02-08,62,26,1,72,3,56,-2.9,-5.4,-4.3,0.8,0.0,0.56,15.2
2026-02-09,346,104,7,407,14,172,2.0,-7.1,-2.7,0.0,0.0,0.0,19.3
2026-02-10,239,91,11,327,15,262,7.8,1.0,3.8,0.0,0.0,0.0,21.9
2026-02-11,164,81,5,299,21,220,4.8,-2.8,0.6,0.0,0.0,0.0,13.6
2026-02-12,168,63,5,116,14,153,2.2,-2.8,-0.3,0.0,0.0,0.0,7.8
2026-02-13,238,104,9,372,21,167,10.8,-2.8,3.2,0.0,0.0,0.0,15.1
2026-02-14,78,50,3,115,8,130,9.1,-0.9,3.9,0.0,0.0,0.0,12.9
2026-02-15,55,41,3,202,17,90,13.4,0.7,6.0,0.0,0.0,0.0,11.1
2026-02-16,392,93,6,153,35,164,16.6,2.2,8.3,0.0,0.0,0.0,19.3
2026-02-17,370,214,21,455,38,252,10.9,5.0,7.9,4.2,4.2,0.0,21.1
2026-02-18,259,168,16,465,33,202,15.8,8.2,11.7,1.9,1.9,0.0,22.2
2026-02-19,425,147,7,468,19,166,13.8,2.9,7.6,0.2,0.2,0.0,14.8
2026-02-20,230,83,5,428,28,190,7.2,-2.6,1.4,3.9,3.6,0.21,33.4
2026-02-21,37,49,1,50,7,120,-1.0,-3.3,-2.2,0.5,0.0,0.42,14.5
2026-02-22,51,40,1,79,5,93,-2.6,-6.2,-4.0,0.6,0.0,0.42,20.5
2026-02-23,228,131,7,405,37,170,-2.5,-6.7,-5.2,0.0,0.0,0.0,22.0
2026-02-24,186,88,11,324,30,203,2.8,-7.5,-1.9,0.1,0.0,0.07,23.0
2026-02-25,156,99,6,372,37,215,2.3,-2.0,-0.3,0.0,0.0,0.0,17.3
2026-02-26,275,98,7,158,19,214,4.6,-4.9,-0.1,0.0,0.0,0.0,11.9
2026-02-27,297,135,3,317,28,191,15.4,-1.0,6.4,0.0,0.0,0.0,16.8
2026-02-28,56,57,3,103,11,106,7.4,-2.3,1.4,0.0,0.0,0.0,23.2
2026-03-01,64,37,3,129,13,91,-1.4,-3.4,-2.4,0.0,0.0,0.0,20.6
2026-03-02,63,80,8,138,18,167,3.0,-3.6,-0.3,0.0,0.0,0.0,12.5
2026-03-03,237,121,13,370,24,219,3.1,-0.1,1.2,0.3,0.3,0.0,11.0
2026-03-04,398,132,8,373,24,215,4.2,-0.2,2.2,2.8,2.8,0.0,10.3
2026-03-05,224,112,11,411,29,183,8.0,3.4,5.2,1.0,1.0,0.0,7.1
2026-03-06,222,111,44,398,22,142,19.9,4.9,11.6,7.4,7.4,0.0,18.0
2026-03-07,126,33,29,79,14,81,17.1,4.5,12.1,6.5,6.5,0.0,27.6
2026-03-08,111,50,7,114,13,91,15.5,1.2,8.0,0.0,0.0,0.0,22.8
2026-03-09,439,137,29,373,56,192,21.1,8.7,14.1,0.0,0.0,0.0,21.6
2026-03-10,424,124,61,425,43,184,15.0,3.5,8.5,0.3,0.3,0.0,17.0
2026-03-11,361,114,110,298,36,171,5.2,1.7,3.1,7.6,6.4,0.84,22.8
2026-03-12,327,95,39,354,30,220,7.0,-0.7,3.1,0.1,0.1,0.0,21.3
2026-03-13,261,92,34,277,267,178,7.8,1.5,5.4,1.6,1.5,0.07,42.0
2026-03-14,93,28,12,53,80,81,2.2,-0.5,0.9,0.6,0.0,0.49,18.2
2026-03-15,116,39,105,97,55,86,16.5,1.2,7.4,41.6,41.6,0.0,34.1
2026-03-16,263,69,166,252,68,139,1.0,-6.3,-3.2,5.3,0.8,3.15,30.6
2026-03-17,212,64,42,276,62,147,-4.8,-10.1,-6.9,0.0,0.0,0.0,21.1
2026-03-18,276,72,25,305,55,172,6.4,-5.2,-0.0,0.8,0.0,0.56,17.5
2026-03-19,270,108,13,517,85,214,10.8,0.5,5.1,2.3,2.3,0.0,12.1
2026-03-20,216,102,15,384,68,171,19.1,5.2,10.1,0.0,0.0,0.0,17.7
2026-03-21,156,66,6,76,59,135,20.0,3.7,12.0,0.0,0.0,0.0,21.9
2026-03-22,121,55,3,156,45,88,18.5,0.4,6.6,1.8,1.8,0.0,33.4
2026-03-23,210,122,13,392,114,212,2.6,-0.7,0.8,0.1,0.1,0.0,29.3
2026-03-24,259,110,11,257,82,217,8.8,-1.5,3.3,0.0,0.0,0.0,11.0
2026-03-25,229,112,10,367,60,193,20.1,3.9,11.7,0.0,0.0,0.0,19.0
2026-03-26,195,118,22,383,60,162,19.8,1.3,10.5,5.5,5.5,0.0,30.2
2026-03-27,289,115,9,250,47,145,3.3,-0.4,1.1,0.1,0.0,0.07,29.2
2026-03-28,110,69,3,90,31,80,8.0,-1.9,3.1,0.0,0.0,0.0,17.6
2026-03-29,92,56,5,132,38,110,16.3,4.3,10.3,0.0,0.0,0.0,17.0
2026-03-30,260,165,17,327,95,187,27.1,10.0,17.8,3.2,3.2,0.0,25.9
2026-03-31,212,117,18,275,57,189,20.7,4.0,14.9,5.9,5.9,0.0,28.3
2026-04-01,253,106,9,275,55,219,4.7,2.7,3.6,0.5,0.5,0.0,24.7
2026-04-02,185,112,44,363,44,160,20.0,3.9,11.5,26.1,26.1,0.0,32.3
2026-04-03,201,77,56,227,50,116,16.3,4.0,9.0,2.4,2.4,0.0,21.9
2026-04-04,110,31,73,156,27,95,15.6,5.2,9.2,10.5,10.5,0.0,25.1
2026-04-05,139,40,15,83,28,95,10.7,3.4,6.6,0.0,0.0,0.0,22.0
2026-04-06,330,149,40,360,73,193,9.9,1.8,6.5,4.3,4.3,0.0,20.6
2026-04-07,323,124,15,333,76,212,1.9,-1.2,0.7,0.0,0.0,0.0,17.7
2026-04-08,286,112,20,315,68,170,18.4,2.2,9.9,0.1,0.1,0.0,25.3
2026-04-09,340,134,16,340,72,201,20.2,8.2,15.2,3.8,3.8,0.0,26.0
2026-04-10,323,95,18,269,49,165,8.7,4.5,6.6,5.4,5.4,0.0,13.8
2026-04-11,140,57,5,100,33,95,11.4,2.5,7.0,0.0,0.0,0.0,13.9
2026-04-12,144,66,4,109,57,101,24.9,11.3,18.5,2.7,2.7,0.0,25.6
2026-04-13,278,156,20,366,113,191,24.2,16.8,19.8,2.2,2.2,0.0,26.0
2026-04-14,283,138,69,359,64,179,26.9,15.0,21.0,0.1,0.1,0.0,25.0
2026-04-15,300,143,428,297,62,156,21.2,14.3,18.3,28.7,28.7,0.0,24.9
2026-04-16,252,124,97,372,59,181,20.7,9.4,15.9,9.1,9.1,0.0,18.3
2026-04-17,203,119,69,406,62,183,25.6,8.6,16.6,18.5,18.5,0.0,24.3
2026-04-18,111,48,24,105,43,80,18.2,6.0,10.5,9.0,9.0,0.0,26.6
2026-04-19,95,63,12,151,45,82,9.4,3.1,5.9,3.5,1.8,1.19,23.0
2026-04-20,293,143,30,295,80,189,10.4,2.8,7.2,0.0,0.0,0.0,16.0
2026-04-21,217,142,20,254,100,203,23.3,8.8,15.2,1.3,1.3,0.0,20.2
2026-04-22,227,159,15,499,75,171,19.3,8.8,13.5,0.0,0.0,0.0,14.4
2026-04-23,290,150,20,421,66,165,25.8,9.3,18.2,0.0,0.0,0.0,17.4
2026-04-24,221,154,12,380,76,162,20.5,10.9,18.4,1.3,1.3,0.0,19.3
2026-04-25,94,58,4,138,32,99,9.8,6.7,8.1,0.0,0.0,0.0,18.8
2026-04-26,64,90,6,119,40,82,13.3,6.3,10.1,0.0,0.0,0.0,12.2
2026-04-27,192,158,27,346,247,200,18.8,11.4,14.8,26.3,26.3,0.0,30.0
2026-04-28,250,134,19,365,227,141,17.0,10.8,13.8,0.5,0.5,0.0,22.7
2026-04-29,255,157,13,254,131,166,12.7,5.9,9.4,3.5,3.5,0.0,17.6
2026-04-30,215,135,11,393,81,149,11.1,5.0,6.9,3.9,3.9,0.0,14.0
2026-05-01,243,82,15,325,62,162,7.8,3.8,5.9,2.1,2.1,0.0,12.0
2026-05-02,125,72,3,92,37,81,11.5,2.0,7.3,0.4,0.4,0.0,13.0
2026-05-03,87,96,2,138,48,94,17.9,6.7,11.7,0.3,0.3,0.0,20.6
2026-05-04,233,180,13,386,119,213,25.0,9.7,16.9,1.2,1.2,0.0,21.3
2026-05-05,225,236,15,402,96,168,15.4,8.9,12.4,1.3,1.3,0.0,14.2
2026-05-06,207,147,14,374,76,165,14.1,6.6,10.5,0.0,0.0,0.0,20.7
2026-05-07,188,156,7,417,65,189,15.5,3.5,10.1,1.1,1.1,0.0,21.5
2026-05-08,188,183,6,199,57,129,16.3,6.8,12.7,0.0,0.0,0.0,15.0
2026-05-09,92,65,2,101,45,87,23.9,10.9,16.1,0.3,0.3,0.0,23.2
2026-05-10,65,72,2,129,33,84,15.1,7.5,12.0,0.0,0.0,0.0,14.2
2026-05-11,236,205,12,300,77,177,12.3,6.7,9.2,0.0,0.0,0.0,18.6
2026-05-12,175,205,12,390,83,179,23.5,6.5,15.2,1.5,1.5,0.0,23.7
2026-05-13,159,197,4,305,83,224,18.6,9.2,11.8,0.0,0.0,0.0,17.6
2026-05-14,163,181,8,341,78,188,16.6,6.5,12.4,0.0,0.0,0.0,12.7
2026-05-15,225,176,3,359,54,171,22.8,11.8,17.3,0.8,0.8,0.0,21.1
2026-05-16,109,85,0,98,35,106,28.5,16.7,22.6,3.3,3.3,0.0,19.5
2026-05-17,79,85,3,126,50,83,30.3,18.8,24.8,0.2,0.2,0.0,26.0
2026-05-18,177,178,17,292,162,215,26.4,20.7,23.7,3.6,3.6,0.0,24.7
2026-05-19,176,196,3,330,112,179,26.6,17.3,22.0,0.8,0.8,0.0,24.5
2026-05-20,154,181,8,415,110,194,16.6,9.7,12.8,0.0,0.0,0.0,19.7
2026-05-21,202,130,9,184,98,196,13.5,9.5,11.5,0.4,0.4,0.0,19.1
2026-05-22,110,139,5,247,70,142,16.9,11.1,14.5,0.0,0.0,0.0,21.3
2026-05-23,41,61,3,100,48,87,17.3,12.4,14.8,0.3,0.3,0.0,13.5
2026-05-24,74,68,8,137,37,61,20.0,15.1,17.1,16.0,16.0,0.0,10.4
2026-05-25,64,87,4,86,51,77,25.6,14.2,20.6,0.0,0.0,0.0,17.3
2026-05-26,173,217,13,479,111,194,26.3,17.4,22.5,0.0,0.0,0.0,13.1
2026-05-27,131,195,10,163,91,204,24.0,16.4,19.9,0.0,0.0,0.0,12.3
2026-05-28,152,206,10,511,84,166,17.7,13.3,15.5,0.0,0.0,0.0,15.9
2026-05-29,108,182,3,249,88,174,25.7,11.7,19.3,0.0,0.0,0.0,13.7
2026-05-30,48,62,6,96,44,80,19.8,14.7,18.0,0.0,0.0,0.0,17.3
2026-05-31,76,97,6,132,47,73,19.9,13.7,16.8,0.0,0.0,0.0,16.3
2026-06-01,156,200,9,254,123,180,19.2,14.0,16.1,0.1,0.1,0.0,10.8
2026-06-02,160,206,5,397,98,202,20.8,13.6,17.3,0.0,0.0,0.0,13.4
2026-06-03,149,229,5,256,93,165,24.8,13.3,19.4,0.0,0.0,0.0,15.5
2026-06-04,159,227,6,460,94,185,30.1,17.3,24.6,0.0,0.0,0.0,19.2
2026-06-05,112,158,10,346,75,186,24.9,20.2,22.5,13.6,13.6,0.0,18.4
2026-06-06,61,83,6,117,56,84,26.7,18.5,21.7,5.6,5.6,0.0,19.8
2026-06-07,65,96,8,142,53,93,23.3,18.6,20.4,1.4,1.4,0.0,14.0
2026-06-08,130,197,19,474,135,181,26.3,18.7,22.3,20.8,20.8,0.0,16.4
2026-06-09,128,163,17,319,137,140,29.9,20.5,24.8,6.9,6.9,0.0,14.3
2026-06-10,135,159,29,276,1295,149,30.8,21.2,24.3,12.9,12.9,0.0,26.6
2026-06-11,125,138,39,272,1784,109,27.6,19.9,23.1,18.1,18.1,0.0,31.5
2026-06-12,141,130,37,132,1265,151,26.0,17.1,21.6,0.0,0.0,0.0,17.5
2026-06-13,66,82,9,118,1693,84,27.9,18.3,22.9,3.2,3.2,0.0,21.9
2026-06-14,66,61,30,95,1207,74,21.4,16.1,18.8,11.7,11.7,0.0,23.3
2026-06-15,177,217,21,188,932,208,23.5,12.8,18.8,0.0,0.0,0.0,14.7
2026-06-16,133,163,12,199,800,173,22.6,16.4,19.3,2.5,2.5,0.0,22.9
2026-06-17,112,140,26,272,935,166,20.6,14.9,17.3,15.7,15.7,0.0,37.8
2026-06-18,131,185,13,345,844,159,21.4,17.0,19.3,0.4,0.4,0.0,21.8
2026-06-19,56,95,8,113,537,102,24.0,15.2,20.1,0.1,0.1,0.0,15.4
2026-06-20,46,91,5,102,156,88,24.8,16.3,20.9,0.3,0.3,0.0,15.6
2026-06-21,54,69,16,99,106,63,22.1,16.4,18.7,29.6,29.6,0.0,21.7
2026-06-22,165,197,37,418,524,179,19.0,15.9,17.1,3.2,3.2,0.0,23.9
2026-06-23,154,144,10,438,370,154,19.7,14.8,17.3,0.0,0.0,0.0,12.2
2026-06-24,130,169,26,378,344,207,21.7,15.1,17.9,25.4,25.4,0.0,12.2
2026-06-25,166,164,26,290,300,153,24.4,16.8,20.5,2.2,2.2,0.0,11.6
2026-06-26,123,154,19,267,261,127,18.1,16.6,17.3,1.6,1.6,0.0,12.5
2026-06-27,60,89,3,90,139,88,22.0,17.2,19.6,0.0,0.0,0.0,13.1
2026-06-28,57,118,0,135,128,88,26.6,18.2,22.3,0.1,0.1,0.0,16.1
2026-06-29,144,344,11,266,288,181,33.2,21.6,28.0,6.0,6.0,0.0,20.1
2026-06-30,137,175,8,265,262,156,34.4,25.8,30.1,0.3,0.3,0.0,25.8
2026-07-01,127,134,11,333,277,172,35.8,26.8,31.3,0.0,0.0,0.0,20.1
2026-07-02,122,137,16,248,208,152,34.1,23.8,29.2,5.1,5.1,0.0,20.7
2026-07-03,53,80,109,55,401,91,32.7,23.2,26.0,11.9,11.9,0.0,13.8
2026-07-04,44,59,170,59,182,64,27.9,20.8,23.6,15.9,15.9,0.0,10.7
2026-07-05,57,69,65,80,212,74,22.7,19.9,21.2,1.6,1.6,0.0,15.8
2026-07-06,164,201,76,276,505,179,23.6,20.3,21.8,0.2,0.2,0.0,15.4
2026-07-07,187,213,37,245,337,198,26.4,19.5,23.3,0.0,0.0,0.0,12.4
2026-07-08,167,191,27,294,317,166,31.5,20.0,26.4,0.0,0.0,0.0,10.6
2026-07-09,148,207,20,305,285,186,30.1,22.6,26.0,4.2,4.2,0.0,12.7
2026-07-10,138,242,20,256,201,157,24.8,21.7,23.1,0.3,0.3,0.0,13.4
2026-07-11,47,69,4,98,102,86,25.0,20.8,22.8,0.0,0.0,0.0,15.4
2026-07-12,34,111,3,104,95,91,27.6,21.2,24.4,0.0,0.0,0.0,12.6
2026-07-13,126,200,20,284,243,210,30.8,20.6,26.6,0.0,0.0,0.0,10.3
2026-07-14,113,186,16,341,180,162,33.0,22.9,28.7,0.0,0.0,0.0,11.1
2026-07-15,122,180,9,321,172,178,32.6,24.4,28.8,0.0,0.0,0.0,11.6
2026-07-16,105,150,7,276,198,172,28.4,23.6,26.0,0.0,0.0,0.0,12.3
2026-07-17,94,140,8,239,128,167,31.5,22.7,26.7,19.1,19.1,0.0,12.7
2026-07-18,29,86,8,74,73,106,30.9,22.2,26.1,8.3,8.3,0.0,17.3
2026-07-19,67,103,1,125,67,115,23.8,20.3,22.2,0.0,0.0,0.0,15.9
2026-07-20,130,224,15,332,185,178,27.1,18.9,23.4,0.2,0.2,0.0,21.3
2026-07-21,96,198,8,332,161,193,29.2,19.7,25.0,6.0,6.0,0.0,20.4
2026-07-22,129,169,6,313,204,173,20.9,17.3,19.3,1.4,1.4,0.0,18.6
2026-07-23,121,174,13,239,171,177,23.5,15.3,19.9,0.0,0.0,0.0,13.4
2026-07-24,110,169,10,300,118,180,25.0,17.0,21.3,0.0,0.0,0.0,10.2
2026-07-25,46,99,4,87,78,91,26.4,17.3,22.1,0.0,0.0,0.0,13.0
2026-07-26,62,85,4,170,60,85,30.8,21.3,26.0,0.0,0.0,0.0,11.8
2026-07-27,118,188,524,302,691,189,27.2,23.4,24.8,19.2,19.2,0.0,24.5
2026-07-28,135,177,226,305,913,157,25.0,20.6,22.1,0.2,0.2,0.0,20.8
2026-07-29,117,290,87,339,542,172,24.1,19.5,21.7,0.0,0.0,0.0,16.1
2026-07-30,122,195,59,349,361,161,29.0,17.5,24.0,0.0,0.0,0.0,9.1
2026-07-31,91,293,26,228,337,163,27.3,20.5,23.0,12.4,12.4,0.0,16.8
2026-08-01,83,72,83,61,106,78,22.1,20.3,21.2,77.7,77.7,0.0,27.9
2026-08-02,79,108,27,134,119,97,22.0,19.7,20.8,0.6,0.6,0.0,23.4
2026-08-03,112,224,50,392,302,149,25.7,19.0,22.5,0.0,0.0,0.0,11.8
2026-08-04,106,174,25,351,262,188,28.7,19.6,24.3,0.0,0.0,0.0,12.1
2026-08-05,146,179,43,392,256,200,28.8,20.8,23.7,10.2,10.2,0.0,15.9
2026-08-06,123,202,20,366,245,154,25.9,20.4,22.7,3.6,3.6,0.0,7.8
2026-08-07,107,189,15,321,177,163,28.3,20.5,24.4,0.7,0.7,0.0,11.2
2026-08-08,56,82,3,57,104,116,27.0,21.6,24.0,0.1,0.1,0.0,11.6
2026-08-09,75,91,81,152,93,83,25.6,19.0,22.1,19.4,19.4,0.0,20.4
2026-08-10,152,201,85,361,227,176,28.9,20.6,23.1,18.8,18.8,0.0,21.6
2026-08-11,106,192,42,325,410,176,26.2,21.3,23.4,17.6,17.6,0.0,22.1
2026-08-12,123,220,29,202,406,197,28.1,20.1,23.8,4.1,4.1,0.0,19.6
2026-08-13,135,167,26,292,270,180,26.2,22.1,23.4,15.3,15.3,0.0,15.5
2026-08-14,113,144,18,288,180,137,25.3,22.3,23.7,4.5,4.5,0.0,12.0
2026-08-15,65,91,10,115,100,69,27.5,22.3,24.2,16.2,16.2,0.0,13.0
2026-08-16,59,73,6,89,80,103,29.6,22.3,25.0,9.0,9.0,0.0,13.3
2026-08-17,121,202,16,363,318,200,24.3,20.2,22.4,1.4,1.4,0.0,13.7
2026-08-18,192,234,18,379,221,197,26.9,18.9,21.7,8.7,8.7,0.0,14.3
2026-08-19,129,196,16,194,205,198,24.8,19.0,21.8,0.9,0.9,0.0,12.9
2026-08-20,146,184,12,370,230,194,23.8,20.0,21.9,0.0,0.0,0.0,13.7
2026-08-21,111,178,6,365,157,148,26.0,17.2,21.6,0.8,0.8,0.0,15.7
2026-08-22,85,82,2,134,91,81,26.2,19.3,22.1,0.8,0.8,0.0,18.8
2026-08-23,74,86,4,193,81,78,23.8,17.0,20.3,0.0,0.0,0.0,18.6
2026-08-24,132,250,7,351,195,195,23.8,15.0,19.4,0.0,0.0,0.0,11.0
2026-08-25,154,185,15,338,195,223,24.8,15.1,20.6,0.0,0.0,0.0,9.6
2026-08-26,140,187,7,377,133,211,28.3,19.0,23.1,2.7,2.7,0.0,14.2
2026-08-27,116,176,7,399,139,220,25.1,18.8,22.2,0.6,0.6,0.0,9.1
2026-08-28,148,168,6,343,118,200,26.0,19.0,22.6,0.4,0.4,0.0,10.1
2026-08-29,57,92,3,110,75,98,27.2,17.7,22.4,0.2,0.2,0.0,16.2
2026-08-30,63,81,1,177,58,105,27.1,20.6,23.0,9.5,9.5,0.0,21.6
2026-08-31,166,182,12,325,121,174,30.0,22.0,25.4,10.1,10.1,0.0,19.2
