day,temperature_2m_max,temperature_2m_min,temperature_2m_mean,precipitation_sum,rain_sum,snowfall_sum,wind_speed_10m_max
2019-01-01,1.3,-2.7,-0.9,0.9,0.1,0.63,23.8
2019-01-02,0.0,-3.0,-1.7,0.1,0.0,0.14,24.7
2019-01-03,4.4,-5.0,-1.1,0.0,0.0,0.0,26.2
2019-01-04,8.4,-1.0,2.1,0.0,0.0,0.0,24.5
2019-01-05,10.3,-0.9,3.6,0.0,0.0,0.0,22.9
2019-01-06,3.3,1.6,2.6,0.0,0.0,0.0,30.9
2019-01-07,11.6,3.5,7.1,11.4,11.4,0.0,37.5
2019-01-08,7.0,-2.5,3.5,0.2,0.2,0.0,37.3
2019-01-09,-4.0,-7.4,-6.0,0.0,0.0,0.0,33.4
2019-01-10,-3.7,-8.7,-6.2,0.0,0.0,0.0,21.9
2019-01-11,0.8,-4.9,-2.4,0.0,0.0,0.0,17.7
2019-01-12,-0.7,-2.5,-1.3,8.6,0.0,6.02,29.8
2019-01-13,-1.1,-2.5,-1.8,1.1,0.0,0.77,28.9
2019-01-14,-1.2,-5.3,-3.3,0.0,0.0,0.0,18.4
2019-01-15,-1.3,-4.4,-2.8,0.0,0.0,0.0,25.4
2019-01-16,0.5,-1.9,-0.7,0.0,0.0,0.0,21.7
2019-01-17,1.9,-2.0,-0.6,0.4,0.0,0.28,14.4
2019-01-18,-0.8,-2.0,-1.4,1.5,0.0,1.05,25.5
2019-01-19,-1.5,-4.9,-3.0,10.2,0.0,7.21,42.8
2019-01-20,-5.9,-13.8,-11.1,0.9,0.0,0.63,34.7
2019-01-21,-12.2,-14.0,-12.9,0.7,0.0,0.56,27.4
2019-01-22,1.3,-12.6,-5.3,3.3,1.4,1.33,29.6
2019-01-23,1.5,-7.5,-1.9,11.6,9.8,1.26,23.6
2019-01-24,-5.5,-14.1,-10.4,0.1,0.1,0.0,30.2
2019-01-25,-14.2,-22.4,-17.6,1.0,0.0,0.7,27.8
2019-01-26,-10.4,-24.1,-15.6,1.7,0.0,1.19,18.5
2019-01-27,-12.5,-19.3,-16.5,0.0,0.0,0.0,21.2
2019-01-28,1.0,-12.3,-5.7,10.8,0.1,7.49,31.5
2019-01-29,-13.4,-21.8,-17.0,0.1,0.0,0.07,35.3
2019-01-30,-22.5,-30.8,-28.0,0.0,0.0,0.0,34.4
2019-01-31,-17.5,-32.5,-25.8,1.5,0.0,1.05,24.8
2019-02-01,-9.6,-17.0,-12.5,0.6,0.1,0.35,18.4
2019-02-02,3.9,-11.2,-1.3,0.0,0.0,0.0,25.3
2019-02-03,8.2,3.8,5.8,0.3,0.3,0.0,26.1
2019-02-04,11.8,0.1,7.4,4.8,4.8,0.0,25.7
2019-02-05,0.5,-6.0,-1.9,7.9,7.9,0.0,26.6
2019-02-06,2.7,0.3,1.1,9.1,9.1,0.0,21.3
2019-02-07,10.4,-9.9,1.4,8.8,8.8,0.0,45.2
2019-02-08,-8.3,-14.4,-11.7,0.0,0.0,0.0,43.6
2019-02-09,-5.4,-14.9,-9.7,0.0,0.0,0.0,19.4
2019-02-10,-1.6,-5.8,-3.5,2.4,0.0,1.68,22.0
2019-02-11,0.3,-2.4,-1.2,2.8,0.2,1.82,30.7
2019-02-12,1.3,-3.7,-0.6,12.8,7.0,4.06,36.1
2019-02-13,0.3,-8.8,-4.6,0.5,0.0,0.42,39.0
2019-02-14,9.9,-3.8,3.6,0.0,0.0,0.0,25.0
2019-02-15,2.1,-10.6,-5.8,0.0,0.0,0.0,31.7
2019-02-16,-1.4,-9.0,-4.7,0.0,0.0,0.0,24.7
2019-02-17,-2.0,-4.8,-3.2,6.2,0.0,4.41,26.7
2019-02-18,-2.4,-6.2,-3.4,1.4,0.0,0.98,23.7
2019-02-19,-1.3,-12.0,-5.8,0.0,0.0,0.0,18.8
2019-02-20,3.4,-2.2,0.0,4.9,1.2,2.59,36.8
2019-02-21,1.8,-4.3,-1.3,0.0,0.0,0.0,30.1
2019-02-22,1.2,-5.1,-1.5,0.0,0.0,0.0,18.8
2019-02-23,7.5,-0.1,2.3,8.4,8.4,0.0,29.3
2019-02-24,9.9,-10.0,0.0,2.7,2.6,0.07,55.7
2019-02-25,-3.9,-14.1,-8.9,0.0,0.0,0.0,40.3
2019-02-26,-4.2,-7.5,-5.5,0.1,0.0,0.07,23.8
2019-02-27,1.5,-6.8,-3.0,1.1,0.0,0.77,22.2
2019-02-28,-3.5,-9.5,-6.1,0.0,0.0,0.0,17.9
2019-03-01,-0.1,-5.6,-2.4,0.0,0.0,0.0,13.5
2019-03-02,-0.2,-2.4,-1.5,0.3,0.0,0.21,22.3
2019-03-03,-2.8,-11.7,-6.1,0.4,0.0,0.35,24.6
2019-03-04,-8.0,-18.7,-13.5,0.0,0.0,0.0,31.3
2019-03-05,-4.6,-13.0,-9.4,0.0,0.0,0.0,30.9
2019-03-06,0.9,-12.9,-6.4,0.0,0.0,0.0,28.9
2019-03-07,-3.5,-9.1,-5.5,0.0,0.0,0.0,20.8
2019-03-08,1.8,-6.1,-2.0,0.2,0.0,0.21,14.1
2019-03-09,5.5,-2.1,1.8,26.7,26.7,0.0,48.8
2019-03-10,7.2,-2.2,2.9,0.2,0.2,0.0,42.3
2019-03-11,6.2,-4.7,-0.3,0.0,0.0,0.0,22.0
2019-03-12,10.6,-5.4,2.1,0.0,0.0,0.0,26.8
2019-03-13,15.6,4.0,9.2,3.4,3.4,0.0,28.8
2019-03-14,15.6,4.5,11.0,13.0,13.0,0.0,42.9
2019-03-15,4.4,0.6,3.1,1.8,1.6,0.14,34.8
2019-03-16,5.2,-3.5,0.2,0.0,0.0,0.0,24.6
2019-03-17,6.1,-3.1,0.7,0.6,0.1,0.42,14.5
2019-03-18,5.3,-3.0,1.0,0.0,0.0,0.0,14.8
2019-03-19,10.0,-2.5,3.4,0.0,0.0,0.0,18.6
2019-03-20,7.8,2.8,4.8,7.3,7.1,0.14,25.6
2019-03-21,7.7,1.2,3.6,1.1,1.1,0.0,25.3
2019-03-22,5.3,-2.0,2.1,0.0,0.0,0.0,30.6
2019-03-23,7.9,-3.8,1.8,0.0,0.0,0.0,15.1
2019-03-24,8.2,1.4,4.5,6.1,6.1,0.0,25.4
2019-03-25,2.4,-0.7,1.3,0.0,0.0,0.0,33.9
2019-03-26,4.5,-2.2,1.2,0.0,0.0,0.0,17.2
2019-03-27,13.1,-2.2,5.5,1.0,1.0,0.0,27.4
2019-03-28,18.7,4.0,9.5,2.8,2.8,0.0,29.3
2019-03-29,7.7,2.8,4.7,8.1,8.1,0.0,16.9
2019-03-30,5.5,-0.6,2.8,10.9,10.5,0.28,39.7
2019-03-31,3.1,-5.0,-1.0,0.1,0.0,0.07,32.9
2019-04-01,9.3,-4.1,2.5,0.0,0.0,0.0,32.8
2019-04-02,12.4,1.8,6.1,0.0,0.0,0.0,34.0
2019-04-03,14.1,1.4,7.5,1.2,1.2,0.0,26.9
2019-04-04,7.1,3.8,5.4,12.2,12.2,0.0,25.6
2019-04-05,10.0,3.5,6.1,0.8,0.8,0.0,19.2
2019-04-06,12.8,3.9,8.6,0.0,0.0,0.0,18.5
2019-04-07,18.8,9.2,14.0,1.9,1.9,0.0,26.0
2019-04-08,17.2,10.0,14.1,0.0,0.0,0.0,24.8
2019-04-09,17.4,4.9,12.1,0.0,0.0,0.0,30.3
2019-04-10,4.5,1.9,3.1,3.1,3.1,0.0,35.2
2019-04-11,14.6,2.7,7.5,4.0,4.0,0.0,37.6
2019-04-12,14.0,4.6,8.9,7.3,7.3,0.0,45.0
2019-04-13,10.8,1.7,5.7,0.0,0.0,0.0,24.6
2019-04-14,3.8,0.7,1.7,19.3,1.9,12.18,44.2
2019-04-15,10.5,-1.3,4.6,0.2,0.1,0.07,25.1
2019-04-16,22.8,6.1,12.0,0.0,0.0,0.0,24.2
2019-04-17,20.4,5.7,13.8,1.4,1.4,0.0,34.1
2019-04-18,17.9,5.5,11.8,9.7,9.7,0.0,30.2
2019-04-19,6.3,4.1,5.3,0.8,0.8,0.0,43.7
2019-04-20,12.2,3.8,7.1,0.0,0.0,0.0,36.4
2019-04-21,21.2,2.2,12.7,0.0,0.0,0.0,21.1
2019-04-22,23.1,10.2,16.9,0.2,0.2,0.0,31.0
2019-04-23,17.0,7.3,11.0,0.2,0.2,0.0,28.8
2019-04-24,14.1,4.3,9.1,0.2,0.2,0.0,13.5
2019-04-25,14.4,7.6,11.0,0.1,0.1,0.0,29.5
2019-04-26,16.6,8.9,12.1,2.4,2.4,0.0,36.5
2019-04-27,8.2,0.9,3.3,20.3,1.4,13.23,40.6
2019-04-28,5.3,2.2,3.8,0.1,0.1,0.0,33.0
2019-04-29,12.1,6.0,8.6,15.8,15.8,0.0,32.3
2019-04-30,9.1,4.8,6.6,15.5,15.5,0.0,27.9
2019-05-01,18.9,5.7,10.8,38.7,38.7,0.0,27.0
2019-05-02,7.4,5.3,5.8,11.9,11.9,0.0,25.2
2019-05-03,9.2,5.3,6.9,0.5,0.5,0.0,23.6
2019-05-04,12.4,4.6,8.1,0.0,0.0,0.0,13.5
2019-05-05,21.5,5.0,13.6,0.0,0.0,0.0,18.6
2019-05-06,17.9,6.6,10.9,0.4,0.4,0.0,24.9
2019-05-07,8.4,5.8,7.1,13.3,13.3,0.0,30.0
2019-05-08,17.2,6.3,11.5,2.3,2.3,0.0,32.8
2019-05-09,20.1,9.4,15.8,18.2,18.2,0.0,30.6
2019-05-10,10.4,5.7,8.5,0.0,0.0,0.0,18.5
2019-05-11,9.7,5.5,7.7,3.8,3.8,0.0,19.4
2019-05-12,9.0,5.4,7.2,4.7,4.7,0.0,23.1
2019-05-13,11.6,5.7,8.4,0.0,0.0,0.0,19.0
2019-05-14,16.9,3.4,11.0,0.0,0.0,0.0,16.6
2019-05-15,18.4,7.4,14.2,0.0,0.0,0.0,14.1
2019-05-16,27.2,12.3,19.0,28.0,28.0,0.0,37.1
2019-05-17,17.4,6.3,9.7,2.2,2.2,0.0,28.1
2019-05-18,27.9,6.0,17.5,0.0,0.0,0.0,31.7
2019-05-19,23.6,15.2,19.6,9.4,9.4,0.0,34.5
2019-05-20,13.8,7.6,10.3,0.0,0.0,0.0,25.9
2019-05-21,11.5,7.6,9.8,8.9,8.9,0.0,35.3
2019-05-22,26.8,10.7,18.8,20.0,20.0,0.0,34.2
2019-05-23,23.4,13.8,20.1,4.2,4.2,0.0,36.7
2019-05-24,25.4,11.2,17.2,16.3,16.3,0.0,24.8
2019-05-25,27.2,20.7,23.1,2.2,2.2,0.0,30.4
2019-05-26,20.4,10.4,15.4,9.0,9.0,0.0,19.2
2019-05-27,22.3,10.3,16.5,13.0,13.0,0.0,27.0
2019-05-28,20.2,8.0,14.0,9.3,9.3,0.0,25.7
2019-05-29,18.1,8.0,13.0,15.8,15.8,0.0,20.2
2019-05-30,21.4,14.3,17.2,12.9,12.9,0.0,18.5
2019-05-31,27.4,14.2,21.3,0.0,0.0,0.0,22.9
2019-06-01,26.1,10.1,18.9,5.3,5.3,0.0,25.6
2019-06-02,15.9,9.9,12.8,0.0,0.0,0.0,21.1
2019-06-03,15.1,8.6,12.1,0.0,0.0,0.0,18.6
2019-06-04,26.2,13.3,19.6,7.9,7.9,0.0,31.6
2019-06-05,27.4,11.8,20.2,8.2,8.2,0.0,22.8
2019-06-06,15.9,11.4,13.2,0.0,0.0,0.0,17.3
2019-06-07,17.7,10.3,14.0,0.0,0.0,0.0,22.4
2019-06-08,19.9,14.2,17.5,0.0,0.0,0.0,21.9
2019-06-09,20.4,14.4,17.5,4.2,4.2,0.0,19.2
2019-06-10,20.7,14.7,17.6,0.9,0.9,0.0,26.0
2019-06-11,25.1,12.7,19.4,0.0,0.0,0.0,20.5
2019-06-12,21.2,14.5,18.0,10.4,10.4,0.0,25.6
2019-06-13,17.0,10.8,13.7,16.7,16.7,0.0,43.9
2019-06-14,24.0,10.5,17.9,0.3,0.3,0.0,33.1
2019-06-15,21.8,16.4,18.9,24.8,24.8,0.0,24.6
2019-06-16,16.8,10.9,14.4,17.6,17.6,0.0,26.4
2019-06-17,16.1,11.6,13.6,0.2,0.2,0.0,17.8
2019-06-18,21.4,12.6,16.7,0.1,0.1,0.0,14.4
2019-06-19,18.3,11.6,15.0,10.0,10.0,0.0,26.6
2019-06-20,15.8,11.1,13.2,15.3,15.3,0.0,33.0
2019-06-21,18.8,10.9,14.7,0.5,0.5,0.0,18.6
2019-06-22,23.6,13.7,18.5,0.3,0.3,0.0,22.7
2019-06-23,24.5,17.4,20.9,13.5,13.5,0.0,27.7
2019-06-24,23.8,18.7,21.0,5.8,5.8,0.0,29.2
2019-06-25,28.4,16.2,22.5,0.8,0.8,0.0,29.6
2019-06-26,26.9,19.4,23.1,0.0,0.0,0.0,19.6
2019-06-27,30.2,18.9,23.9,4.3,4.3,0.0,22.2
2019-06-28,30.7,20.5,24.5,0.4,0.4,0.0,22.2
2019-06-29,23.7,20.3,21.7,0.0,0.0,0.0,14.8
2019-06-30,27.1,20.5,23.6,4.6,4.6,0.0,19.9
2019-07-01,29.1,20.6,24.6,0.4,0.4,0.0,12.3
2019-07-02,30.5,19.4,25.6,15.1,15.1,0.0,18.6
2019-07-03,26.2,17.9,21.9,0.1,0.1,0.0,19.3
2019-07-04,30.3,18.0,24.5,1.8,1.8,0.0,19.8
2019-07-05,30.4,21.6,26.0,5.7,5.7,0.0,13.4
2019-07-06,22.0,16.2,19.4,9.6,9.6,0.0,26.6
2019-07-07,20.4,16.2,18.1,0.2,0.2,0.0,25.7
2019-07-08,22.6,16.1,19.4,0.0,0.0,0.0,15.9
2019-07-09,27.8,17.4,23.3,0.0,0.0,0.0,19.7
2019-07-10,33.8,22.1,27.7,3.3,3.3,0.0,20.6
2019-07-11,24.4,18.2,21.8,0.0,0.0,0.0,22.8
2019-07-12,29.4,16.3,22.4,0.0,0.0,0.0,18.1
2019-07-13,34.0,21.6,27.0,1.0,1.0,0.0,21.3
2019-07-14,27.7,21.5,24.7,2.1,2.1,0.0,16.6
2019-07-15,32.9,23.3,27.6,0.0,0.0,0.0,32.8
2019-07-16,27.2,22.0,24.3,8.9,8.9,0.0,21.1
2019-07-17,29.5,22.5,25.8,1.1,1.1,0.0,15.9
2019-07-18,31.8,23.6,26.2,11.5,11.5,0.0,32.2
2019-07-19,32.7,23.4,27.7,4.0,4.0,0.0,29.3
2019-07-20,33.6,24.5,28.2,0.6,0.6,0.0,29.1
2019-07-21,24.6,20.1,22.2,8.2,8.2,0.0,26.0
2019-07-22,21.0,17.2,19.5,0.0,0.0,0.0,34.7
2019-07-23,24.3,15.6,20.1,0.5,0.5,0.0,22.3
2019-07-24,24.1,16.8,20.8,0.0,0.0,0.0,13.2
2019-07-25,27.4,15.7,22.1,0.0,0.0,0.0,14.9
2019-07-26,28.3,18.4,23.4,0.0,0.0,0.0,24.6
2019-07-27,30.8,21.0,25.5,0.8,0.8,0.0,31.1
2019-07-28,31.6,21.4,26.8,1.5,1.5,0.0,25.0
2019-07-29,27.1,21.6,23.9,12.0,12.0,0.0,24.4
2019-07-30,22.5,19.9,21.4,0.0,0.0,0.0,22.1
2019-07-31,21.3,17.5,19.6,0.0,0.0,0.0,22.9
2019-08-01,24.2,15.5,20.6,0.0,0.0,0.0,18.1
2019-08-02,26.4,18.1,22.3,0.0,0.0,0.0,17.2
2019-08-03,29.2,18.5,24.0,0.0,0.0,0.0,12.1
2019-08-04,27.0,20.8,24.0,1.9,1.9,0.0,18.1
2019-08-05,31.8,20.6,26.2,0.5,0.5,0.0,22.5
2019-08-06,25.2,21.5,23.4,3.8,3.8,0.0,18.7
2019-08-07,30.5,19.3,24.9,0.0,0.0,0.0,19.0
2019-08-08,30.4,21.4,25.4,0.0,0.0,0.0,22.7
2019-08-09,26.0,17.0,22.1,0.0,0.0,0.0,19.2
2019-08-10,27.5,17.7,22.7,0.0,0.0,0.0,21.6
2019-08-11,29.7,20.2,24.4,1.1,1.1,0.0,20.8
2019-08-12,25.7,21.7,23.4,30.4,30.4,0.0,19.1
2019-08-13,24.9,20.6,22.7,0.3,0.3,0.0,20.0
2019-08-14,25.7,19.5,21.8,8.7,8.7,0.0,21.8
2019-08-15,22.5,19.1,20.9,0.3,0.3,0.0,18.3
2019-08-16,27.1,18.1,22.5,1.4,1.4,0.0,24.8
2019-08-17,24.3,19.3,22.1,2.0,2.0,0.0,24.2
2019-08-18,28.1,19.6,23.4,4.8,4.8,0.0,28.5
2019-08-19,26.9,18.7,23.6,1.8,1.8,0.0,15.1
2019-08-20,26.7,21.5,23.7,3.9,3.9,0.0,26.3
2019-08-21,27.8,18.4,23.2,1.2,1.2,0.0,22.3
2019-08-22,23.7,18.8,21.2,0.6,0.6,0.0,30.5
2019-08-23,21.0,17.5,19.2,0.0,0.0,0.0,23.7
2019-08-24,21.4,16.9,19.4,0.0,0.0,0.0,23.9
2019-08-25,23.8,15.9,20.1,0.0,0.0,0.0,23.8
2019-08-26,24.7,18.8,21.4,23.2,23.2,0.0,29.8
2019-08-27,26.4,18.6,22.0,0.0,0.0,0.0,25.6
2019-08-28,23.8,15.8,19.7,0.0,0.0,0.0,34.6
2019-08-29,28.5,14.3,21.5,0.5,0.5,0.0,36.9
2019-08-30,21.5,15.8,19.4,0.0,0.0,0.0,19.2
2019-08-31,22.0,17.3,19.4,2.8,2.8,0.0,22.0
2019-09-01,22.0,17.2,19.3,11.5,11.5,0.0,22.3
2019-09-02,25.7,17.1,21.6,0.3,0.3,0.0,12.1
2019-09-03,27.1,19.4,22.2,8.7,8.7,0.0,40.4
2019-09-04,21.6,16.3,17.9,0.1,0.1,0.0,20.7
2019-09-05,20.7,14.8,17.6,0.0,0.0,0.0,16.9
2019-09-06,23.5,16.9,19.5,1.2,1.2,0.0,26.3
2019-09-07,25.2,13.7,19.4,0.0,0.0,0.0,21.1
2019-09-08,18.8,16.7,17.7,6.7,6.7,0.0,19.1
2019-09-09,23.2,16.3,19.6,1.4,1.4,0.0,22.9
2019-09-10,31.3,21.6,25.1,7.1,7.1,0.0,27.8
2019-09-11,30.1,21.4,24.9,15.7,15.7,0.0,26.7
2019-09-12,24.5,18.7,21.3,11.7,11.7,0.0,24.9
2019-09-13,25.9,17.1,22.1,7.6,7.6,0.0,35.8
2019-09-14,26.7,14.5,20.3,0.0,0.0,0.0,19.8
2019-09-15,25.7,18.8,21.9,6.1,6.1,0.0,30.6
2019-09-16,21.5,18.7,20.3,0.3,0.3,0.0,20.3
2019-09-17,22.8,17.4,20.1,0.0,0.0,0.0,15.2
2019-09-18,24.9,16.9,21.0,0.0,0.0,0.0,19.6
2019-09-19,26.8,17.5,21.8,0.0,0.0,0.0,17.7
2019-09-20,25.4,19.5,22.3,3.3,3.3,0.0,14.2
2019-09-21,27.8,20.9,23.8,8.9,8.9,0.0,31.0
2019-09-22,26.8,19.0,22.1,27.4,27.4,0.0,35.4
2019-09-23,22.8,16.1,18.7,0.1,0.1,0.0,24.5
2019-09-24,25.5,14.1,19.3,0.0,0.0,0.0,28.4
2019-09-25,25.7,17.9,20.6,0.0,0.0,0.0,30.9
2019-09-26,21.3,13.3,17.5,0.0,0.0,0.0,21.4
2019-09-27,22.2,14.8,18.7,34.4,34.4,0.0,28.4
2019-09-28,19.4,14.9,17.0,14.2,14.2,0.0,31.2
2019-09-29,20.2,15.8,17.7,16.9,16.9,0.0,24.1
2019-09-30,29.4,19.5,24.3,0.0,0.0,0.0,25.8
2019-10-01,29.7,22.9,25.5,0.3,0.3,0.0,24.9
2019-10-02,24.9,16.2,18.5,21.6,21.6,0.0,24.9
2019-10-03,19.2,12.0,17.0,28.5,28.5,0.0,28.6
2019-10-04,14.2,10.3,12.6,0.6,0.6,0.0,23.0
2019-10-05,17.9,10.3,13.8,3.1,3.1,0.0,29.7
2019-10-06,19.2,11.3,15.3,0.1,0.1,0.0,22.1
2019-10-07,19.9,9.7,14.4,0.0,0.0,0.0,19.0
2019-10-08,20.2,8.1,14.4,0.0,0.0,0.0,18.9
2019-10-09,19.2,11.0,15.3,0.0,0.0,0.0,22.3
2019-10-10,20.7,13.0,17.2,3.8,3.8,0.0,26.5
2019-10-11,19.0,4.9,13.0,23.0,23.0,0.0,32.4
2019-10-12,11.9,2.5,7.0,0.0,0.0,0.0,37.6
2019-10-13,11.9,3.4,7.7,0.0,0.0,0.0,37.3
2019-10-14,11.3,3.4,7.3,0.0,0.0,0.0,14.4
2019-10-15,19.2,6.7,11.8,2.5,2.5,0.0,32.7
2019-10-16,11.6,6.6,9.0,0.0,0.0,0.0,37.5
2019-10-17,11.1,5.6,8.1,0.0,0.0,0.0,19.5
2019-10-18,14.1,3.7,9.0,0.0,0.0,0.0,19.7
2019-10-19,18.6,8.0,12.7,0.0,0.0,0.0,23.3
2019-10-20,13.1,8.9,11.4,0.1,0.1,0.0,15.9
2019-10-21,17.3,11.5,14.5,6.3,6.3,0.0,40.1
2019-10-22,11.0,8.5,9.8,1.4,1.4,0.0,43.3
2019-10-23,14.5,5.4,9.4,1.3,1.3,0.0,25.6
2019-10-24,10.2,5.7,8.0,0.1,0.1,0.0,26.8
2019-10-25,10.1,4.4,7.2,0.0,0.0,0.0,10.5
2019-10-26,9.9,3.7,7.6,44.7,44.7,0.0,38.6
2019-10-27,14.1,6.7,9.9,6.6,6.6,0.0,45.8
2019-10-28,11.2,5.7,8.4,0.6,0.6,0.0,18.1
2019-10-29,8.5,3.7,5.3,4.0,4.0,0.0,30.7
2019-10-30,6.2,2.4,4.5,18.8,14.8,2.8,32.9
2019-10-31,5.5,-1.9,1.5,24.0,13.0,7.7,42.4
2019-11-01,7.1,-4.7,1.2,0.4,0.4,0.0,26.6
2019-11-02,6.1,0.4,3.2,0.4,0.4,0.0,32.0
2019-11-03,10.7,-1.4,4.8,0.2,0.2,0.0,31.3
2019-11-04,11.2,4.8,8.1,0.0,0.0,0.0,27.7
2019-11-05,5.3,-1.2,2.5,0.0,0.0,0.0,28.0
2019-11-06,12.4,-1.7,4.2,0.9,0.6,0.21,31.3
2019-11-07,0.6,-5.1,-2.1,0.9,0.0,0.63,29.0
2019-11-08,0.4,-6.8,-3.5,0.0,0.0,0.0,19.9
2019-11-09,7.9,-2.9,2.2,0.0,0.0,0.0,25.2
2019-11-10,5.1,1.4,3.6,1.1,1.1,0.0,24.5
2019-11-11,2.9,-9.2,-2.5,12.4,2.9,6.65,42.3
2019-11-12,-9.1,-15.0,-11.5,0.0,0.0,0.0,32.1
2019-11-13,-2.6,-13.4,-6.8,0.2,0.0,0.14,31.0
2019-11-14,0.8,-3.7,-2.0,0.2,0.0,0.14,19.2
2019-11-15,5.6,-5.7,-0.9,0.0,0.0,0.0,17.3
2019-11-16,3.6,-0.4,1.6,0.0,0.0,0.0,20.5
2019-11-17,4.6,-2.6,1.0,1.2,1.2,0.0,17.3
2019-11-18,4.9,1.2,2.7,0.1,0.1,0.0,13.7
2019-11-19,4.7,-2.0,2.0,1.3,1.3,0.0,10.1
2019-11-20,8.6,-0.9,4.2,0.0,0.0,0.0,22.6
2019-11-21,13.0,4.6,8.1,6.2,6.2,0.0,41.8
2019-11-22,4.4,-2.5,0.8,0.0,0.0,0.0,24.5
2019-11-23,5.4,-4.2,-0.1,0.0,0.0,0.0,20.7
2019-11-24,9.4,-0.2,4.3,0.0,0.0,0.0,24.2
2019-11-25,10.7,1.7,5.7,0.0,0.0,0.0,18.9
2019-11-26,8.3,0.1,4.7,9.8,9.8,0.0,21.7
2019-11-27,12.3,1.4,6.3,8.5,8.5,0.0,57.4
2019-11-28,3.1,-1.4,1.3,0.0,0.0,0.0,30.0
2019-11-29,3.6,2.6,3.1,0.8,0.8,0.0,14.3
2019-11-30,3.8,2.5,3.0,13.2,13.2,0.0,35.6
2019-12-01,4.8,-0.2,3.3,8.7,7.7,0.7,26.5
2019-12-02,2.1,-1.3,0.3,0.3,0.0,0.21,30.3
2019-12-03,5.2,-3.5,0.5,0.0,0.0,0.0,26.1
2019-12-04,6.0,-0.9,2.3,0.0,0.0,0.0,30.3
2019-12-05,7.2,-3.2,2.0,0.0,0.0,0.0,18.3
2019-12-06,4.6,-1.3,1.8,0.0,0.0,0.0,29.9
2019-12-07,3.4,-3.6,-0.3,0.0,0.0,0.0,23.8
2019-12-08,8.1,0.5,4.7,0.0,0.0,0.0,26.5
2019-12-09,9.2,-2.7,6.1,6.6,6.6,0.0,35.5
2019-12-10,-3.6,-8.3,-6.2,0.0,0.0,0.0,32.0
2019-12-11,-3.4,-9.2,-6.9,0.3,0.0,0.21,21.4
2019-12-12,7.3,-6.5,0.6,0.0,0.0,0.0,36.1
2019-12-13,6.5,-0.8,2.5,0.0,0.0,0.0,23.7
2019-12-14,1.6,-3.2,-0.3,0.0,0.0,0.0,22.9
2019-12-15,-2.2,-7.6,-4.4,0.3,0.0,0.21,22.9
2019-12-16,0.0,-4.0,-1.7,0.7,0.0,0.49,19.9
2019-12-17,0.5,-6.5,-3.0,0.0,0.0,0.0,25.1
2019-12-18,-2.6,-10.5,-7.1,0.1,0.1,0.07,27.1
2019-12-19,4.8,-8.0,-3.0,0.0,0.0,0.0,27.3
2019-12-20,5.5,-6.1,-1.0,0.0,0.0,0.0,18.5
2019-12-21,7.7,-1.7,2.1,0.0,0.0,0.0,20.7
2019-12-22,9.7,0.3,3.7,0.0,0.0,0.0,22.5
2019-12-23,10.4,1.0,4.3,0.0,0.0,0.0,23.2
2019-12-24,11.0,-1.0,4.2,0.0,0.0,0.0,24.5
2019-12-25,13.6,3.1,7.9,0.0,0.0,0.0,22.8
2019-12-26,16.1,6.6,11.8,0.0,0.0,0.0,26.8
2019-12-27,6.0,-2.0,2.5,0.0,0.0,0.0,18.9
2019-12-28,8.1,-2.3,2.5,1.1,1.1,0.0,24.5
2019-12-29,15.2,8.9,11.8,17.8,17.8,0.0,33.7
2019-12-30,9.5,-1.5,1.7,7.0,6.0,0.7,40.4
2019-12-31,-0.5,-4.3,-2.6,2.8,0.0,1.96,39.2
2020-01-01,5.0,-6.1,-0.5,0.0,0.0,0.0,35.7
2020-01-02,9.5,2.5,5.3,0.0,0.0,0.0,32.7
2020-01-03,4.4,0.2,2.0,0.0,0.0,0.0,13.4
2020-01-04,1.7,-2.0,-0.2,2.0,0.0,1.4,21.8
2020-01-05,7.2,-4.8,0.1,0.1,0.0,0.07,36.0
2020-01-06,4.5,-3.4,0.2,0.0,0.0,0.0,23.3
2020-01-07,4.8,-2.3,0.7,0.2,0.0,0.14,26.0
2020-01-08,-1.6,-8.5,-5.7,0.0,0.0,0.0,30.3
2020-01-09,9.1,-4.4,3.5,0.3,0.3,0.0,42.4
2020-01-10,8.2,2.8,5.6,10.4,10.4,0.0,33.2
2020-01-11,2.8,-0.5,0.9,37.8,31.4,4.48,47.8
2020-01-12,-0.2,-3.8,-1.6,0.3,0.0,0.21,29.2
2020-01-13,1.4,-0.6,0.2,0.0,0.0,0.0,17.6
2020-01-14,6.4,-1.8,1.8,0.0,0.0,0.0,27.9
2020-01-15,2.1,-2.8,-0.1,0.7,0.7,0.0,22.3
2020-01-16,-0.2,-8.0,-5.2,0.0,0.0,0.0,27.6
2020-01-17,-1.7,-7.8,-3.6,5.6,0.0,3.92,38.9
2020-01-18,2.4,-12.1,-2.3,9.2,7.3,1.33,43.4
2020-01-19,-6.4,-16.3,-11.4,0.0,0.0,0.0,38.5
2020-01-20,-1.6,-6.7,-4.3,0.3,0.0,0.21,21.7
2020-01-21,-0.2,-10.1,-5.2,0.0,0.0,0.0,21.6
2020-01-22,2.1,-5.5,-2.1,0.0,0.0,0.0,27.5
2020-01-23,0.9,-1.4,-0.2,5.7,0.3,3.78,19.9
2020-01-24,3.2,0.6,1.8,10.5,7.9,1.82,17.7
2020-01-25,1.6,0.2,0.7,7.6,1.3,4.41,21.8
2020-01-26,1.9,-1.9,-0.1,0.2,0.0,0.14,21.1
2020-01-27,1.8,-2.1,-0.5,0.0,0.0,0.0,13.3
2020-01-28,0.9,-1.1,-0.3,0.2,0.0,0.14,10.7
2020-01-29,0.6,-1.2,-0.4,0.0,0.0,0.0,12.1
2020-01-30,1.8,-1.8,-0.0,0.0,0.0,0.0,12.3
2020-01-31,3.8,-1.3,0.9,0.8,0.0,0.56,12.7
2020-02-01,3.6,-0.5,1.2,1.1,0.3,0.56,30.5
2020-02-02,11.6,1.0,5.8,0.0,0.0,0.0,38.4
2020-02-03,4.7,-1.5,1.9,0.0,0.0,0.0,28.2
2020-02-04,2.2,-0.9,1.0,0.0,0.0,0.0,40.1
2020-02-05,-1.1,-2.4,-1.9,3.4,0.1,2.31,26.3
2020-02-06,-1.1,-2.3,-1.7,4.8,0.0,3.36,28.2
2020-02-07,0.8,-4.9,-2.5,1.2,0.0,0.84,21.8
2020-02-08,1.0,-7.4,-3.1,0.0,0.0,0.0,16.4
2020-02-09,1.9,-9.9,-2.2,4.6,0.3,3.01,31.1
2020-02-10,1.5,-4.0,-1.6,0.0,0.0,0.0,23.1
2020-02-11,2.1,-4.7,-1.7,0.0,0.0,0.0,31.2
2020-02-12,3.2,-5.8,-1.6,5.6,0.1,3.85,19.9
2020-02-13,-1.0,-15.5,-7.7,3.1,0.0,2.17,33.0
2020-02-14,-11.5,-22.1,-16.8,0.0,0.0,0.0,21.5
2020-02-15,1.1,-15.8,-6.1,0.0,0.0,0.0,32.1
2020-02-16,-0.1,-9.2,-4.2,0.0,0.0,0.0,19.6
2020-02-17,3.2,-5.7,-0.3,5.6,4.6,0.7,28.3
2020-02-18,3.2,-4.1,1.1,1.1,1.1,0.0,29.2
2020-02-19,-3.1,-9.2,-5.8,0.0,0.0,0.0,19.8
2020-02-20,-5.4,-12.2,-8.3,0.0,0.0,0.0,21.8
2020-02-21,3.3,-10.8,-4.6,0.0,0.0,0.0,29.8
2020-02-22,9.1,-3.9,1.8,0.0,0.0,0.0,28.4
2020-02-23,12.0,-0.9,4.6,0.0,0.0,0.0,26.5
2020-02-24,3.3,0.1,1.9,1.2,1.2,0.0,23.3
2020-02-25,2.0,0.5,1.4,4.8,0.5,3.01,39.0
2020-02-26,0.3,-4.0,-1.3,3.4,0.0,2.38,39.1
2020-02-27,-0.4,-6.0,-3.5,0.0,0.0,0.0,29.7
2020-02-28,-1.3,-8.5,-5.5,0.0,0.0,0.0,23.9
2020-02-29,3.1,-9.4,-3.8,0.0,0.0,0.0,20.2
2020-03-01,14.1,-3.1,5.4,0.0,0.0,0.0,30.9
2020-03-02,8.1,0.1,3.7,0.0,0.0,0.0,18.5
2020-03-03,9.4,-1.3,3.3,0.3,0.3,0.0,34.7
2020-03-04,6.8,-1.0,2.9,1.3,0.5,0.56,19.6
2020-03-05,10.7,-1.7,4.2,0.1,0.1,0.0,39.3
2020-03-06,1.8,-3.1,0.0,0.3,0.2,0.07,40.6
2020-03-07,9.2,-6.1,1.9,0.0,0.0,0.0,28.0
2020-03-08,15.5,2.5,8.7,0.0,0.0,0.0,37.3
2020-03-09,12.6,8.5,10.8,15.2,15.2,0.0,36.9
2020-03-10,11.2,-0.7,3.2,2.4,2.4,0.0,28.5
2020-03-11,8.6,0.2,4.3,0.1,0.0,0.07,13.8
2020-03-12,15.1,2.1,8.0,0.3,0.3,0.0,29.5
2020-03-13,8.6,0.3,4.6,0.0,0.0,0.0,31.9
2020-03-14,2.7,0.0,1.5,2.1,0.0,1.47,27.9
2020-03-15,2.3,-0.6,0.8,0.0,0.0,0.0,21.2
2020-03-16,4.6,-1.2,1.9,1.0,0.8,0.14,16.4
2020-03-17,5.2,0.4,2.7,0.0,0.0,0.0,18.4
2020-03-18,7.6,1.3,3.9,10.4,10.4,0.0,18.4
2020-03-19,15.9,2.1,8.0,12.3,12.3,0.0,33.1
2020-03-20,15.1,0.0,4.8,9.1,9.1,0.0,34.6
2020-03-21,-0.6,-3.8,-2.1,0.0,0.0,0.0,28.8
2020-03-22,2.2,-2.8,-0.2,4.9,0.0,3.43,23.9
2020-03-23,4.7,-0.1,1.5,1.5,0.0,1.05,16.3
2020-03-24,4.6,-1.8,1.7,0.0,0.0,0.0,16.3
2020-03-25,15.2,-1.5,6.5,0.1,0.1,0.0,23.0
2020-03-26,9.2,2.4,5.9,7.0,7.0,0.0,25.1
2020-03-27,8.5,2.2,5.2,7.0,7.0,0.0,24.8
2020-03-28,17.7,5.8,9.8,9.9,9.9,0.0,37.8
2020-03-29,17.4,6.3,9.7,0.8,0.8,0.0,49.6
2020-03-30,8.9,2.8,5.7,0.0,0.0,0.0,30.1
2020-03-31,3.9,1.9,2.9,0.0,0.0,0.0,26.8
2020-04-01,7.2,1.9,3.9,0.0,0.0,0.0,19.3
2020-04-02,7.6,0.7,4.3,0.0,0.0,0.0,15.9
2020-04-03,14.8,4.5,9.6,0.1,0.1,0.0,18.8
2020-04-04,13.4,2.0,5.6,2.4,2.4,0.0,21.6
2020-04-05,5.5,1.3,3.2,0.0,0.0,0.0,19.2
2020-04-06,13.2,0.6,7.5,1.5,1.5,0.0,17.4
2020-04-07,23.9,11.6,16.8,14.3,14.3,0.0,29.2
2020-04-08,13.5,5.9,9.0,2.5,2.5,0.0,29.2
2020-04-09,8.3,2.0,5.8,0.2,0.2,0.0,43.6
2020-04-10,7.5,0.0,3.8,0.0,0.0,0.0,25.3
2020-04-11,16.4,3.9,9.7,2.7,2.7,0.0,23.5
2020-04-12,18.4,8.1,12.4,3.1,3.1,0.0,26.7
2020-04-13,12.3,0.8,5.0,1.1,1.1,0.0,36.8
2020-04-14,5.0,-2.4,1.1,1.0,0.0,0.7,33.5
2020-04-15,3.7,-2.8,0.3,2.5,0.0,1.75,25.4
2020-04-16,8.2,-3.4,2.2,0.0,0.0,0.0,23.4
2020-04-17,3.5,0.9,1.7,7.5,0.5,4.9,21.1
2020-04-18,13.2,-0.4,6.6,0.0,0.0,0.0,35.9
2020-04-19,13.5,3.4,7.8,0.2,0.2,0.0,31.2
2020-04-20,15.6,-0.1,8.7,1.1,1.1,0.0,34.4
2020-04-21,9.6,2.4,5.6,0.0,0.0,0.0,29.5
2020-04-22,14.1,1.9,7.8,2.9,2.3,0.42,22.2
2020-04-23,12.6,5.0,8.4,1.2,1.2,0.0,22.0
2020-04-24,7.2,4.3,5.6,1.0,1.0,0.0,22.3
2020-04-25,7.1,4.4,5.9,17.5,17.5,0.0,31.7
2020-04-26,11.5,4.4,7.2,0.0,0.0,0.0,28.1
2020-04-27,18.4,2.1,10.8,3.2,3.2,0.0,30.4
2020-04-28,19.6,8.2,15.0,11.0,11.0,0.0,25.6
2020-04-29,16.1,6.1,11.3,41.6,41.6,0.0,31.6
2020-04-30,8.9,4.8,6.7,9.6,9.6,0.0,38.5
2020-05-01,14.6,1.6,9.3,0.4,0.4,0.0,19.2
2020-05-02,23.8,11.3,17.2,0.0,0.0,0.0,23.8
2020-05-03,19.8,7.4,15.1,0.0,0.0,0.0,29.2
2020-05-04,7.3,3.7,5.2,0.0,0.0,0.0,30.4
2020-05-05,8.0,4.8,6.4,6.1,6.1,0.0,20.5
2020-05-06,12.5,3.6,8.3,0.0,0.0,0.0,19.8
2020-05-07,17.6,6.1,9.9,0.0,0.0,0.0,31.3
2020-05-08,6.0,1.4,3.8,0.0,0.0,0.0,38.8
2020-05-09,12.8,-1.3,6.4,0.0,0.0,0.0,26.1
2020-05-10,10.6,3.5,7.0,7.6,7.6,0.0,41.0
2020-05-11,8.2,3.1,5.2,0.1,0.1,0.0,19.4
2020-05-12,14.0,2.9,7.8,0.0,0.0,0.0,21.0
2020-05-13,17.4,5.4,11.6,0.0,0.0,0.0,22.9
2020-05-14,22.0,10.8,15.9,17.6,17.6,0.0,25.3
2020-05-15,19.7,8.8,15.9,8.0,8.0,0.0,25.5
2020-05-16,12.7,7.2,10.0,0.2,0.2,0.0,22.4
2020-05-17,20.2,10.8,15.1,61.4,61.4,0.0,28.7
2020-05-18,18.0,9.7,13.6,0.3,0.3,0.0,19.7
2020-05-19,14.6,9.9,11.8,1.9,1.9,0.0,28.2
2020-05-20,15.4,10.1,12.3,0.0,0.0,0.0,24.6
2020-05-21,15.8,10.1,12.6,0.3,0.3,0.0,18.8
2020-05-22,16.6,10.1,13.2,0.0,0.0,0.0,13.2
2020-05-23,22.2,10.6,17.2,19.0,19.0,0.0,23.6
2020-05-24,27.7,16.1,21.8,0.0,0.0,0.0,22.2
2020-05-25,27.4,19.6,23.3,1.1,1.1,0.0,18.8
2020-05-26,26.4,20.0,23.2,2.7,2.7,0.0,22.3
2020-05-27,25.4,19.2,22.2,3.9,3.9,0.0,20.4
2020-05-28,24.2,14.7,20.6,13.8,13.8,0.0,21.9
2020-05-29,22.2,15.3,18.0,6.0,6.0,0.0,20.4
2020-05-30,17.0,11.2,14.5,1.3,1.3,0.0,16.6
2020-05-31,14.6,9.5,12.2,0.0,0.0,0.0,22.3
2020-06-01,20.8,10.4,16.3,1.2,1.2,0.0,27.8
2020-06-02,30.0,18.4,24.5,0.0,0.0,0.0,29.1
2020-06-03,26.0,21.0,22.9,1.6,1.6,0.0,22.7
2020-06-04,26.6,18.1,22.9,0.6,0.6,0.0,15.9
2020-06-05,29.8,17.2,24.2,0.2,0.2,0.0,18.4
2020-06-06,20.5,13.6,17.3,0.0,0.0,0.0,22.7
2020-06-07,21.4,12.6,17.2,0.0,0.0,0.0,21.5
2020-06-08,28.5,17.0,23.0,0.0,0.0,0.0,20.7
2020-06-09,30.0,20.3,24.3,15.1,15.1,0.0,38.5
2020-06-10,28.1,17.0,23.0,2.1,2.1,0.0,41.7
2020-06-11,25.2,14.5,20.2,0.0,0.0,0.0,27.4
2020-06-12,21.6,13.3,16.8,0.0,0.0,0.0,26.2
2020-06-13,16.6,12.4,14.0,1.9,1.9,0.0,28.4
2020-06-14,17.8,12.7,15.2,0.0,0.0,0.0,22.3
2020-06-15,19.9,12.0,16.5,0.0,0.0,0.0,20.2
2020-06-16,25.2,14.2,19.7,0.0,0.0,0.0,21.6
2020-06-17,27.5,16.2,22.0,0.0,0.0,0.0,19.7
2020-06-18,28.2,17.1,23.1,0.0,0.0,0.0,18.9
2020-06-19,30.9,19.1,25.5,0.0,0.0,0.0,21.2
2020-06-20,31.6,20.6,26.4,7.3,7.3,0.0,25.6
2020-06-21,25.0,21.0,22.6,8.9,8.9,0.0,17.4
2020-06-22,28.1,20.1,22.7,23.8,23.8,0.0,21.1
2020-06-23,24.1,16.9,20.0,2.5,2.5,0.0,25.9
2020-06-24,23.9,15.4,19.5,3.0,3.0,0.0,17.5
2020-06-25,23.7,16.2,20.5,0.5,0.5,0.0,20.9
2020-06-26,30.1,17.7,23.2,18.9,18.9,0.0,29.6
2020-06-27,29.2,21.0,24.6,1.0,1.0,0.0,20.9
2020-06-28,24.2,21.2,22.6,5.8,5.8,0.0,15.8
2020-06-29,29.3,21.2,24.4,3.4,3.4,0.0,19.2
2020-06-30,27.2,21.8,24.2,5.9,5.9,0.0,16.2
2020-07-01,26.3,21.4,23.6,0.0,0.0,0.0,19.1
2020-07-02,27.2,19.5,23.5,0.0,0.0,0.0,18.2
2020-07-03,28.7,18.5,24.2,0.0,0.0,0.0,13.6
2020-07-04,26.7,20.4,23.5,0.0,0.0,0.0,20.0
2020-07-05,29.5,19.8,25.4,0.0,0.0,0.0,15.8
2020-07-06,32.5,21.2,27.9,0.3,0.3,0.0,14.7
2020-07-07,32.2,23.4,28.2,3.2,3.2,0.0,15.5
2020-07-08,30.5,24.0,27.1,0.5,0.5,0.0,16.5
2020-07-09,33.8,24.4,28.6,3.1,3.1,0.0,24.5
2020-07-10,28.5,21.8,24.5,19.0,19.0,0.0,27.4
2020-07-11,29.5,20.2,24.8,1.9,1.9,0.0,22.5
2020-07-12,22.8,19.2,21.5,6.5,6.5,0.0,28.2
2020-07-13,24.8,16.9,21.5,0.6,0.6,0.0,16.0
2020-07-14,29.7,17.9,23.9,0.0,0.0,0.0,23.2
2020-07-15,29.9,21.0,24.9,58.1,58.1,0.0,28.2
2020-07-16,24.3,21.3,22.7,12.1,12.1,0.0,34.1
2020-07-17,29.7,18.5,24.6,0.0,0.0,0.0,18.9
2020-07-18,32.6,22.8,27.1,0.0,0.0,0.0,28.8
2020-07-19,31.0,22.1,26.3,13.1,13.1,0.0,36.7
2020-07-20,26.3,20.2,23.5,0.0,0.0,0.0,17.9
2020-07-21,27.3,21.9,24.0,4.7,4.7,0.0,19.5
2020-07-22,28.6,21.5,24.6,1.5,1.5,0.0,16.7
2020-07-23,24.2,19.5,22.0,0.1,0.1,0.0,20.0
2020-07-24,25.5,18.1,22.4,0.0,0.0,0.0,16.2
2020-07-25,30.3,18.9,25.2,0.0,0.0,0.0,14.8
2020-07-26,32.8,22.6,27.7,4.1,4.1,0.0,24.0
2020-07-27,28.7,21.8,25.1,15.7,15.7,0.0,17.0
2020-07-28,28.8,19.3,24.4,0.1,0.1,0.0,22.2
2020-07-29,29.0,21.3,24.5,1.3,1.3,0.0,22.8
2020-07-30,25.3,20.0,22.6,1.6,1.6,0.0,33.7
2020-07-31,24.5,19.3,22.0,0.0,0.0,0.0,23.7
2020-08-01,23.9,20.5,22.1,4.5,4.5,0.0,16.1
2020-08-02,27.0,19.7,22.3,10.9,10.9,0.0,17.3
2020-08-03,20.9,17.9,19.1,1.4,1.4,0.0,33.0
2020-08-04,19.7,15.7,18.1,0.3,0.3,0.0,27.8
2020-08-05,23.3,12.4,18.8,0.0,0.0,0.0,12.6
2020-08-06,24.4,15.6,20.6,0.0,0.0,0.0,15.3
2020-08-07,26.1,15.4,21.6,0.0,0.0,0.0,17.1
2020-08-08,31.7,18.6,25.0,0.0,0.0,0.0,25.5
2020-08-09,33.0,22.0,26.8,12.8,12.8,0.0,26.7
2020-08-10,29.6,21.3,24.5,7.5,7.5,0.0,23.5
2020-08-11,25.3,18.9,22.2,0.0,0.0,0.0,15.2
2020-08-12,25.3,16.8,21.7,0.0,0.0,0.0,14.3
2020-08-13,25.9,19.5,23.0,0.0,0.0,0.0,16.6
2020-08-14,27.3,19.9,23.7,0.0,0.0,0.0,19.3
2020-08-15,28.6,19.9,23.9,1.2,1.2,0.0,18.9
2020-08-16,25.3,18.4,22.4,0.2,0.2,0.0,22.3
2020-08-17,26.2,18.8,23.1,0.0,0.0,0.0,16.6
2020-08-18,22.7,19.1,21.5,0.0,0.0,0.0,24.0
2020-08-19,24.3,16.2,20.9,0.0,0.0,0.0,22.4
2020-08-20,29.4,15.3,22.8,0.0,0.0,0.0,13.9
2020-08-21,29.5,17.6,23.7,0.0,0.0,0.0,11.9
2020-08-22,31.1,18.0,24.8,0.0,0.0,0.0,19.0
2020-08-23,31.6,19.6,25.2,0.7,0.7,0.0,19.2
2020-08-24,35.4,21.3,28.1,0.2,0.2,0.0,22.0
2020-08-25,26.5,22.1,24.3,4.0,4.0,0.0,34.5
2020-08-26,33.6,22.6,27.9,0.0,0.0,0.0,24.4
2020-08-27,32.1,24.0,27.4,3.3,3.3,0.0,24.0
2020-08-28,31.2,23.5,26.7,2.2,2.2,0.0,20.7
2020-08-29,27.1,20.4,23.7,0.5,0.5,0.0,26.3
2020-08-30,23.1,18.8,21.1,0.0,0.0,0.0,19.1
2020-08-31,30.5,18.4,23.8,0.3,0.3,0.0,22.8
2020-09-01,22.5,20.4,21.5,4.9,4.9,0.0,19.9
2020-09-02,29.3,19.6,23.5,0.0,0.0,0.0,26.8
2020-09-03,29.8,18.1,23.1,0.0,0.0,0.0,39.1
2020-09-04,25.6,13.2,19.4,0.0,0.0,0.0,26.0
2020-09-05,27.2,17.0,21.5,0.0,0.0,0.0,32.4
2020-09-06,27.6,16.0,20.6,19.6,19.6,0.0,37.5
2020-09-07,22.7,17.1,20.4,3.0,3.0,0.0,34.7
2020-09-08,18.8,16.7,17.7,33.0,33.0,0.0,32.0
2020-09-09,19.0,16.5,17.4,4.7,4.7,0.0,27.2
2020-09-10,17.8,16.5,16.9,6.0,6.0,0.0,27.3
2020-09-11,20.1,16.7,18.1,3.1,3.1,0.0,22.3
2020-09-12,22.4,17.2,19.3,30.9,30.9,0.0,22.2
2020-09-13,23.0,15.0,18.6,0.0,0.0,0.0,17.4
2020-09-14,21.6,15.8,18.6,0.0,0.0,0.0,12.8
2020-09-15,24.9,14.4,19.3,0.0,0.0,0.0,21.0
2020-09-16,26.7,15.0,20.6,0.3,0.3,0.0,23.4
2020-09-17,20.1,15.3,17.6,0.3,0.3,0.0,28.3
2020-09-18,15.3,10.4,13.5,0.1,0.1,0.0,28.0
2020-09-19,15.6,8.8,12.5,0.0,0.0,0.0,14.2
2020-09-20,20.8,10.0,15.3,0.0,0.0,0.0,20.4
2020-09-21,22.8,11.4,16.9,0.0,0.0,0.0,20.1
2020-09-22,25.1,11.9,18.3,0.0,0.0,0.0,15.5
2020-09-23,25.0,14.0,19.3,0.0,0.0,0.0,17.3
2020-09-24,25.6,14.1,19.7,0.0,0.0,0.0,20.4
2020-09-25,26.7,14.3,20.6,0.0,0.0,0.0,23.1
2020-09-26,28.4,16.9,22.1,0.0,0.0,0.0,37.6
2020-09-27,26.1,14.9,20.9,0.1,0.1,0.0,34.2
2020-09-28,17.3,11.4,13.9,7.6,7.6,0.0,26.1
2020-09-29,15.6,8.4,12.1,0.0,0.0,0.0,22.0
2020-09-30,18.3,10.9,13.6,0.4,0.4,0.0,43.2
2020-10-01,13.8,8.5,10.7,5.2,5.2,0.0,23.8
2020-10-02,12.7,7.8,9.5,0.1,0.1,0.0,22.7
2020-10-03,13.9,6.5,9.8,2.8,2.8,0.0,15.8
2020-10-04,11.7,6.4,8.8,2.4,2.4,0.0,27.2
2020-10-05,15.3,3.2,9.6,0.0,0.0,0.0,29.1
2020-10-06,21.5,10.2,15.1,0.0,0.0,0.0,25.3
2020-10-07,22.5,13.3,17.8,0.0,0.0,0.0,32.6
2020-10-08,18.2,8.5,13.4,0.0,0.0,0.0,20.8
2020-10-09,26.1,10.9,18.6,0.0,0.0,0.0,34.2
2020-10-10,23.9,13.8,18.1,0.2,0.2,0.0,28.0
2020-10-11,19.4,14.0,16.5,0.9,0.9,0.0,25.5
2020-10-12,22.4,10.4,15.6,8.2,8.2,0.0,38.5
2020-10-13,20.2,7.6,13.3,0.0,0.0,0.0,36.2
2020-10-14,21.9,6.8,14.8,0.0,0.0,0.0,40.1
2020-10-15,16.5,6.0,11.1,0.2,0.2,0.0,36.0
2020-10-16,11.0,3.5,7.2,0.0,0.0,0.0,27.5
2020-10-17,16.6,3.2,10.2,0.0,0.0,0.0,42.8
2020-10-18,14.0,4.7,9.1,7.4,7.4,0.0,33.1
2020-10-19,9.9,4.8,6.7,5.4,5.4,0.0,23.0
2020-10-20,11.9,6.0,8.8,3.2,3.2,0.0,23.6
2020-10-21,12.5,8.1,10.4,1.7,1.7,0.0,23.2
2020-10-22,24.0,11.3,16.8,15.3,15.3,0.0,35.4
2020-10-23,20.3,4.7,12.9,16.5,16.5,0.0,32.4
2020-10-24,6.4,2.8,4.9,0.0,0.0,0.0,23.3
2020-10-25,8.2,5.8,7.3,0.4,0.4,0.0,23.8
2020-10-26,7.1,2.3,3.6,2.9,2.1,0.56,29.6
2020-10-27,3.1,1.7,2.6,2.4,0.5,1.33,16.1
2020-10-28,10.6,-0.2,4.6,0.0,0.0,0.0,21.9
2020-10-29,9.2,3.6,6.3,0.2,0.2,0.0,41.5
2020-10-30,4.6,0.2,2.3,0.0,0.0,0.0,23.0
2020-10-31,12.9,0.3,6.6,0.0,0.0,0.0,35.9
2020-11-01,11.6,-0.4,4.0,0.0,0.0,0.0,41.2
2020-11-02,9.1,-3.0,2.9,0.0,0.0,0.0,32.7
2020-11-03,17.6,3.9,10.1,0.0,0.0,0.0,26.8
2020-11-04,20.2,10.2,14.7,0.0,0.0,0.0,30.0
2020-11-05,19.4,12.7,15.5,0.0,0.0,0.0,24.2
2020-11-06,21.5,9.6,15.0,0.0,0.0,0.0,23.8
2020-11-07,21.1,11.1,15.3,0.0,0.0,0.0,24.8
2020-11-08,23.4,12.6,17.6,0.2,0.2,0.0,26.0
2020-11-09,22.3,16.4,19.4,0.1,0.1,0.0,32.6
2020-11-10,22.8,10.6,19.0,7.6,7.6,0.0,41.7
2020-11-11,8.2,1.4,4.4,0.0,0.0,0.0,35.9
2020-11-12,11.0,0.8,5.4,0.3,0.3,0.0,17.4
2020-11-13,6.7,-1.1,3.0,0.6,0.6,0.0,25.0
2020-11-14,9.9,-2.3,3.8,2.1,2.1,0.0,36.7
2020-11-15,12.3,2.1,7.1,6.0,6.0,0.0,54.6
2020-11-16,7.8,-0.6,3.3,0.8,0.8,0.0,29.3
2020-11-17,5.0,-1.7,1.5,0.0,0.0,0.0,29.7
2020-11-18,9.5,-1.9,3.9,0.0,0.0,0.0,36.5
2020-11-19,17.2,7.3,12.7,0.0,0.0,0.0,40.7
2020-11-20,14.9,7.6,11.9,0.0,0.0,0.0,31.5
2020-11-21,6.9,3.6,5.0,0.0,0.0,0.0,20.7
2020-11-22,7.2,3.9,5.4,3.5,3.5,0.0,18.5
2020-11-23,6.2,2.1,4.3,0.0,0.0,0.0,20.4
2020-11-24,6.5,1.6,3.7,11.5,9.9,1.12,29.5
2020-11-25,8.0,6.0,7.0,10.8,10.8,0.0,21.5
2020-11-26,8.5,3.0,5.9,0.0,0.0,0.0,23.4
2020-11-27,7.6,0.5,3.9,0.0,0.0,0.0,18.0
2020-11-28,9.3,-2.5,3.0,0.0,0.0,0.0,27.9
2020-11-29,9.3,2.5,5.3,0.0,0.0,0.0,28.0
2020-11-30,3.3,-1.9,0.2,1.0,0.0,0.7,37.8
2020-12-01,1.1,-3.9,-1.8,0.0,0.0,0.0,25.5
2020-12-02,7.5,-4.2,0.3,0.0,0.0,0.0,23.0
2020-12-03,6.7,-2.1,1.5,0.0,0.0,0.0,26.1
2020-12-04,6.8,0.1,2.6,0.0,0.0,0.0,26.7
2020-12-05,3.4,0.9,2.2,0.0,0.0,0.0,19.5
2020-12-06,2.1,1.0,1.6,0.1,0.1,0.0,12.4
2020-12-07,2.4,0.1,1.4,0.0,0.0,0.0,15.7
2020-12-08,3.2,-0.5,1.2,0.0,0.0,0.0,23.2
2020-12-09,10.3,0.1,3.7,0.0,0.0,0.0,22.3
2020-12-10,10.9,-0.7,4.4,0.0,0.0,0.0,17.5
2020-12-11,6.0,1.3,4.6,10.4,10.4,0.0,31.6
2020-12-12,5.0,0.7,3.5,25.4,25.0,0.28,34.2
2020-12-13,2.3,-2.6,-0.4,0.0,0.0,0.0,22.6
2020-12-14,-0.6,-4.6,-2.9,0.0,0.0,0.0,23.9
2020-12-15,-0.1,-5.4,-2.5,0.0,0.0,0.0,24.4
2020-12-16,0.5,-2.0,-0.5,0.5,0.0,0.35,25.7
2020-12-17,1.3,-1.4,0.3,0.4,0.0,0.28,12.2
2020-12-18,2.9,-4.6,-0.9,0.0,0.0,0.0,28.9
2020-12-19,7.9,0.5,3.5,0.0,0.0,0.0,28.4
2020-12-20,4.3,0.2,1.6,0.0,0.0,0.0,25.0
2020-12-21,7.6,-0.5,3.0,0.3,0.3,0.0,33.8
2020-12-22,5.0,-0.9,2.3,0.0,0.0,0.0,31.4
2020-12-23,11.7,1.9,7.7,5.7,5.7,0.0,46.2
2020-12-24,-0.7,-10.1,-7.7,0.1,0.0,0.07,43.3
2020-12-25,-5.4,-12.6,-9.1,0.2,0.0,0.14,28.7
2020-12-26,1.3,-7.3,-4.0,0.0,0.0,0.0,26.9
2020-12-27,7.5,-4.5,1.1,0.2,0.2,0.0,26.6
2020-12-28,0.4,-5.3,-1.6,0.0,0.0,0.0,26.3
2020-12-29,-0.5,-8.3,-3.8,4.2,0.5,2.59,33.4
2020-12-30,2.3,-4.4,-0.2,9.1,9.1,0.0,30.3
2020-12-31,-1.0,-7.3,-3.8,0.0,0.0,0.0,16.6
2021-01-01,0.9,-3.7,-0.9,15.7,3.4,8.61,34.0
2021-01-02,1.3,-1.6,0.3,0.9,0.2,0.49,30.0
2021-01-03,2.4,-2.5,0.2,3.2,0.0,2.24,15.1
2021-01-04,1.6,-4.5,-2.5,0.1,0.0,0.07,17.1
2021-01-05,3.5,-4.4,-1.6,0.0,0.0,0.0,15.1
2021-01-06,1.8,-2.5,-0.2,0.0,0.0,0.0,12.8
2021-01-07,3.0,-0.2,1.6,0.0,0.0,0.0,19.9
2021-01-08,1.7,-0.3,0.8,0.0,0.0,0.0,26.9
2021-01-09,1.7,-2.5,-0.7,0.0,0.0,0.0,18.9
2021-01-10,-1.2,-3.5,-2.3,0.0,0.0,0.0,15.5
2021-01-11,-1.3,-5.2,-3.4,0.0,0.0,0.0,26.3
2021-01-12,4.5,-3.4,-0.6,0.0,0.0,0.0,24.1
2021-01-13,6.8,-1.3,2.2,0.0,0.0,0.0,22.0
2021-01-14,4.9,-1.0,2.0,4.2,4.2,0.0,23.0
2021-01-15,2.9,-2.5,0.7,1.8,0.6,0.84,22.2
2021-01-16,3.4,-3.3,0.3,1.9,0.2,1.19,22.1
2021-01-17,0.2,-2.7,-0.7,3.2,0.1,2.17,13.9
2021-01-18,-0.5,-4.3,-2.8,0.0,0.0,0.0,20.3
2021-01-19,-0.4,-7.5,-3.8,2.4,0.0,1.68,26.6
2021-01-20,0.1,-9.5,-4.6,0.0,0.0,0.0,37.4
2021-01-21,4.4,-0.9,1.1,0.0,0.0,0.0,36.4
2021-01-22,-0.1,-9.8,-7.2,0.0,0.0,0.0,28.5
2021-01-23,-0.2,-12.1,-5.9,0.0,0.0,0.0,17.7
2021-01-24,2.3,-2.5,-1.0,2.2,0.0,1.54,19.8
2021-01-25,0.6,-1.3,-0.3,3.6,0.0,2.52,35.3
2021-01-26,-0.5,-3.0,-1.0,12.5,0.1,8.68,34.4
2021-01-27,-2.5,-9.0,-4.2,0.7,0.0,0.49,28.8
2021-01-28,-6.1,-14.7,-10.2,0.0,0.0,0.0,22.3
2021-01-29,-1.3,-16.3,-7.3,0.0,0.0,0.0,21.8
2021-01-30,1.1,-3.4,-1.4,9.0,0.0,6.3,36.6
2021-01-31,0.4,-1.4,-0.6,14.7,0.1,10.22,37.1
2021-02-01,0.2,-4.7,-1.5,0.0,0.0,0.0,31.9
2021-02-02,-0.3,-5.8,-3.2,0.0,0.0,0.0,24.8
2021-02-03,-1.7,-11.4,-6.3,0.0,0.0,0.0,20.7
2021-02-04,1.3,-4.5,-1.0,8.5,1.0,5.25,41.9
2021-02-05,-5.7,-13.1,-10.6,0.1,0.0,0.07,41.9
2021-02-06,-11.0,-17.7,-13.9,2.0,0.0,1.4,29.3
2021-02-07,-14.9,-21.9,-18.3,0.0,0.0,0.0,23.3
2021-02-08,-10.7,-20.5,-14.7,1.9,0.0,1.33,19.4
2021-02-09,-10.3,-16.2,-13.0,0.0,0.0,0.0,25.2
2021-02-10,-8.1,-16.2,-11.2,0.7,0.0,0.49,27.7
2021-02-11,-5.1,-12.1,-8.1,0.6,0.0,0.42,28.2
2021-02-12,-6.2,-12.3,-9.3,1.5,0.1,0.98,23.9
2021-02-13,-10.6,-16.9,-13.1,3.4,0.1,2.31,27.1
2021-02-14,-15.4,-20.2,-17.7,1.5,0.1,0.98,27.8
2021-02-15,-7.7,-16.7,-11.5,9.7,0.0,6.79,43.5
2021-02-16,-7.1,-12.0,-8.9,5.0,0.1,3.43,30.6
2021-02-17,-7.3,-15.2,-11.1,0.0,0.0,0.0,19.7
2021-02-18,-5.2,-9.2,-7.1,1.1,0.0,0.77,14.5
2021-02-19,-7.5,-14.5,-10.5,0.0,0.0,0.0,21.3
2021-02-20,-6.6,-18.8,-12.0,0.0,0.0,0.0,18.6
2021-02-21,1.5,-10.2,-4.5,4.1,0.8,2.31,38.3
2021-02-22,2.8,-2.9,0.2,1.0,1.0,0.0,35.3
2021-02-23,4.8,-0.1,2.4,0.0,0.0,0.0,37.0
2021-02-24,5.2,-3.7,2.4,0.0,0.0,0.0,32.1
2021-02-25,2.6,-9.2,-3.3,0.0,0.0,0.0,16.0
2021-02-26,3.5,-9.4,-1.9,0.4,0.4,0.0,18.4
2021-02-27,10.4,-0.9,3.2,2.2,1.8,0.28,19.0
2021-02-28,12.3,1.2,5.6,0.9,0.9,0.0,36.0
2021-03-01,0.4,-5.5,-2.5,0.0,0.0,0.0,24.3
2021-03-02,6.2,-9.1,-1.2,0.0,0.0,0.0,29.2
2021-03-03,10.2,0.4,4.2,0.0,0.0,0.0,26.5
2021-03-04,0.6,-2.1,-0.4,0.0,0.0,0.0,27.9
2021-03-05,6.3,-4.5,0.3,0.0,0.0,0.0,18.1
2021-03-06,3.9,-4.7,-0.4,0.0,0.0,0.0,18.0
2021-03-07,8.0,-4.0,2.1,0.0,0.0,0.0,23.0
2021-03-08,16.5,5.1,9.9,0.0,0.0,0.0,27.9
2021-03-09,17.1,4.3,10.3,0.0,0.0,0.0,29.2
2021-03-10,19.0,11.1,14.6,0.3,0.3,0.0,41.6
2021-03-11,15.8,5.1,11.1,1.7,1.7,0.0,43.0
2021-03-12,8.2,0.9,4.0,0.0,0.0,0.0,16.5
2021-03-13,13.3,-1.7,5.2,0.0,0.0,0.0,14.8
2021-03-14,5.6,1.6,3.8,0.0,0.0,0.0,35.4
2021-03-15,3.1,-0.3,0.7,5.3,0.0,3.71,35.9
2021-03-16,3.5,-0.5,1.5,0.0,0.0,0.0,15.7
2021-03-17,3.9,-0.8,1.5,10.1,10.1,0.0,35.8
2021-03-18,5.1,2.1,3.0,9.1,9.1,0.0,44.0
2021-03-19,3.9,-1.3,1.3,0.0,0.0,0.0,29.3
2021-03-20,10.6,-1.7,4.1,0.0,0.0,0.0,15.7
2021-03-21,16.1,1.7,8.7,0.0,0.0,0.0,23.9
2021-03-22,18.5,6.3,11.9,0.0,0.0,0.0,24.0
2021-03-23,16.2,9.2,11.6,7.6,7.6,0.0,29.1
2021-03-24,15.6,8.9,12.6,2.9,2.9,0.0,39.2
2021-03-25,7.9,3.2,5.7,5.4,5.4,0.0,36.4
2021-03-26,4.8,1.7,3.2,4.3,4.3,0.0,35.3
2021-03-27,18.8,3.0,10.0,2.4,2.4,0.0,27.7
2021-03-28,11.3,0.7,5.9,0.0,0.0,0.0,37.6
2021-03-29,15.5,-1.9,6.7,0.0,0.0,0.0,40.4
2021-03-30,19.5,8.3,12.7,0.5,0.5,0.0,36.8
2021-03-31,7.6,1.3,3.9,0.1,0.0,0.07,26.7
2021-04-01,1.4,-3.3,-0.7,0.0,0.0,0.0,31.0
2021-04-02,8.8,-4.8,2.7,0.0,0.0,0.0,23.5
2021-04-03,18.9,2.5,10.6,0.0,0.0,0.0,33.4
2021-04-04,19.0,4.1,12.6,0.0,0.0,0.0,20.2
2021-04-05,22.6,12.5,18.0,0.3,0.3,0.0,26.3
2021-04-06,26.6,13.2,20.4,0.0,0.0,0.0,28.9
2021-04-07,25.7,14.3,19.4,1.3,1.3,0.0,29.6
2021-04-08,17.4,11.1,14.8,13.7,13.7,0.0,29.3
2021-04-09,17.3,10.0,12.9,1.4,1.4,0.0,35.9
2021-04-10,12.1,7.0,9.1,10.1,10.1,0.0,22.1
2021-04-11,11.1,5.9,8.5,0.1,0.1,0.0,19.9
2021-04-12,16.7,8.2,12.1,1.8,1.8,0.0,30.3
2021-04-13,12.9,5.0,8.7,0.0,0.0,0.0,29.2
2021-04-14,9.2,1.9,5.8,0.0,0.0,0.0,22.2
2021-04-15,8.8,2.3,5.6,0.0,0.0,0.0,24.3
2021-04-16,8.2,3.6,5.7,0.0,0.0,0.0,17.7
2021-04-17,8.6,3.5,5.9,0.0,0.0,0.0,19.1
2021-04-18,16.3,1.0,9.3,0.2,0.2,0.0,17.7
2021-04-19,11.5,5.7,8.2,2.8,2.8,0.0,23.5
2021-04-20,5.1,1.6,3.1,2.9,0.0,2.03,20.6
2021-04-21,8.5,-1.6,2.7,2.5,0.9,1.12,18.5
2021-04-22,13.6,-1.2,6.4,0.0,0.0,0.0,24.5
2021-04-23,16.7,4.8,10.7,0.0,0.0,0.0,29.3
2021-04-24,13.3,8.7,10.7,2.2,2.2,0.0,24.5
2021-04-25,9.3,3.5,5.0,0.0,0.0,0.0,27.7
2021-04-26,24.2,3.4,14.2,0.0,0.0,0.0,38.9
2021-04-27,29.8,13.7,22.1,0.0,0.0,0.0,32.4
2021-04-28,20.8,6.6,10.6,8.8,8.8,0.0,23.7
2021-04-29,13.5,6.6,9.9,5.0,5.0,0.0,26.4
2021-04-30,12.3,5.1,7.8,0.0,0.0,0.0,37.0
2021-05-01,26.0,4.4,15.5,0.0,0.0,0.0,45.6
2021-05-02,28.0,16.0,21.9,0.1,0.1,0.0,38.5
2021-05-03,23.0,14.3,17.9,5.4,5.4,0.0,26.3
2021-05-04,15.9,9.3,11.1,0.7,0.7,0.0,26.2
2021-05-05,11.0,6.3,8.7,0.0,0.0,0.0,24.2
2021-05-06,10.0,6.9,8.4,6.8,6.8,0.0,25.8
2021-05-07,12.7,5.1,8.2,0.4,0.4,0.0,24.9
2021-05-08,9.1,2.7,6.7,4.3,3.9,0.28,20.6
2021-05-09,9.3,4.1,6.5,20.7,20.6,0.07,31.1
2021-05-10,7.6,3.9,6.2,0.4,0.4,0.0,23.7
2021-05-11,8.9,3.1,6.6,0.2,0.2,0.0,20.6
2021-05-12,13.2,3.7,9.1,0.0,0.0,0.0,15.5
2021-05-13,17.8,2.4,11.5,0.0,0.0,0.0,20.5
2021-05-14,19.5,6.5,13.9,0.0,0.0,0.0,18.4
2021-05-15,16.9,9.8,13.8,1.6,1.6,0.0,19.9
2021-05-16,20.7,9.3,15.3,0.0,0.0,0.0,18.7
2021-05-17,18.7,12.7,15.8,0.0,0.0,0.0,16.7
2021-05-18,23.4,13.3,18.3,4.4,4.4,0.0,25.5
2021-05-19,23.6,17.2,19.9,6.4,6.4,0.0,30.3
2021-05-20,28.4,18.4,23.5,0.0,0.0,0.0,28.0
2021-05-21,29.7,18.0,24.1,0.0,0.0,0.0,27.6
2021-05-22,30.6,17.6,25.0,0.2,0.2,0.0,24.3
2021-05-23,27.5,13.6,21.7,6.6,6.6,0.0,16.6
2021-05-24,30.4,13.1,22.2,0.2,0.2,0.0,27.4
2021-05-25,30.0,20.9,25.0,2.0,2.0,0.0,34.9
2021-05-26,27.5,15.0,21.7,2.6,2.6,0.0,26.5
2021-05-27,14.2,11.4,12.5,16.2,16.2,0.0,36.6
2021-05-28,10.7,7.6,9.2,9.1,9.1,0.0,42.0
2021-05-29,13.5,7.3,10.1,0.0,0.0,0.0,31.5
2021-05-30,17.9,6.3,13.0,0.0,0.0,0.0,16.2
2021-05-31,21.5,12.1,16.7,0.5,0.5,0.0,21.9
2021-06-01,22.1,9.1,16.1,0.0,0.0,0.0,16.7
2021-06-02,21.2,12.7,17.4,0.0,0.0,0.0,20.2
2021-06-03,29.2,11.5,21.4,0.0,0.0,0.0,20.2
2021-06-04,33.3,20.7,26.8,0.1,0.1,0.0,31.6
2021-06-05,33.2,19.9,27.4,0.0,0.0,0.0,30.8
2021-06-06,31.7,21.4,26.8,0.1,0.1,0.0,31.7
2021-06-07,26.2,21.3,23.1,24.2,24.2,0.0,22.0
2021-06-08,27.3,19.8,23.4,3.7,3.7,0.0,19.4
2021-06-09,24.6,17.1,21.4,1.0,1.0,0.0,16.8
2021-06-10,24.7,16.6,20.4,0.0,0.0,0.0,15.0
2021-06-11,28.3,18.8,23.5,0.0,0.0,0.0,15.5
2021-06-12,26.3,18.2,22.3,0.8,0.8,0.0,17.8
2021-06-13,26.1,18.5,22.6,0.0,0.0,0.0,17.7
2021-06-14,23.2,18.5,21.7,0.0,0.0,0.0,28.9
2021-06-15,22.2,16.5,19.4,0.0,0.0,0.0,22.2
2021-06-16,21.8,15.1,18.6,0.0,0.0,0.0,20.9
2021-06-17,33.3,14.5,24.6,0.0,0.0,0.0,29.5
2021-06-18,32.4,20.8,27.0,0.3,0.3,0.0,29.5
2021-06-19,33.4,18.2,24.9,0.2,0.2,0.0,31.4
2021-06-20,28.7,17.4,22.6,12.5,12.5,0.0,18.9
2021-06-21,22.6,14.6,19.8,2.5,2.5,0.0,33.0
2021-06-22,22.5,12.6,17.9,0.0,0.0,0.0,25.4
2021-06-23,25.8,16.3,20.1,0.7,0.7,0.0,29.1
2021-06-24,25.4,19.1,22.0,2.6,2.6,0.0,39.4
2021-06-25,26.5,21.1,22.8,45.6,45.6,0.0,31.8
2021-06-26,27.3,22.2,23.8,41.8,41.8,0.0,34.5
2021-06-27,28.0,20.2,24.2,1.7,1.7,0.0,32.4
2021-06-28,26.0,20.1,23.2,11.4,11.4,0.0,15.7
2021-06-29,28.1,22.2,24.2,23.1,23.1,0.0,22.5
2021-06-30,26.5,21.7,23.5,12.3,12.3,0.0,12.9
2021-07-01,21.7,14.8,18.5,0.8,0.8,0.0,31.0
2021-07-02,19.1,14.5,16.9,0.0,0.0,0.0,22.4
2021-07-03,29.7,13.7,22.1,0.0,0.0,0.0,20.3
2021-07-04,31.8,20.2,25.9,0.0,0.0,0.0,19.8
2021-07-05,32.5,21.7,27.2,0.0,0.0,0.0,30.5
2021-07-06,32.4,23.0,27.4,2.5,2.5,0.0,22.5
2021-07-07,29.6,20.9,24.6,3.1,3.1,0.0,20.0
2021-07-08,20.5,16.5,18.0,9.0,9.0,0.0,27.2
2021-07-09,21.9,15.1,18.7,0.0,0.0,0.0,15.8
2021-07-10,22.8,18.2,20.5,8.1,8.1,0.0,21.5
2021-07-11,20.4,18.0,19.0,23.2,23.2,0.0,28.2
2021-07-12,22.6,18.3,20.2,19.4,19.4,0.0,17.7
2021-07-13,25.2,19.6,21.9,18.8,18.8,0.0,16.5
2021-07-14,29.5,19.8,24.5,0.2,0.2,0.0,27.6
2021-07-15,25.7,20.4,23.3,12.7,12.7,0.0,31.2
2021-07-16,20.5,18.3,19.7,5.4,5.4,0.0,23.3
2021-07-17,21.2,18.0,19.5,0.2,0.2,0.0,22.9
2021-07-18,24.4,18.8,21.6,0.9,0.9,0.0,17.9
2021-07-19,25.3,18.1,22.2,0.0,0.0,0.0,16.2
2021-07-20,29.6,18.8,23.1,0.0,0.0,0.0,26.4
2021-07-21,21.4,18.2,19.5,0.2,0.2,0.0,21.4
2021-07-22,27.3,17.5,22.8,0.4,0.4,0.0,16.6
2021-07-23,30.1,22.0,26.0,3.2,3.2,0.0,17.4
2021-07-24,32.5,22.8,27.3,2.5,2.5,0.0,28.2
2021-07-25,31.5,21.7,26.8,0.0,0.0,0.0,16.4
2021-07-26,31.9,20.0,26.7,0.0,0.0,0.0,15.3
2021-07-27,33.2,21.7,26.5,0.0,0.0,0.0,21.4
2021-07-28,32.1,23.5,27.9,0.3,0.3,0.0,19.7
2021-07-29,31.1,20.0,25.7,0.0,0.0,0.0,30.9
2021-07-30,20.2,17.7,19.2,0.3,0.3,0.0,29.5
2021-07-31,27.2,15.3,21.5,0.0,0.0,0.0,16.5
2021-08-01,22.2,18.4,20.7,1.1,1.1,0.0,25.3
2021-08-02,23.8,16.7,20.7,0.5,0.5,0.0,15.5
2021-08-03,25.9,16.0,22.0,0.5,0.5,0.0,12.9
2021-08-04,27.4,17.3,22.9,0.0,0.0,0.0,12.8
2021-08-05,30.1,17.6,24.4,0.0,0.0,0.0,22.3
2021-08-06,25.3,20.3,22.3,8.9,8.9,0.0,28.0
2021-08-07,29.6,19.1,24.4,13.3,13.3,0.0,21.2
2021-08-08,30.7,23.9,26.5,2.2,2.2,0.0,30.6
2021-08-09,27.4,22.0,23.7,41.8,41.8,0.0,30.9
2021-08-10,32.3,21.7,25.8,7.1,7.1,0.0,41.7
2021-08-11,31.0,22.9,25.3,12.0,12.0,0.0,42.4
2021-08-12,31.8,22.1,26.0,0.3,0.3,0.0,30.7
2021-08-13,25.2,20.4,23.2,0.6,0.6,0.0,17.7
2021-08-14,24.5,20.0,22.2,0.0,0.0,0.0,18.5
2021-08-15,24.4,16.8,21.2,0.0,0.0,0.0,16.8
2021-08-16,24.3,17.0,21.4,0.0,0.0,0.0,17.4
2021-08-17,26.0,19.2,22.9,0.6,0.6,0.0,15.9
2021-08-18,26.2,21.7,24.0,6.7,6.7,0.0,14.4
2021-08-19,27.3,22.1,24.7,1.8,1.8,0.0,14.0
2021-08-20,28.4,22.1,25.3,0.5,0.5,0.0,15.9
2021-08-21,30.8,22.4,26.4,1.0,1.0,0.0,21.9
2021-08-22,24.2,20.0,22.5,0.1,0.1,0.0,24.6
2021-08-23,31.8,18.8,24.8,1.8,1.8,0.0,15.2
2021-08-24,32.6,22.4,25.9,11.1,11.1,0.0,23.8
2021-08-25,32.5,22.9,27.0,16.4,16.4,0.0,29.7
2021-08-26,28.4,23.0,25.4,4.7,4.7,0.0,20.1
2021-08-27,31.4,22.3,26.3,1.4,1.4,0.0,19.1
2021-08-28,32.1,23.5,26.9,4.3,4.3,0.0,21.3
2021-08-29,30.5,23.7,26.4,2.4,2.4,0.0,30.8
2021-08-30,26.7,19.3,23.6,0.0,0.0,0.0,15.9
2021-08-31,25.9,18.8,23.1,0.0,0.0,0.0,25.2
2021-09-01,23.0,19.4,21.3,0.3,0.3,0.0,29.3
2021-09-02,23.9,16.3,20.9,0.0,0.0,0.0,19.2
2021-09-03,24.9,16.9,21.3,1.3,1.3,0.0,19.1
2021-09-04,25.0,19.7,21.4,4.1,4.1,0.0,21.2
2021-09-05,27.3,16.0,21.5,0.0,0.0,0.0,23.2
2021-09-06,23.7,16.6,20.7,0.0,0.0,0.0,22.5
2021-09-07,30.6,18.5,22.8,17.8,17.8,0.0,43.6
2021-09-08,24.8,15.4,19.9,0.0,0.0,0.0,27.0
2021-09-09,21.3,14.6,18.5,0.1,0.1,0.0,15.0
2021-09-10,25.5,14.8,20.2,0.0,0.0,0.0,19.2
2021-09-11,30.3,18.5,23.8,0.0,0.0,0.0,27.2
2021-09-12,31.7,20.2,24.6,0.0,0.0,0.0,25.2
2021-09-13,31.2,20.6,24.7,0.0,0.0,0.0,19.4
2021-09-14,30.3,19.8,25.3,0.2,0.2,0.0,33.0
2021-09-15,23.0,16.4,20.0,0.0,0.0,0.0,18.4
2021-09-16,26.3,14.5,20.9,0.0,0.0,0.0,17.7
2021-09-17,31.1,17.5,24.4,0.0,0.0,0.0,28.8
2021-09-18,22.2,19.7,21.0,0.0,0.0,0.0,26.7
2021-09-19,28.6,18.3,23.7,0.3,0.3,0.0,19.8
2021-09-20,26.8,21.4,23.5,11.6,11.6,0.0,30.6
2021-09-21,22.6,16.9,19.2,16.8,16.8,0.0,31.0
2021-09-22,16.6,14.7,15.5,2.8,2.8,0.0,47.5
2021-09-23,17.9,11.8,14.3,0.0,0.0,0.0,30.5
2021-09-24,23.9,12.0,17.9,0.8,0.8,0.0,35.9
2021-09-25,20.1,10.3,15.2,0.7,0.7,0.0,24.9
2021-09-26,26.1,13.4,19.4,0.0,0.0,0.0,31.4
2021-09-27,29.7,18.5,22.3,0.2,0.2,0.0,29.6
2021-09-28,20.3,17.7,19.0,0.0,0.0,0.0,20.3
2021-09-29,24.2,14.0,19.4,0.0,0.0,0.0,16.6
2021-09-30,24.0,15.2,19.9,0.0,0.0,0.0,16.2
2021-10-01,28.4,16.3,22.0,0.0,0.0,0.0,18.7
2021-10-02,23.2,19.2,20.9,18.1,18.1,0.0,23.3
2021-10-03,23.4,18.2,20.1,24.3,24.3,0.0,17.6
2021-10-04,19.3,16.0,18.0,11.7,11.7,0.0,26.8
2021-10-05,18.5,15.9,17.3,0.6,0.6,0.0,22.4
2021-10-06,19.5,16.7,18.1,2.6,2.6,0.0,21.1
2021-10-07,22.6,17.9,19.5,18.0,18.0,0.0,18.6
2021-10-08,22.2,16.3,18.7,12.2,12.2,0.0,15.3
2021-10-09,24.2,15.5,20.0,0.5,0.5,0.0,22.7
2021-10-10,25.6,20.7,22.6,0.3,0.3,0.0,29.7
2021-10-11,23.9,18.1,21.8,25.3,25.3,0.0,30.9
2021-10-12,21.4,14.7,17.7,0.7,0.7,0.0,33.3
2021-10-13,21.6,13.5,17.4,1.3,1.3,0.0,28.4
2021-10-14,21.0,14.7,19.0,14.7,14.7,0.0,27.5
2021-10-15,17.2,12.2,14.3,2.1,2.1,0.0,24.6
2021-10-16,14.4,7.8,11.0,0.0,0.0,0.0,29.9
2021-10-17,17.6,7.0,11.6,0.0,0.0,0.0,22.0
2021-10-18,20.5,6.7,13.1,0.0,0.0,0.0,15.4
2021-10-19,19.9,11.2,14.8,0.0,0.0,0.0,19.8
2021-10-20,21.1,11.7,16.2,0.4,0.4,0.0,27.9
2021-10-21,16.9,9.8,12.4,2.8,2.8,0.0,31.7
2021-10-22,13.0,6.9,9.7,0.0,0.0,0.0,15.5
2021-10-23,12.3,6.6,8.9,0.0,0.0,0.0,16.8
2021-10-24,10.6,6.1,9.3,38.5,38.5,0.0,45.3
2021-10-25,11.1,9.9,10.5,23.1,23.1,0.0,51.5
2021-10-26,12.2,7.4,10.1,0.0,0.0,0.0,27.3
2021-10-27,11.6,5.8,9.3,0.0,0.0,0.0,23.3
2021-10-28,13.3,9.1,11.4,10.3,10.3,0.0,28.5
2021-10-29,13.0,12.2,12.5,24.0,24.0,0.0,34.6
2021-10-30,13.1,9.5,11.7,1.4,1.4,0.0,33.6
2021-10-31,11.9,5.0,8.8,0.0,0.0,0.0,27.8
2021-11-01,8.9,2.3,5.3,0.0,0.0,0.0,27.4
2021-11-02,7.4,0.6,3.7,0.0,0.0,0.0,25.7
2021-11-03,6.6,-0.7,3.0,0.0,0.0,0.0,14.3
2021-11-04,7.8,-0.8,3.4,0.0,0.0,0.0,13.2
2021-11-05,10.1,0.5,4.7,0.0,0.0,0.0,22.4
2021-11-06,13.4,2.7,7.6,0.0,0.0,0.0,24.0
2021-11-07,17.0,5.8,10.8,0.0,0.0,0.0,25.5
2021-11-08,17.2,8.8,12.0,0.0,0.0,0.0,24.7
2021-11-09,12.6,8.6,10.9,0.0,0.0,0.0,22.1
2021-11-10,12.7,7.3,10.1,0.1,0.1,0.0,24.9
2021-11-11,12.7,5.7,10.6,11.7,11.7,0.0,40.0
2021-11-12,6.3,1.6,4.1,0.7,0.6,0.07,37.0
2021-11-13,5.0,1.3,3.0,0.2,0.0,0.14,27.3
2021-11-14,3.4,0.1,2.2,3.8,0.8,2.1,37.2
2021-11-15,1.9,-2.9,-0.1,0.8,0.0,0.56,21.5
2021-11-16,10.2,0.6,5.0,0.0,0.0,0.0,30.5
2021-11-17,15.7,6.3,12.0,8.6,8.6,0.0,31.6
2021-11-18,5.9,-0.3,1.6,0.0,0.0,0.0,39.7
2021-11-19,3.3,-3.6,0.1,0.0,0.0,0.0,21.0
2021-11-20,8.8,1.4,4.2,0.0,0.0,0.0,23.2
2021-11-21,11.5,0.1,4.8,0.3,0.3,0.0,32.4
2021-11-22,1.3,-4.9,-2.0,0.0,0.0,0.0,24.6
2021-11-23,5.3,-5.6,-0.1,0.0,0.0,0.0,29.5
2021-11-24,9.9,1.6,6.0,0.3,0.3,0.0,33.0
2021-11-25,8.8,-4.2,4.2,3.9,3.9,0.0,31.9
2021-11-26,-0.6,-7.2,-3.9,0.0,0.0,0.0,24.3
2021-11-27,4.4,-2.0,0.8,0.7,0.7,0.0,22.4
2021-11-28,2.5,-2.9,-0.4,0.0,0.0,0.0,31.7
2021-11-29,3.7,-4.7,-0.0,0.6,0.2,0.28,27.1
2021-11-30,8.8,-0.3,3.6,0.0,0.0,0.0,24.3
2021-12-01,9.4,1.7,5.4,0.4,0.4,0.0,27.8
2021-12-02,13.2,3.0,8.7,0.8,0.8,0.0,33.8
2021-12-03,8.0,4.0,5.5,0.5,0.4,0.07,15.5
2021-12-04,4.7,-1.1,2.2,0.0,0.0,0.0,16.4
2021-12-05,8.6,1.4,3.8,5.4,5.4,0.0,27.5
2021-12-06,3.7,-8.3,-1.4,0.0,0.0,0.0,40.5
2021-12-07,-3.6,-9.9,-6.8,0.0,0.0,0.0,23.1
2021-12-08,0.7,-5.8,-2.7,0.0,0.0,0.0,20.4
2021-12-09,7.1,-3.1,1.9,0.0,0.0,0.0,31.4
2021-12-10,13.9,0.9,5.6,19.2,19.2,0.0,43.2
2021-12-11,14.4,0.4,5.7,3.0,3.0,0.0,48.3
2021-12-12,8.5,-0.3,3.5,0.0,0.0,0.0,32.0
2021-12-13,9.1,1.1,4.3,0.0,0.0,0.0,29.0
2021-12-14,10.2,-0.4,5.1,4.2,4.2,0.0,24.1
2021-12-15,17.7,9.1,14.0,0.7,0.7,0.0,51.4
2021-12-16,16.8,0.2,7.4,1.1,1.1,0.0,53.5
2021-12-17,3.5,-3.5,0.2,0.0,0.0,0.0,21.5
2021-12-18,4.1,-1.1,2.2,7.2,4.7,1.75,26.6
2021-12-19,2.2,-2.5,-0.6,0.0,0.0,0.0,24.1
2021-12-20,5.0,-1.8,0.6,0.0,0.0,0.0,27.1
2021-12-21,4.9,-1.9,0.6,0.0,0.0,0.0,30.0
2021-12-22,-0.8,-7.2,-4.0,0.0,0.0,0.0,30.4
2021-12-23,7.8,-3.3,1.8,0.2,0.0,0.14,25.0
2021-12-24,13.8,-1.0,7.2,0.0,0.0,0.0,31.0
2021-12-25,11.6,0.5,5.5,4.8,4.8,0.0,23.9
2021-12-26,4.7,-0.9,2.1,0.0,0.0,0.0,32.8
2021-12-27,9.9,-0.2,4.5,11.1,11.1,0.0,36.1
2021-12-28,2.7,-1.5,1.0,10.5,2.5,5.6,33.8
2021-12-29,2.3,0.0,1.3,1.4,0.0,0.98,18.9
2021-12-30,2.9,0.5,1.8,1.5,0.0,1.05,16.2
2021-12-31,6.7,-0.5,3.0,0.0,0.0,0.0,20.9
2022-01-01,4.2,-1.3,1.5,9.1,0.1,6.3,42.7
2022-01-02,-1.7,-11.7,-4.9,3.4,0.0,2.38,38.0
2022-01-03,-6.3,-15.7,-10.9,0.0,0.0,0.0,21.9
2022-01-04,0.8,-6.8,-3.1,0.0,0.0,0.0,29.4
2022-01-05,-0.5,-12.2,-7.6,0.1,0.0,0.07,44.9
2022-01-06,-10.5,-15.5,-12.7,0.0,0.0,0.0,29.3
2022-01-07,-10.9,-19.5,-15.4,0.0,0.0,0.0,23.8
2022-01-08,0.6,-13.0,-6.0,0.7,0.7,0.0,28.4
2022-01-09,1.0,-12.5,-4.9,0.6,0.6,0.0,31.1
2022-01-10,-8.4,-14.1,-11.3,0.2,0.0,0.14,23.0
2022-01-11,1.6,-15.0,-7.2,0.0,0.0,0.0,38.0
2022-01-12,4.8,-1.8,1.1,0.2,0.2,0.0,26.3
2022-01-13,3.5,-3.3,0.3,0.0,0.0,0.0,16.6
2022-01-14,1.2,-3.0,-0.7,0.4,0.0,0.28,28.8
2022-01-15,-3.2,-6.1,-5.1,1.0,0.0,0.7,31.2
2022-01-16,-3.1,-11.4,-6.4,0.4,0.0,0.28,14.7
2022-01-17,-1.4,-5.4,-3.7,0.0,0.0,0.0,27.3
2022-01-18,5.8,-7.4,-0.8,0.0,0.0,0.0,37.7
2022-01-19,4.3,-10.4,-4.2,0.0,0.0,0.0,35.0
2022-01-20,-7.8,-13.8,-10.4,0.0,0.0,0.0,24.5
2022-01-21,-3.8,-10.3,-7.5,0.0,0.0,0.0,21.2
2022-01-22,0.7,-7.8,-4.7,0.4,0.0,0.28,30.3
2022-01-23,-4.2,-17.2,-8.6,6.9,0.0,4.83,31.2
2022-01-24,-2.8,-17.5,-8.0,3.5,0.0,2.45,25.4
2022-01-25,-12.5,-19.1,-15.6,0.0,0.0,0.0,22.3
2022-01-26,-12.7,-24.5,-18.9,0.0,0.0,0.0,25.5
2022-01-27,-0.9,-12.4,-5.3,0.4,0.0,0.28,28.4
2022-01-28,-2.7,-14.9,-6.5,4.1,0.0,2.87,25.3
2022-01-29,-7.9,-18.8,-13.0,0.0,0.0,0.0,17.9
2022-01-30,-1.7,-14.1,-7.1,0.1,0.0,0.07,16.7
2022-01-31,-1.1,-7.5,-3.8,0.0,0.0,0.0,25.8
2022-02-01,6.1,-1.9,2.2,5.2,4.8,0.28,29.8
2022-02-02,0.6,-6.1,-4.4,16.7,0.0,11.76,39.1
2022-02-03,-3.6,-5.2,-4.6,2.5,0.0,1.75,38.9
2022-02-04,-5.3,-10.4,-7.8,0.3,0.0,0.21,24.6
2022-02-05,-10.2,-17.3,-13.1,0.0,0.0,0.0,31.7
2022-02-06,-2.8,-9.8,-5.9,0.0,0.0,0.0,29.9
2022-02-07,-3.3,-13.1,-6.6,0.0,0.0,0.0,22.1
2022-02-08,2.2,-15.7,-6.3,0.0,0.0,0.0,27.3
2022-02-09,3.9,-1.4,1.0,0.1,0.1,0.0,24.5
2022-02-10,-0.1,-4.7,-1.9,0.2,0.0,0.14,29.2
2022-02-11,6.0,-2.5,1.9,3.1,0.2,2.1,40.3
2022-02-12,-2.7,-11.1,-8.2,0.3,0.0,0.21,33.5
2022-02-13,-8.0,-13.3,-10.2,0.0,0.0,0.0,17.2
2022-02-14,-2.5,-11.0,-7.1,0.0,0.0,0.0,14.1
2022-02-15,3.1,-8.1,-2.8,0.0,0.0,0.0,33.9
2022-02-16,13.1,4.6,8.6,14.6,14.6,0.0,42.7
2022-02-17,6.1,-7.2,-1.6,20.4,13.4,4.9,45.5
2022-02-18,-1.6,-17.5,-7.7,0.1,0.0,0.07,44.3
2022-02-19,-0.9,-14.2,-9.6,0.3,0.0,0.21,40.4
2022-02-20,10.3,-10.2,0.9,0.0,0.0,0.0,41.4
2022-02-21,11.3,-2.3,3.2,0.0,0.0,0.0,21.7
2022-02-22,11.5,-4.5,3.3,12.8,12.8,0.0,29.4
2022-02-23,-3.9,-8.3,-5.7,0.1,0.0,0.07,27.9
2022-02-24,-2.3,-4.5,-3.4,2.6,0.0,1.82,24.5
2022-02-25,-2.8,-6.0,-3.7,3.1,0.0,2.17,21.0
2022-02-26,1.4,-13.0,-5.3,0.0,0.0,0.0,24.6
2022-02-27,5.9,-3.9,-0.4,0.0,0.0,0.0,27.5
2022-02-28,12.1,-4.0,2.8,0.0,0.0,0.0,32.4
2022-03-01,7.6,0.4,3.7,0.0,0.0,0.0,19.9
2022-03-02,12.2,-1.9,3.2,0.5,0.5,0.0,26.0
2022-03-03,0.9,-2.7,-1.4,0.0,0.0,0.0,27.2
2022-03-04,3.0,-4.0,-0.0,0.0,0.0,0.0,22.6
2022-03-05,20.0,2.2,11.2,5.7,5.7,0.0,43.1
2022-03-06,14.6,1.8,6.5,3.5,3.5,0.0,42.8
2022-03-07,2.1,-1.6,0.5,13.0,1.1,8.33,25.9
2022-03-08,3.3,-7.3,-1.9,0.0,0.0,0.0,18.8
2022-03-09,5.9,-3.4,0.5,0.0,0.0,0.0,20.8
2022-03-10,-2.6,-5.5,-3.9,1.2,0.0,0.84,20.8
2022-03-11,1.6,-8.1,-3.7,2.2,0.0,1.54,34.6
2022-03-12,-4.6,-12.3,-8.7,0.0,0.0,0.0,25.7
2022-03-13,10.8,-7.6,1.4,0.1,0.0,0.07,26.4
2022-03-14,15.3,-0.1,6.5,0.0,0.0,0.0,26.7
2022-03-15,5.6,-1.0,2.2,0.0,0.0,0.0,16.9
2022-03-16,19.3,0.2,9.8,0.0,0.0,0.0,29.1
2022-03-17,17.5,5.1,10.2,4.1,4.1,0.0,19.9
2022-03-18,4.8,3.1,4.0,18.5,18.5,0.0,30.2
2022-03-19,5.2,1.9,3.4,6.7,6.7,0.0,27.3
2022-03-20,14.8,-1.2,6.5,0.0,0.0,0.0,16.7
2022-03-21,21.1,4.0,12.2,0.0,0.0,0.0,26.6
2022-03-22,12.2,7.3,9.4,6.2,6.2,0.0,34.0
2022-03-23,15.7,7.8,10.8,19.8,19.8,0.0,32.8
2022-03-24,8.1,3.6,5.7,3.4,3.4,0.0,30.3
2022-03-25,8.8,1.7,5.0,1.1,1.1,0.0,35.8
2022-03-26,1.2,-2.4,-0.3,0.0,0.0,0.0,32.5
2022-03-27,0.7,-4.8,-2.8,0.0,0.0,0.0,26.4
2022-03-28,-1.6,-5.0,-3.1,0.0,0.0,0.0,21.7
2022-03-29,4.7,-2.6,1.1,0.2,0.2,0.0,30.5
2022-03-30,16.2,4.1,11.0,34.9,34.9,0.0,49.8
2022-03-31,11.2,1.2,4.3,16.9,16.4,0.35,27.3
2022-04-01,4.4,-1.9,1.3,0.6,0.0,0.42,21.7
2022-04-02,5.7,-1.2,1.7,5.3,5.2,0.07,20.8
2022-04-03,6.4,-2.2,2.8,1.1,1.1,0.0,14.5
2022-04-04,12.4,3.8,7.8,9.7,9.7,0.0,28.5
2022-04-05,9.5,1.0,5.8,0.0,0.0,0.0,22.2
2022-04-06,13.7,7.0,10.2,15.2,15.2,0.0,41.4
2022-04-07,8.0,4.1,5.5,2.0,2.0,0.0,36.1
2022-04-08,4.1,1.1,2.7,5.1,3.7,0.98,25.9
2022-04-09,6.0,-1.4,2.5,0.2,0.0,0.14,22.7
2022-04-10,14.0,-1.3,7.5,0.0,0.0,0.0,32.6
2022-04-11,14.8,5.7,11.9,2.5,2.5,0.0,33.1
2022-04-12,18.3,3.0,11.5,0.6,0.6,0.0,36.7
2022-04-13,21.7,6.9,16.9,18.7,18.7,0.0,42.1
2022-04-14,10.0,1.7,6.3,0.0,0.0,0.0,53.5
2022-04-15,12.0,3.0,7.0,1.1,0.6,0.35,28.0
2022-04-16,7.9,0.0,3.8,0.0,0.0,0.0,22.6
2022-04-17,3.7,-0.7,2.1,0.0,0.0,0.0,21.0
2022-04-18,6.6,1.3,2.9,6.6,3.8,1.96,34.7
2022-04-19,6.8,0.9,4.0,0.0,0.0,0.0,26.3
2022-04-20,10.5,3.6,7.3,5.1,5.1,0.0,38.4
2022-04-21,19.5,9.1,13.4,1.7,1.7,0.0,32.7
2022-04-22,14.5,7.1,10.6,3.8,3.8,0.0,32.9
2022-04-23,25.8,14.0,20.2,0.0,0.0,0.0,36.7
2022-04-24,22.0,13.8,19.3,5.0,5.0,0.0,41.7
2022-04-25,12.4,5.0,9.6,0.0,0.0,0.0,31.0
2022-04-26,10.9,2.7,5.7,0.0,0.0,0.0,33.6
2022-04-27,3.8,1.0,2.1,0.1,0.1,0.0,25.3
2022-04-28,8.6,2.2,6.2,1.2,1.2,0.0,23.5
2022-04-29,14.3,7.6,10.6,1.5,1.5,0.0,27.7
2022-04-30,19.8,9.4,13.7,29.8,29.8,0.0,34.7
2022-05-01,14.2,9.4,11.6,0.0,0.0,0.0,35.5
2022-05-02,13.1,7.4,9.8,0.1,0.1,0.0,19.1
2022-05-03,9.2,5.9,7.5,26.3,26.3,0.0,41.2
2022-05-04,8.9,4.2,6.5,0.0,0.0,0.0,35.4
2022-05-05,10.0,4.4,7.4,10.8,10.8,0.0,20.1
2022-05-06,8.7,7.5,8.1,7.7,7.7,0.0,32.7
2022-05-07,12.3,6.0,9.0,0.0,0.0,0.0,26.1
2022-05-08,16.5,6.1,12.0,0.0,0.0,0.0,25.2
2022-05-09,23.6,11.2,17.9,0.0,0.0,0.0,38.0
2022-05-10,29.4,17.8,23.4,2.5,2.5,0.0,29.9
2022-05-11,23.9,16.6,20.6,0.8,0.8,0.0,22.1
2022-05-12,29.7,19.5,24.1,0.0,0.0,0.0,24.6
2022-05-13,29.0,17.2,23.2,0.0,0.0,0.0,21.7
2022-05-14,24.3,16.2,19.8,0.0,0.0,0.0,16.9
2022-05-15,20.9,14.9,18.0,0.8,0.8,0.0,19.1
2022-05-16,24.6,12.3,18.8,0.1,0.1,0.0,30.0
2022-05-17,16.0,10.0,13.0,0.0,0.0,0.0,21.6
2022-05-18,15.9,11.2,12.9,7.2,7.2,0.0,22.1
2022-05-19,28.5,11.2,20.3,0.2,0.2,0.0,30.2
2022-05-20,30.5,14.0,22.4,17.8,17.8,0.0,46.7
2022-05-21,16.4,12.9,14.9,22.2,22.2,0.0,17.5
2022-05-22,16.1,10.1,13.0,0.1,0.1,0.0,22.4
2022-05-23,13.4,9.0,11.0,0.0,0.0,0.0,20.9
2022-05-24,15.4,8.8,12.0,0.0,0.0,0.0,26.2
2022-05-25,23.7,12.3,18.3,9.0,9.0,0.0,26.6
2022-05-26,23.7,16.7,20.4,3.8,3.8,0.0,25.5
2022-05-27,15.9,10.8,12.7,30.6,30.6,0.0,42.3
2022-05-28,20.6,9.2,15.9,0.0,0.0,0.0,22.3
2022-05-29,27.0,15.5,21.4,0.0,0.0,0.0,32.1
2022-05-30,29.1,19.7,24.6,0.0,0.0,0.0,33.8
2022-05-31,28.5,21.3,24.9,7.8,7.8,0.0,32.1
2022-06-01,20.8,14.8,17.7,1.3,1.3,0.0,18.7
2022-06-02,21.4,14.5,17.9,0.7,0.7,0.0,13.1
2022-06-03,26.7,14.1,20.2,0.0,0.0,0.0,24.6
2022-06-04,19.6,12.5,16.1,0.0,0.0,0.0,17.1
2022-06-05,21.8,15.2,18.0,0.6,0.6,0.0,16.7
2022-06-06,25.9,13.7,20.3,24.1,24.1,0.0,23.3
2022-06-07,15.2,11.7,13.6,0.2,0.2,0.0,28.4
2022-06-08,19.2,12.8,15.2,6.4,6.4,0.0,23.3
2022-06-09,24.6,11.4,17.5,0.0,0.0,0.0,21.9
2022-06-10,25.1,13.8,18.7,0.6,0.6,0.0,18.2
2022-06-11,23.2,13.1,18.7,0.0,0.0,0.0,16.6
2022-06-12,18.3,12.3,14.4,2.2,2.2,0.0,24.8
2022-06-13,29.5,12.6,20.4,7.7,7.7,0.0,29.8
2022-06-14,35.9,21.5,29.5,0.0,0.0,0.0,26.8
2022-06-15,35.8,25.6,30.9,0.0,0.0,0.0,39.0
2022-06-16,34.9,22.7,29.0,0.0,0.0,0.0,38.4
2022-06-17,28.3,18.8,24.2,0.0,0.0,0.0,22.7
2022-06-18,19.0,13.5,17.1,0.0,0.0,0.0,23.8
2022-06-19,29.8,13.0,21.8,0.0,0.0,0.0,22.3
2022-06-20,35.0,18.5,27.1,0.0,0.0,0.0,25.3
2022-06-21,37.4,22.4,29.9,0.0,0.0,0.0,30.1
2022-06-22,29.8,22.5,26.6,0.0,0.0,0.0,20.7
2022-06-23,26.0,18.5,23.1,0.0,0.0,0.0,18.8
2022-06-24,31.1,17.8,25.1,0.0,0.0,0.0,19.4
2022-06-25,26.1,20.2,22.8,18.4,18.4,0.0,25.8
2022-06-26,27.1,19.2,23.2,0.4,0.4,0.0,28.3
2022-06-27,22.4,15.5,18.8,0.0,0.0,0.0,21.0
2022-06-28,28.7,14.2,22.1,0.0,0.0,0.0,22.5
2022-06-29,27.5,19.1,23.4,2.4,2.4,0.0,20.3
2022-06-30,34.0,21.7,27.9,0.0,0.0,0.0,29.1
2022-07-01,27.4,19.6,23.2,0.3,0.3,0.0,24.8
2022-07-02,26.2,17.7,22.4,0.0,0.0,0.0,15.1
2022-07-03,27.6,17.6,23.2,0.0,0.0,0.0,15.1
2022-07-04,33.0,19.7,26.3,0.2,0.2,0.0,25.5
2022-07-05,29.5,21.0,25.8,16.7,16.7,0.0,24.4
2022-07-06,22.2,18.2,20.7,32.9,32.9,0.0,25.5
2022-07-07,26.8,18.2,22.7,0.0,0.0,0.0,18.4
2022-07-08,23.0,19.7,21.8,15.9,15.9,0.0,26.0
2022-07-09,22.0,18.3,20.2,0.0,0.0,0.0,27.6
2022-07-10,27.8,16.1,22.3,0.0,0.0,0.0,18.6
2022-07-11,30.1,20.3,24.9,0.0,0.0,0.0,29.2
2022-07-12,30.2,20.2,24.8,0.0,0.0,0.0,23.2
2022-07-13,25.4,18.9,21.5,0.4,0.4,0.0,23.5
2022-07-14,23.3,16.6,20.3,0.0,0.0,0.0,22.8
2022-07-15,24.6,18.4,21.0,23.9,23.9,0.0,22.3
2022-07-16,22.8,19.3,20.9,2.7,2.7,0.0,25.7
2022-07-17,23.4,19.8,21.4,2.6,2.6,0.0,21.7
2022-07-18,29.0,18.7,24.0,0.0,0.0,0.0,13.8
2022-07-19,30.3,20.0,25.5,0.0,0.0,0.0,28.7
2022-07-20,31.3,23.9,26.9,0.7,0.7,0.0,36.0
2022-07-21,30.5,20.2,25.6,3.0,3.0,0.0,29.9
2022-07-22,31.2,20.2,25.8,0.0,0.0,0.0,23.6
2022-07-23,30.3,20.8,25.6,12.1,12.1,0.0,32.1
2022-07-24,30.2,23.2,26.1,10.4,10.4,0.0,32.7
2022-07-25,22.7,19.3,21.2,0.2,0.2,0.0,16.6
2022-07-26,25.0,16.8,21.5,0.0,0.0,0.0,18.9
2022-07-27,28.8,20.3,23.8,1.1,1.1,0.0,23.0
2022-07-28,27.5,19.0,22.5,0.6,0.6,0.0,19.6
2022-07-29,26.4,16.2,21.4,0.2,0.2,0.0,19.0
2022-07-30,25.9,16.7,22.0,0.0,0.0,0.0,14.6
2022-07-31,28.6,17.6,23.6,0.0,0.0,0.0,21.7
2022-08-01,30.8,21.5,25.5,2.3,2.3,0.0,30.0
2022-08-02,30.8,18.6,25.0,0.0,0.0,0.0,24.3
2022-08-03,29.8,23.5,26.0,6.6,6.6,0.0,31.9
2022-08-04,26.1,20.8,23.2,2.3,2.3,0.0,23.5
2022-08-05,27.2,20.0,23.9,0.0,0.0,0.0,19.5
2022-08-06,32.4,22.1,27.2,3.8,3.8,0.0,20.3
2022-08-07,28.9,23.6,25.5,46.6,46.6,0.0,20.9
2022-08-08,27.8,19.3,23.3,16.3,16.3,0.0,30.2
2022-08-09,21.4,17.7,19.6,0.2,0.2,0.0,21.9
2022-08-10,26.1,14.8,21.1,0.0,0.0,0.0,14.0
2022-08-11,23.7,18.2,21.5,0.1,0.1,0.0,24.7
2022-08-12,24.0,17.4,20.7,0.0,0.0,0.0,18.4
2022-08-13,25.6,16.6,21.1,1.8,1.8,0.0,30.5
2022-08-14,23.1,19.1,20.8,1.1,1.1,0.0,27.1
2022-08-15,23.0,18.9,20.6,0.8,0.8,0.0,22.5
2022-08-16,23.5,19.0,21.0,0.0,0.0,0.0,22.2
2022-08-17,24.5,17.1,21.0,0.1,0.1,0.0,17.8
2022-08-18,26.9,16.0,22.1,0.3,0.3,0.0,11.6
2022-08-19,29.8,18.8,23.9,0.0,0.0,0.0,21.7
2022-08-20,26.0,19.5,22.0,19.5,19.5,0.0,21.9
2022-08-21,22.4,18.6,20.5,15.2,15.2,0.0,23.1
2022-08-22,23.8,17.5,21.0,0.1,0.1,0.0,14.8
2022-08-23,26.0,16.9,21.6,0.0,0.0,0.0,13.3
2022-08-24,26.7,17.4,22.4,0.0,0.0,0.0,17.3
2022-08-25,28.1,18.1,22.1,9.0,9.0,0.0,22.7
2022-08-26,21.8,17.6,20.3,0.0,0.0,0.0,22.6
2022-08-27,24.8,16.2,20.5,0.0,0.0,0.0,18.7
2022-08-28,31.0,20.2,24.3,17.8,17.8,0.0,28.1
2022-08-29,32.3,22.6,25.8,0.3,0.3,0.0,28.9
2022-08-30,26.9,18.8,22.5,0.0,0.0,0.0,24.3
2022-08-31,29.4,16.5,22.7,0.0,0.0,0.0,21.9
2022-09-01,30.8,19.4,24.8,0.0,0.0,0.0,16.9
2022-09-02,30.1,20.9,25.1,0.0,0.0,0.0,23.3
2022-09-03,26.7,19.5,22.6,0.5,0.5,0.0,26.7
2022-09-04,22.2,19.2,20.6,3.8,3.8,0.0,27.9
2022-09-05,21.4,18.2,19.8,0.3,0.3,0.0,23.5
2022-09-06,24.0,19.3,21.4,1.1,1.1,0.0,16.8
2022-09-07,23.8,18.9,21.4,1.0,1.0,0.0,17.5
2022-09-08,27.3,15.6,21.8,0.0,0.0,0.0,14.5
2022-09-09,28.3,16.0,22.3,0.0,0.0,0.0,20.5
2022-09-10,28.0,16.4,22.7,0.0,0.0,0.0,12.7
2022-09-11,21.4,14.7,19.0,47.6,47.6,0.0,54.0
2022-09-12,17.1,12.6,15.0,1.3,1.3,0.0,28.8
2022-09-13,22.9,14.0,18.4,0.5,0.5,0.0,20.5
2022-09-14,22.8,13.6,18.3,0.0,0.0,0.0,19.4
2022-09-15,27.4,15.4,21.3,0.0,0.0,0.0,15.8
2022-09-16,28.3,17.6,22.5,0.0,0.0,0.0,21.0
2022-09-17,30.3,19.7,24.1,0.4,0.4,0.0,31.2
2022-09-18,29.6,20.8,24.3,5.2,5.2,0.0,23.9
2022-09-19,21.6,17.0,20.0,0.3,0.3,0.0,22.3
2022-09-20,30.9,16.3,22.0,9.2,9.2,0.0,25.5
2022-09-21,28.3,18.0,24.0,0.0,0.0,0.0,39.2
2022-09-22,17.1,13.1,15.0,0.0,0.0,0.0,29.1
2022-09-23,17.4,11.5,14.4,0.0,0.0,0.0,19.2
2022-09-24,22.6,13.0,16.8,5.8,5.8,0.0,23.6
2022-09-25,19.7,14.0,16.2,5.5,5.5,0.0,27.8
2022-09-26,16.5,10.9,13.4,0.1,0.1,0.0,30.1
2022-09-27,14.2,8.1,11.3,0.5,0.5,0.0,27.2
2022-09-28,13.4,10.1,11.7,0.1,0.1,0.0,25.4
2022-09-29,14.8,8.5,12.0,0.0,0.0,0.0,15.1
2022-09-30,16.1,8.3,12.8,0.0,0.0,0.0,17.2
2022-10-01,17.9,12.4,15.6,0.0,0.0,0.0,24.6
2022-10-02,16.3,13.5,14.7,0.0,0.0,0.0,25.5
2022-10-03,16.1,8.3,13.1,0.0,0.0,0.0,19.4
2022-10-04,21.5,6.9,14.4,0.0,0.0,0.0,12.1
2022-10-05,23.8,9.2,16.2,0.0,0.0,0.0,16.3
2022-10-06,23.8,12.4,16.6,2.1,2.1,0.0,39.1
2022-10-07,11.9,7.6,9.9,2.9,2.9,0.0,37.2
2022-10-08,13.9,3.1,8.7,0.0,0.0,0.0,27.2
2022-10-09,19.5,6.6,12.6,0.1,0.1,0.0,21.6
2022-10-10,19.6,7.6,13.6,0.0,0.0,0.0,16.2
2022-10-11,22.2,11.1,15.4,11.9,11.9,0.0,37.9
2022-10-12,20.8,10.8,15.3,6.4,6.4,0.0,42.5
2022-10-13,12.2,4.0,8.3,0.5,0.5,0.0,42.3
2022-10-14,15.0,2.8,7.9,3.9,3.9,0.0,38.8
2022-10-15,11.4,2.5,7.0,0.0,0.0,0.0,27.3
2022-10-16,12.7,5.6,9.0,0.0,0.0,0.0,29.4
2022-10-17,6.2,2.1,4.2,1.0,0.9,0.07,39.3
2022-10-18,7.6,1.2,4.5,0.2,0.0,0.14,36.3
2022-10-19,8.2,0.9,4.2,0.0,0.0,0.0,30.6
2022-10-20,14.6,0.9,6.8,0.0,0.0,0.0,21.1
2022-10-21,22.0,6.6,13.9,0.0,0.0,0.0,32.7
2022-10-22,24.5,13.3,18.4,0.0,0.0,0.0,30.3
2022-10-23,24.0,15.2,19.8,0.0,0.0,0.0,33.7
2022-10-24,22.8,16.4,19.7,2.3,2.3,0.0,33.6
2022-10-25,20.1,10.2,15.1,30.5,30.5,0.0,33.4
2022-10-26,12.1,6.3,8.7,12.3,12.3,0.0,34.3
2022-10-27,9.8,3.6,7.5,0.0,0.0,0.0,20.0
2022-10-28,11.7,6.5,8.8,0.0,0.0,0.0,19.0
2022-10-29,13.7,5.5,9.5,0.0,0.0,0.0,12.6
2022-10-30,13.5,6.5,10.5,7.0,7.0,0.0,14.6
2022-10-31,13.6,9.8,12.2,5.8,5.8,0.0,12.3
2022-11-01,18.6,6.9,11.6,0.0,0.0,0.0,15.3
2022-11-02,19.9,7.3,13.0,0.0,0.0,0.0,20.9
2022-11-03,20.9,11.3,15.6,0.0,0.0,0.0,31.0
2022-11-04,20.3,16.0,18.0,1.8,1.8,0.0,39.6
2022-11-05,19.5,7.2,14.0,14.1,14.1,0.0,54.6
2022-11-06,15.8,6.9,10.7,0.0,0.0,0.0,34.2
2022-11-07,10.2,3.8,7.4,0.0,0.0,0.0,19.8
2022-11-08,11.0,6.3,8.7,0.0,0.0,0.0,26.6
2022-11-09,19.6,7.8,13.3,0.4,0.4,0.0,26.0
2022-11-10,21.6,15.0,17.4,0.0,0.0,0.0,28.7
2022-11-11,14.9,0.4,7.9,0.0,0.0,0.0,23.8
2022-11-12,3.3,-0.1,1.4,0.0,0.0,0.0,24.1
2022-11-13,2.8,-2.2,0.2,0.0,0.0,0.0,21.4
2022-11-14,4.4,-3.4,1.0,0.0,0.0,0.0,23.2
2022-11-15,2.8,1.2,2.1,6.0,2.4,2.52,26.8
2022-11-16,2.0,-1.8,0.8,2.9,0.6,1.61,24.1
2022-11-17,2.1,-2.2,-0.6,0.2,0.0,0.14,38.3
2022-11-18,-2.2,-6.1,-3.5,0.2,0.0,0.14,32.3
2022-11-19,-1.2,-7.0,-4.8,0.0,0.0,0.0,38.6
2022-11-20,0.4,-9.8,-4.8,0.0,0.0,0.0,32.5
2022-11-21,7.4,-1.6,1.6,0.0,0.0,0.0,32.0
2022-11-22,9.2,-2.8,2.6,0.0,0.0,0.0,16.8
2022-11-23,12.1,-1.0,5.1,0.0,0.0,0.0,19.7
2022-11-24,11.0,2.6,6.6,0.0,0.0,0.0,19.4
2022-11-25,10.0,0.1,4.8,0.0,0.0,0.0,20.4
2022-11-26,11.5,1.0,5.3,0.0,0.0,0.0,25.3
2022-11-27,7.0,3.7,5.5,7.3,7.3,0.0,36.1
2022-11-28,8.0,-2.0,3.5,0.0,0.0,0.0,21.3
2022-11-29,13.9,3.2,8.3,5.7,5.7,0.0,36.8
2022-11-30,4.1,-5.7,-2.5,0.0,0.0,0.0,42.9
2022-12-01,1.8,-7.5,-3.2,0.0,0.0,0.0,25.6
2022-12-02,10.1,0.7,5.8,0.0,0.0,0.0,37.4
2022-12-03,9.5,-5.4,-0.7,0.3,0.3,0.0,41.1
2022-12-04,3.4,-6.3,-2.0,0.0,0.0,0.0,24.9
2022-12-05,6.2,-1.7,1.8,0.1,0.1,0.0,23.4
2022-12-06,6.6,1.9,4.4,0.0,0.0,0.0,16.3
2022-12-07,7.6,1.1,3.8,0.0,0.0,0.0,12.9
2022-12-08,5.2,2.0,3.4,0.0,0.0,0.0,20.6
2022-12-09,3.1,1.5,2.3,12.1,9.5,1.82,30.3
2022-12-10,4.1,2.3,3.1,0.0,0.0,0.0,18.4
2022-12-11,4.3,2.0,3.2,0.1,0.1,0.0,15.2
2022-12-12,5.1,2.6,3.7,0.3,0.3,0.0,19.8
2022-12-13,3.6,0.3,2.1,2.4,2.4,0.0,29.4
2022-12-14,7.3,2.3,4.2,20.6,20.6,0.0,35.7
2022-12-15,4.7,-0.6,2.1,15.3,14.5,0.56,31.1
2022-12-16,0.3,-3.0,-1.2,0.5,0.0,0.35,32.4
2022-12-17,-2.4,-5.7,-3.9,0.0,0.0,0.0,31.9
2022-12-18,-4.4,-9.8,-6.9,0.0,0.0,0.0,25.6
2022-12-19,-3.5,-11.9,-7.5,0.0,0.0,0.0,15.9
2022-12-20,2.2,-4.5,-2.1,0.0,0.0,0.0,16.6
2022-12-21,-0.3,-7.8,-3.7,0.0,0.0,0.0,18.0
2022-12-22,1.2,-18.3,-5.2,5.4,0.0,3.78,36.6
2022-12-23,-18.3,-23.3,-20.1,0.5,0.0,0.35,48.3
2022-12-24,-9.5,-18.6,-14.3,0.0,0.0,0.0,43.3
2022-12-25,-9.6,-16.1,-12.7,0.0,0.0,0.0,27.6
2022-12-26,-5.1,-11.2,-7.9,1.1,0.0,0.77,17.6
2022-12-27,-2.6,-12.4,-8.1,0.0,0.0,0.0,31.5
2022-12-28,7.1,-4.3,1.8,0.0,0.0,0.0,42.7
2022-12-29,13.6,5.8,9.6,0.0,0.0,0.0,35.6
2022-12-30,11.9,-1.1,5.8,0.3,0.3,0.0,34.6
2022-12-31,2.3,-2.8,-0.5,0.3,0.1,0.14,17.2
2023-01-01,8.5,1.2,4.1,3.3,3.3,0.0,17.1
2023-01-02,4.6,-0.5,2.1,0.3,0.3,0.0,18.1
2023-01-03,12.7,4.0,7.3,13.1,13.1,0.0,23.6
2023-01-04,8.8,0.2,2.6,0.0,0.0,0.0,23.0
2023-01-05,0.9,-0.4,0.2,1.3,0.1,0.91,21.3
2023-01-06,0.9,-3.8,-0.6,0.0,0.0,0.0,18.6
2023-01-07,0.7,-3.3,-1.2,0.0,0.0,0.0,15.3
2023-01-08,1.5,-3.1,-0.9,0.0,0.0,0.0,13.0
2023-01-09,5.7,-4.9,-0.3,0.0,0.0,0.0,20.2
2023-01-10,8.0,0.7,3.3,0.4,0.4,0.0,20.1
2023-01-11,10.6,0.7,5.7,0.0,0.0,0.0,21.0
2023-01-12,6.7,1.8,2.9,0.1,0.1,0.0,37.9
2023-01-13,1.4,-2.6,-0.7,0.8,0.2,0.49,35.7
2023-01-14,0.3,-5.7,-2.9,0.0,0.0,0.0,16.6
2023-01-15,5.1,-3.8,0.2,0.0,0.0,0.0,30.5
2023-01-16,8.7,2.4,5.0,8.8,8.8,0.0,28.4
2023-01-17,8.7,2.7,5.0,0.0,0.0,0.0,34.1
2023-01-18,3.5,-0.1,1.9,8.4,6.9,1.05,35.2
2023-01-19,5.3,1.3,3.3,9.6,9.0,0.42,38.2
2023-01-20,1.4,-2.7,0.2,0.2,0.2,0.0,26.7
2023-01-21,2.5,-2.8,-0.8,0.0,0.0,0.0,16.1
2023-01-22,0.8,-1.4,-0.6,2.5,0.0,1.75,19.2
2023-01-23,-0.3,-5.8,-2.9,0.1,0.0,0.07,28.7
2023-01-24,1.7,-3.4,-0.8,0.0,0.0,0.0,25.0
2023-01-25,0.9,-1.1,0.1,9.2,0.4,6.16,21.4
2023-01-26,-0.7,-7.6,-3.1,1.8,0.0,1.33,26.3
2023-01-27,2.9,-11.2,-4.4,0.3,0.0,0.21,39.6
2023-01-28,-0.8,-9.2,-4.7,1.9,0.0,1.33,24.2
2023-01-29,-0.6,-6.8,-2.9,1.7,0.0,1.26,29.6
2023-01-30,-7.7,-16.6,-11.2,1.1,0.0,0.77,23.5
2023-01-31,-10.3,-19.5,-15.4,0.0,0.0,0.0,17.2
2023-02-01,-2.9,-17.4,-9.9,0.0,0.0,0.0,23.7
2023-02-02,-0.2,-9.8,-4.9,0.0,0.0,0.0,27.1
2023-02-03,-10.4,-17.9,-13.7,0.0,0.0,0.0,30.5
2023-02-04,5.4,-10.3,-2.7,0.0,0.0,0.0,33.4
2023-02-05,5.8,-2.9,2.1,0.0,0.0,0.0,32.6
2023-02-06,5.2,-5.7,0.3,0.0,0.0,0.0,35.9
2023-02-07,9.7,-1.2,5.3,0.0,0.0,0.0,40.3
2023-02-08,5.5,-4.4,0.4,0.0,0.0,0.0,14.0
2023-02-09,9.3,1.7,3.6,19.2,19.2,0.0,31.0
2023-02-10,3.1,-4.2,0.7,0.1,0.1,0.0,23.4
2023-02-11,7.0,-6.2,-0.4,0.0,0.0,0.0,22.2
2023-02-12,10.0,-2.9,3.0,0.0,0.0,0.0,22.5
2023-02-13,9.8,0.8,4.5,0.0,0.0,0.0,22.5
2023-02-14,11.5,-0.1,5.8,2.5,2.5,0.0,45.7
2023-02-15,9.7,1.0,6.5,2.7,2.7,0.0,48.2
2023-02-16,1.9,-3.0,0.4,13.0,3.1,6.93,44.7
2023-02-17,-3.7,-7.8,-5.8,0.8,0.1,0.49,38.7
2023-02-18,7.4,-6.1,1.2,0.0,0.0,0.0,27.8
2023-02-19,10.4,2.8,5.6,0.0,0.0,0.0,30.9
2023-02-20,3.8,-1.9,1.8,0.0,0.0,0.0,22.5
2023-02-21,3.3,-3.8,-0.0,0.0,0.0,0.0,32.7
2023-02-22,1.9,0.0,0.8,31.0,31.0,0.0,36.1
2023-02-23,7.4,-3.8,2.1,0.1,0.1,0.0,37.6
2023-02-24,-3.1,-5.7,-4.3,1.4,0.0,0.98,23.0
2023-02-25,4.0,-2.7,-0.1,0.3,0.0,0.21,23.1
2023-02-26,6.8,-2.6,1.1,0.0,0.0,0.0,25.3
2023-02-27,14.7,2.1,7.5,19.1,19.1,0.0,38.2
2023-02-28,7.9,-0.2,3.7,0.0,0.0,0.0,25.2
2023-03-01,14.1,1.4,6.3,4.2,4.2,0.0,21.6
2023-03-02,4.3,0.1,1.6,0.0,0.0,0.0,22.0
2023-03-03,2.7,0.1,1.2,6.5,1.2,3.71,36.8
2023-03-04,8.8,-2.3,2.8,0.8,0.8,0.0,20.2
2023-03-05,5.1,-2.6,2.5,0.3,0.3,0.0,29.8
2023-03-06,12.9,2.7,6.0,9.6,7.4,1.54,30.6
2023-03-07,4.2,1.6,2.6,0.0,0.0,0.0,30.4
2023-03-08,4.6,0.7,2.4,0.0,0.0,0.0,23.7
2023-03-09,3.1,1.2,2.1,6.7,2.3,3.08,26.8
2023-03-10,1.7,0.5,1.0,6.6,0.9,3.99,27.7
2023-03-11,3.5,0.8,1.8,1.9,0.3,1.12,22.7
2023-03-12,3.4,-1.5,1.3,3.8,1.1,1.89,21.8
2023-03-13,0.7,-3.1,-1.5,1.2,0.0,0.91,43.3
2023-03-14,0.1,-6.8,-3.2,0.0,0.0,0.0,19.1
2023-03-15,9.4,-5.4,2.1,0.0,0.0,0.0,27.3
2023-03-16,10.1,2.9,6.4,2.6,2.6,0.0,29.3
2023-03-17,9.8,-4.3,1.9,3.2,3.2,0.0,36.0
2023-03-18,-2.9,-10.6,-6.4,0.0,0.0,0.0,35.4
2023-03-19,4.7,-7.4,-1.9,0.0,0.0,0.0,26.8
2023-03-20,9.9,-2.3,3.5,0.0,0.0,0.0,35.7
2023-03-21,10.0,0.9,5.4,0.0,0.0,0.0,27.4
2023-03-22,13.2,3.6,7.1,2.5,2.5,0.0,24.3
2023-03-23,6.0,1.7,3.4,2.7,2.7,0.0,36.0
2023-03-24,4.6,1.1,2.8,1.7,1.7,0.0,26.9
2023-03-25,5.6,0.8,2.5,17.6,16.1,1.05,39.5
2023-03-26,5.8,-1.4,2.7,0.3,0.2,0.07,25.0
2023-03-27,4.4,-1.0,2.1,0.0,0.0,0.0,28.7
2023-03-28,9.0,-2.8,2.9,0.6,0.6,0.0,18.9
2023-03-29,4.7,-2.5,1.4,0.2,0.1,0.07,24.5
2023-03-30,9.6,-2.7,3.0,0.0,0.0,0.0,35.3
2023-03-31,20.4,9.6,14.1,11.8,11.8,0.0,43.9
2023-04-01,11.7,0.5,4.6,1.3,1.3,0.0,38.2
2023-04-02,11.4,-2.2,5.3,0.0,0.0,0.0,29.9
2023-04-03,12.4,4.6,8.1,8.9,8.9,0.0,26.4
2023-04-04,20.9,5.1,11.0,11.3,11.3,0.0,45.2
2023-04-05,22.2,4.0,15.4,18.0,18.0,0.0,43.8
2023-04-06,10.9,0.3,5.2,0.0,0.0,0.0,22.7
2023-04-07,6.0,1.9,3.9,0.0,0.0,0.0,18.4
2023-04-08,12.8,2.1,7.3,0.0,0.0,0.0,16.7
2023-04-09,17.7,3.5,10.5,0.0,0.0,0.0,17.2
2023-04-10,19.8,5.9,12.6,0.0,0.0,0.0,19.7
2023-04-11,23.2,8.6,16.1,0.0,0.0,0.0,27.6
2023-04-12,24.7,12.5,18.7,0.0,0.0,0.0,34.8
2023-04-13,25.7,10.6,18.9,0.0,0.0,0.0,23.2
2023-04-14,24.7,10.5,17.5,0.2,0.2,0.0,18.5
2023-04-15,26.7,16.3,20.6,0.6,0.6,0.0,26.5
2023-04-16,16.1,2.2,9.1,7.0,6.9,0.07,44.3
2023-04-17,5.5,0.1,2.5,2.9,0.1,1.96,41.3
2023-04-18,13.0,-0.7,5.9,0.0,0.0,0.0,22.7
2023-04-19,19.8,5.2,10.1,1.0,1.0,0.0,25.6
2023-04-20,25.8,11.9,18.3,5.0,5.0,0.0,41.0
2023-04-21,16.0,5.8,10.8,0.0,0.0,0.0,28.8
2023-04-22,7.7,2.8,5.5,1.9,1.7,0.14,30.4
2023-04-23,6.2,1.6,3.7,2.9,2.8,0.07,20.8
2023-04-24,9.8,0.6,5.6,0.2,0.2,0.0,21.2
2023-04-25,6.5,2.9,4.9,4.0,3.9,0.07,26.0
2023-04-26,6.7,2.8,4.7,0.0,0.0,0.0,19.6
2023-04-27,15.7,1.3,8.6,0.0,0.0,0.0,19.7
2023-04-28,10.3,5.5,8.5,0.0,0.0,0.0,18.4
2023-04-29,14.8,2.9,9.0,3.0,3.0,0.0,27.4
2023-04-30,8.9,3.4,5.9,3.1,3.1,0.0,34.0
2023-05-01,8.1,4.1,5.5,5.9,5.9,0.0,39.8
2023-05-02,11.5,4.3,7.4,0.4,0.4,0.0,33.0
2023-05-03,8.1,3.0,6.2,0.0,0.0,0.0,29.8
2023-05-04,17.9,2.7,11.0,0.0,0.0,0.0,24.6
2023-05-05,23.9,10.1,16.7,0.0,0.0,0.0,27.5
2023-05-06,24.7,12.3,18.1,0.6,0.6,0.0,27.7
2023-05-07,24.6,8.5,16.9,1.7,1.7,0.0,29.3
2023-05-08,14.9,7.3,9.7,10.8,10.8,0.0,25.3
2023-05-09,13.1,7.4,10.0,0.0,0.0,0.0,17.7
2023-05-10,18.6,6.7,12.7,0.0,0.0,0.0,15.0
2023-05-11,23.4,11.6,16.8,0.0,0.0,0.0,17.3
2023-05-12,19.6,13.7,16.1,19.0,19.0,0.0,16.5
2023-05-13,15.3,11.6,13.2,1.0,1.0,0.0,19.4
2023-05-14,13.7,10.0,12.2,0.0,0.0,0.0,26.0
2023-05-15,13.3,8.6,11.2,0.0,0.0,0.0,19.6
2023-05-16,25.2,8.3,15.3,0.0,0.0,0.0,25.7
2023-05-17,12.8,7.5,9.8,0.0,0.0,0.0,27.6
2023-05-18,19.1,6.9,13.7,0.0,0.0,0.0,24.1
2023-05-19,23.4,11.7,17.4,5.2,5.2,0.0,26.5
2023-05-20,18.2,8.9,12.9,0.0,0.0,0.0,22.6
2023-05-21,22.6,10.8,16.7,0.0,0.0,0.0,21.3
2023-05-22,22.8,11.9,17.4,0.0,0.0,0.0,24.6
2023-05-23,26.2,14.4,19.7,0.0,0.0,0.0,21.2
2023-05-24,15.8,9.4,13.7,0.0,0.0,0.0,31.7
2023-05-25,13.4,8.3,10.6,0.0,0.0,0.0,27.7
2023-05-26,17.1,8.7,12.8,0.0,0.0,0.0,24.7
2023-05-27,19.7,9.2,14.8,0.0,0.0,0.0,21.9
2023-05-28,22.3,11.4,16.9,0.0,0.0,0.0,19.4
2023-05-29,22.9,11.8,17.6,0.0,0.0,0.0,18.0
2023-05-30,26.2,14.2,19.7,0.0,0.0,0.0,17.9
2023-05-31,30.2,16.3,23.1,2.5,2.5,0.0,21.5
2023-06-01,30.2,18.2,23.9,0.0,0.0,0.0,23.5
2023-06-02,27.3,16.3,21.6,0.0,0.0,0.0,20.2
2023-06-03,25.6,15.9,19.8,0.0,0.0,0.0,25.3
2023-06-04,23.1,15.2,19.1,0.0,0.0,0.0,25.2
2023-06-05,25.1,12.7,19.6,0.0,0.0,0.0,18.3
2023-06-06,20.4,14.1,17.6,0.2,0.2,0.0,26.6
2023-06-07,19.0,13.3,16.0,0.0,0.0,0.0,27.8
2023-06-08,19.7,12.4,16.3,0.0,0.0,0.0,19.5
2023-06-09,23.4,12.9,18.8,0.0,0.0,0.0,21.1
2023-06-10,28.9,15.5,22.7,0.0,0.0,0.0,18.3
2023-06-11,20.6,11.3,14.1,4.4,4.4,0.0,40.3
2023-06-12,18.9,9.7,13.9,1.1,1.1,0.0,32.1
2023-06-13,19.4,12.8,16.0,10.8,10.8,0.0,29.8
2023-06-14,19.1,14.0,16.1,0.0,0.0,0.0,17.7
2023-06-15,27.2,11.2,16.5,0.2,0.2,0.0,29.8
2023-06-16,17.3,11.2,13.5,0.0,0.0,0.0,26.3
2023-06-17,22.5,11.0,17.0,0.0,0.0,0.0,17.5
2023-06-18,25.7,15.0,20.6,0.0,0.0,0.0,25.1
2023-06-19,25.9,17.4,21.0,0.0,0.0,0.0,23.7
2023-06-20,23.0,15.8,19.0,0.0,0.0,0.0,27.4
2023-06-21,26.3,15.9,20.8,0.0,0.0,0.0,26.0
2023-06-22,25.0,17.1,20.9,0.0,0.0,0.0,21.0
2023-06-23,25.3,17.3,21.5,0.0,0.0,0.0,19.5
2023-06-24,28.7,17.3,23.6,0.0,0.0,0.0,23.4
2023-06-25,29.5,19.8,24.1,7.1,7.1,0.0,37.6
2023-06-26,24.3,19.2,21.3,5.1,5.1,0.0,28.0
2023-06-27,20.6,16.1,18.8,0.2,0.2,0.0,25.6
2023-06-28,25.4,13.7,20.2,0.1,0.1,0.0,18.9
2023-06-29,30.3,20.1,24.0,32.8,32.8,0.0,21.2
2023-06-30,30.7,21.4,25.2,0.0,0.0,0.0,15.0
2023-07-01,26.6,21.1,22.6,23.4,23.4,0.0,15.0
2023-07-02,21.4,16.9,18.8,137.8,137.8,0.0,42.0
2023-07-03,23.7,16.5,20.5,0.0,0.0,0.0,16.6
2023-07-04,29.6,18.3,24.5,0.1,0.1,0.0,15.5
2023-07-05,29.7,21.0,24.4,38.9,38.9,0.0,19.6
2023-07-06,21.4,18.1,20.3,1.0,1.0,0.0,19.3
2023-07-07,23.1,17.7,20.4,0.1,0.1,0.0,17.1
2023-07-08,20.6,17.3,18.8,7.8,7.8,0.0,20.0
2023-07-09,26.1,15.4,21.2,0.3,0.3,0.0,16.0
2023-07-10,29.1,16.7,23.2,0.0,0.0,0.0,22.3
2023-07-11,28.8,18.4,21.4,7.0,7.0,0.0,25.8
2023-07-12,25.3,17.2,20.1,33.8,33.8,0.0,29.6
2023-07-13,23.4,16.0,19.4,0.0,0.0,0.0,16.3
2023-07-14,31.0,19.5,24.2,6.1,6.1,0.0,25.9
2023-07-15,28.3,20.4,23.6,5.8,5.8,0.0,16.0
2023-07-16,27.7,18.8,23.0,0.0,0.0,0.0,26.8
2023-07-17,23.5,18.2,21.0,0.0,0.0,0.0,19.3
2023-07-18,22.8,16.4,20.0,0.0,0.0,0.0,16.4
2023-07-19,25.8,15.3,21.4,0.0,0.0,0.0,14.4
2023-07-20,30.0,19.5,23.6,0.9,0.9,0.0,27.2
2023-07-21,23.6,18.3,20.6,0.1,0.1,0.0,21.5
2023-07-22,28.3,16.7,22.4,0.0,0.0,0.0,12.8
2023-07-23,26.3,18.0,22.4,0.0,0.0,0.0,15.0
2023-07-24,27.9,18.7,23.1,0.0,0.0,0.0,17.9
2023-07-25,30.9,18.6,25.1,0.0,0.0,0.0,16.5
2023-07-26,32.0,22.9,26.3,21.1,21.1,0.0,29.0
2023-07-27,28.8,21.5,25.5,0.0,0.0,0.0,14.5
2023-07-28,32.2,22.4,25.9,23.1,23.1,0.0,29.2
2023-07-29,23.5,20.2,22.1,0.9,0.9,0.0,23.9
2023-07-30,23.8,17.9,20.9,0.1,0.1,0.0,22.6
2023-07-31,25.1,16.1,21.3,0.2,0.2,0.0,16.4
2023-08-01,27.9,17.8,23.2,0.3,0.3,0.0,13.9
2023-08-02,28.3,18.4,23.6,0.0,0.0,0.0,15.6
2023-08-03,28.0,17.9,23.4,0.0,0.0,0.0,13.3
2023-08-04,25.7,20.5,23.1,0.0,0.0,0.0,23.5
2023-08-05,22.9,19.8,21.3,23.3,23.3,0.0,23.0
2023-08-06,21.3,18.9,20.1,5.8,5.8,0.0,31.1
2023-08-07,23.0,18.9,20.7,0.6,0.6,0.0,23.2
2023-08-08,28.0,16.6,22.3,0.4,0.4,0.0,13.7
2023-08-09,27.1,17.8,22.1,0.0,0.0,0.0,14.6
2023-08-10,27.8,17.0,22.5,2.5,2.5,0.0,15.0
2023-08-11,27.9,19.8,23.1,8.7,8.7,0.0,28.4
2023-08-12,26.4,20.9,23.5,7.8,7.8,0.0,19.8
2023-08-13,24.4,17.8,21.0,1.2,1.2,0.0,20.1
2023-08-14,23.3,17.6,20.7,23.3,23.3,0.0,33.4
2023-08-15,21.2,17.4,19.1,4.0,4.0,0.0,31.6
2023-08-16,26.4,14.3,20.5,0.0,0.0,0.0,23.6
2023-08-17,26.0,17.7,21.2,10.4,10.4,0.0,30.7
2023-08-18,22.8,13.9,18.8,0.0,0.0,0.0,20.5
2023-08-19,26.6,15.7,21.2,0.3,0.3,0.0,24.5
2023-08-20,27.7,20.0,23.9,0.0,0.0,0.0,17.7
2023-08-21,23.1,19.9,21.9,0.0,0.0,0.0,23.2
2023-08-22,28.0,19.8,23.8,0.0,0.0,0.0,18.5
2023-08-23,36.6,24.6,30.0,0.0,0.0,0.0,27.3
2023-08-24,37.0,25.9,30.5,21.8,21.8,0.0,31.0
2023-08-25,24.7,21.1,22.3,0.2,0.2,0.0,21.1
2023-08-26,22.7,18.1,20.9,0.8,0.8,0.0,35.2
2023-08-27,20.8,16.8,18.9,0.0,0.0,0.0,23.1
2023-08-28,23.5,16.5,20.4,0.0,0.0,0.0,14.2
2023-08-29,28.9,16.8,21.4,0.2,0.2,0.0,29.6
2023-08-30,18.9,15.3,17.3,0.3,0.3,0.0,30.1
2023-08-31,21.7,14.7,18.5,0.0,0.0,0.0,14.8
2023-09-01,26.4,14.2,20.6,0.0,0.0,0.0,17.4
2023-09-02,31.4,17.2,23.9,0.0,0.0,0.0,24.8
2023-09-03,34.6,19.9,27.1,0.0,0.0,0.0,26.0
2023-09-04,33.3,21.7,27.5,0.2,0.2,0.0,19.5
2023-09-05,32.6,24.0,27.6,0.0,0.0,0.0,28.7
2023-09-06,29.7,20.9,24.8,8.3,8.3,0.0,31.8
2023-09-07,20.5,18.4,19.6,0.1,0.1,0.0,22.3
2023-09-08,18.5,16.8,17.7,13.1,13.1,0.0,24.8
2023-09-09,20.9,15.2,18.1,0.0,0.0,0.0,17.6
2023-09-10,23.2,13.4,19.2,0.0,0.0,0.0,15.3
2023-09-11,19.1,16.9,18.2,48.3,48.3,0.0,21.4
2023-09-12,18.0,14.1,16.3,0.8,0.8,0.0,24.9
2023-09-13,18.0,12.5,15.3,4.8,4.8,0.0,20.8
2023-09-14,19.7,11.4,16.1,0.0,0.0,0.0,13.2
2023-09-15,23.3,12.3,17.9,0.0,0.0,0.0,14.0
2023-09-16,19.0,14.5,17.1,1.8,1.8,0.0,13.5
2023-09-17,17.8,14.8,16.0,50.9,50.9,0.0,27.5
2023-09-18,17.8,11.7,15.8,0.4,0.4,0.0,13.3
2023-09-19,19.3,13.7,16.4,8.4,8.4,0.0,25.3
2023-09-20,25.5,15.5,20.1,0.0,0.0,0.0,20.2
2023-09-21,22.3,17.1,19.9,0.1,0.1,0.0,17.7
2023-09-22,23.6,17.7,20.5,1.5,1.5,0.0,18.0
2023-09-23,22.4,16.8,19.6,0.0,0.0,0.0,25.3
2023-09-24,21.9,13.8,18.0,0.0,0.0,0.0,23.3
2023-09-25,21.3,16.6,18.7,3.8,3.8,0.0,19.9
2023-09-26,21.6,16.5,18.6,23.0,23.0,0.0,25.0
2023-09-27,19.6,17.1,18.1,3.5,3.5,0.0,24.1
2023-09-28,19.6,16.3,17.8,0.9,0.9,0.0,19.3
2023-09-29,21.5,14.3,18.0,0.1,0.1,0.0,18.1
2023-09-30,25.2,14.9,19.8,0.0,0.0,0.0,15.9
2023-10-01,24.7,15.9,20.2,0.0,0.0,0.0,13.9
2023-10-02,26.6,16.2,20.9,0.0,0.0,0.0,14.1
2023-10-03,27.8,15.8,21.7,0.0,0.0,0.0,19.1
2023-10-04,27.8,20.1,23.3,0.4,0.4,0.0,34.0
2023-10-05,21.7,16.4,18.7,11.3,11.3,0.0,27.9
2023-10-06,15.8,7.6,11.6,0.4,0.4,0.0,36.8
2023-10-07,13.7,7.3,9.9,0.1,0.1,0.0,26.2
2023-10-08,12.2,6.6,9.4,0.0,0.0,0.0,17.6
2023-10-09,12.6,6.1,8.8,0.0,0.0,0.0,24.8
2023-10-10,15.2,5.1,9.7,0.0,0.0,0.0,20.2
2023-10-11,17.3,4.8,11.1,12.7,12.7,0.0,16.8
2023-10-12,15.3,12.2,13.7,9.1,9.1,0.0,27.0
2023-10-13,14.5,12.5,13.3,16.6,16.6,0.0,27.2
2023-10-14,12.9,11.2,12.0,18.3,18.3,0.0,41.0
2023-10-15,13.8,8.0,10.8,1.5,1.5,0.0,30.0
2023-10-16,12.5,7.4,10.9,1.9,1.9,0.0,28.1
2023-10-17,15.5,3.9,9.4,0.0,0.0,0.0,15.9
2023-10-18,18.1,7.7,12.7,1.3,1.3,0.0,30.3
2023-10-19,15.8,11.6,13.4,6.0,6.0,0.0,22.2
2023-10-20,14.6,8.2,11.5,3.4,3.4,0.0,26.7
2023-10-21,17.6,5.7,10.9,3.3,3.3,0.0,28.1
2023-10-22,11.3,5.8,8.5,0.0,0.0,0.0,29.1
2023-10-23,16.8,6.2,11.4,0.0,0.0,0.0,26.4
2023-10-24,24.5,13.9,18.7,0.3,0.3,0.0,28.3
2023-10-25,18.9,15.5,17.0,9.5,9.5,0.0,26.5
2023-10-26,19.5,17.2,18.2,11.6,11.6,0.0,28.9
2023-10-27,21.4,8.8,17.1,4.3,4.3,0.0,26.5
2023-10-28,9.8,4.7,7.7,1.1,1.1,0.0,24.4
2023-10-29,10.0,4.6,8.5,11.3,11.3,0.0,29.2
2023-10-30,5.0,-0.7,2.4,0.0,0.0,0.0,25.6
2023-10-31,2.8,-2.2,0.6,1.8,0.5,0.91,37.2
2023-11-01,5.3,-2.4,1.7,0.2,0.2,0.0,23.1
2023-11-02,10.6,0.4,5.4,0.0,0.0,0.0,25.8
2023-11-03,11.8,6.4,9.0,0.1,0.1,0.0,26.4
2023-11-04,12.5,5.9,9.1,0.0,0.0,0.0,21.3
2023-11-05,13.8,2.0,7.5,0.0,0.0,0.0,22.8
2023-11-06,19.7,9.4,14.1,1.3,1.3,0.0,38.0
2023-11-07,12.4,5.7,8.8,0.0,0.0,0.0,22.2
2023-11-08,15.3,7.6,10.6,12.2,12.2,0.0,27.7
2023-11-09,12.1,4.2,7.9,0.0,0.0,0.0,26.7
2023-11-10,8.2,3.3,5.7,0.0,0.0,0.0,22.1
2023-11-11,10.0,-0.3,5.1,0.0,0.0,0.0,14.0
2023-11-12,11.8,4.5,7.6,0.0,0.0,0.0,24.2
2023-11-13,14.8,4.6,8.7,0.0,0.0,0.0,22.7
2023-11-14,13.9,0.2,6.9,0.0,0.0,0.0,20.7
2023-11-15,15.6,5.2,9.1,0.0,0.0,0.0,19.0
2023-11-16,16.8,5.7,11.5,0.0,0.0,0.0,31.6
2023-11-17,15.4,2.7,8.8,0.7,0.7,0.0,29.3
2023-11-18,9.8,-1.8,3.9,0.0,0.0,0.0,21.1
2023-11-19,9.8,1.9,6.3,0.0,0.0,0.0,19.0
2023-11-20,8.2,5.8,7.0,3.6,3.6,0.0,29.2
2023-11-21,7.3,4.2,5.6,13.4,13.4,0.0,28.0
2023-11-22,7.3,2.0,3.9,0.0,0.0,0.0,21.4
2023-11-23,6.8,0.5,3.6,0.0,0.0,0.0,26.4
2023-11-24,3.8,-1.0,0.7,0.0,0.0,0.0,29.3
2023-11-25,1.9,-1.2,0.3,0.0,0.0,0.0,12.6
2023-11-26,1.5,-1.7,-0.3,3.3,0.0,2.31,30.2
2023-11-27,-2.2,-7.9,-4.3,0.0,0.0,0.0,31.7
2023-11-28,-4.2,-10.2,-7.5,0.0,0.0,0.0,25.3
2023-11-29,5.6,-7.1,-1.2,0.0,0.0,0.0,23.3
2023-11-30,10.4,-0.7,4.6,0.2,0.2,0.0,27.9
2023-12-01,6.6,3.9,5.6,18.1,18.1,0.0,18.9
2023-12-02,6.1,3.8,4.9,0.6,0.6,0.0,15.0
2023-12-03,4.6,1.8,3.5,7.6,7.6,0.0,24.5
2023-12-04,4.8,-0.9,1.9,0.0,0.0,0.0,15.7
2023-12-05,4.5,-0.6,1.9,3.2,1.3,1.33,21.3
2023-12-06,3.4,-1.7,1.0,0.0,0.0,0.0,27.5
2023-12-07,10.8,1.3,5.6,0.0,0.0,0.0,28.6
2023-12-08,13.2,7.1,9.6,0.0,0.0,0.0,29.0
2023-12-09,12.1,2.6,8.5,2.0,2.0,0.0,33.5
2023-12-10,2.2,-1.2,1.0,0.0,0.0,0.0,28.7
2023-12-11,1.6,-3.2,-1.1,0.0,0.0,0.0,21.6
2023-12-12,2.6,-3.0,0.1,0.0,0.0,0.0,23.3
2023-12-13,3.7,-5.7,-1.4,0.0,0.0,0.0,16.8
2023-12-14,8.4,-1.9,2.3,0.0,0.0,0.0,18.2
2023-12-15,10.3,0.3,4.3,0.0,0.0,0.0,14.9
2023-12-16,6.1,4.1,5.1,9.1,9.1,0.0,24.8
2023-12-17,6.7,2.4,5.4,0.0,0.0,0.0,21.4
2023-12-18,2.2,-5.9,-1.2,0.1,0.0,0.07,38.2
2023-12-19,0.4,-7.6,-3.8,0.0,0.0,0.0,22.8
2023-12-20,5.5,-2.6,0.6,0.0,0.0,0.0,20.7
2023-12-21,5.7,0.3,3.0,1.0,1.0,0.0,10.7
2023-12-22,8.1,4.4,6.0,12.0,12.0,0.0,12.4
2023-12-23,8.3,6.2,6.8,0.9,0.9,0.0,9.7
2023-12-24,13.3,5.7,9.3,0.0,0.0,0.0,21.5
2023-12-25,11.2,8.4,10.0,8.2,8.2,0.0,30.3
2023-12-26,11.3,0.4,5.1,0.6,0.6,0.0,25.4
2023-12-27,4.8,-0.2,2.7,0.0,0.0,0.0,25.5
2023-12-28,4.7,2.7,3.8,4.1,4.1,0.0,27.8
2023-12-29,4.9,-0.5,3.7,4.5,4.5,0.0,26.7
2023-12-30,5.7,-3.0,0.4,0.0,0.0,0.0,19.6
2023-12-31,0.9,-1.4,-0.0,1.5,0.0,1.05,28.5
2024-01-01,1.4,-2.6,-0.4,0.4,0.0,0.28,30.4
2024-01-02,2.5,-4.6,-1.6,0.0,0.0,0.0,27.1
2024-01-03,2.1,-1.5,0.1,0.0,0.0,0.0,17.2
2024-01-04,1.0,-4.6,-1.5,0.0,0.0,0.0,19.8
2024-01-05,2.1,-5.4,-1.7,0.0,0.0,0.0,17.5
2024-01-06,0.7,-0.9,-0.2,5.2,0.1,3.57,16.4
2024-01-07,1.5,-2.8,-0.2,1.2,0.0,0.84,21.3
2024-01-08,3.0,-2.9,0.3,0.2,0.1,0.07,26.2
2024-01-09,2.4,0.8,1.2,27.9,12.9,10.5,33.4
2024-01-10,0.8,-1.7,-0.4,1.2,0.1,0.77,33.6
2024-01-11,1.0,-3.7,-1.0,0.9,0.0,0.63,25.8
2024-01-12,3.1,-1.2,0.9,22.8,10.0,8.96,45.1
2024-01-13,0.7,-15.6,-5.5,2.3,0.1,1.61,36.9
2024-01-14,-16.2,-23.2,-21.0,0.5,0.0,0.35,39.1
2024-01-15,-17.4,-24.9,-21.1,0.0,0.0,0.0,25.3
2024-01-16,-16.7,-21.9,-18.7,0.0,0.0,0.14,35.3
2024-01-17,-7.6,-17.3,-12.1,0.1,0.0,0.07,30.2
2024-01-18,-4.1,-9.3,-6.7,0.9,0.0,0.63,23.4
2024-01-19,-10.2,-13.8,-11.5,3.6,0.1,2.52,30.5
2024-01-20,-6.8,-15.0,-12.0,0.0,0.0,0.0,25.5
2024-01-21,-5.1,-18.1,-11.6,0.0,0.0,0.0,25.1
2024-01-22,0.5,-7.6,-2.3,1.6,1.3,0.21,25.4
2024-01-23,2.0,-1.1,0.4,9.1,9.1,0.0,14.7
2024-01-24,2.6,-0.6,1.0,5.5,5.5,0.0,15.0
2024-01-25,4.2,1.0,2.3,7.5,7.5,0.0,21.7
2024-01-26,4.0,1.7,2.5,9.5,9.5,0.0,21.9
2024-01-27,3.2,0.1,1.8,2.3,2.3,0.0,23.8
2024-01-28,3.0,0.1,1.8,2.9,2.9,0.0,33.3
2024-01-29,6.3,-3.0,0.8,0.0,0.0,0.0,23.0
2024-01-30,4.7,0.1,2.0,3.2,2.2,0.7,21.8
2024-01-31,7.2,-2.4,2.1,0.0,0.0,0.0,21.9
2024-02-01,10.6,0.8,3.4,0.0,0.0,0.0,22.0
2024-02-02,3.2,0.1,1.4,0.0,0.0,0.0,22.2
2024-02-03,3.3,-2.5,0.2,0.0,0.0,0.0,17.5
2024-02-04,3.0,-1.6,0.5,0.0,0.0,0.0,21.3
2024-02-05,3.1,-1.1,0.9,0.0,0.0,0.0,23.4
2024-02-06,7.0,-2.6,1.3,0.0,0.0,0.0,13.1
2024-02-07,7.8,-2.2,2.6,0.0,0.0,0.0,20.1
2024-02-08,14.3,3.9,9.2,0.0,0.0,0.0,33.6
2024-02-09,12.9,3.3,8.0,0.0,0.0,0.0,33.6
2024-02-10,5.4,-2.3,1.1,0.0,0.0,0.0,19.5
2024-02-11,3.6,-3.3,-0.3,0.0,0.0,0.0,13.4
2024-02-12,6.1,-5.7,-0.2,0.0,0.0,0.0,12.0
2024-02-13,4.3,-2.4,0.1,0.0,0.0,0.0,17.9
2024-02-14,5.9,-4.4,0.8,0.0,0.0,0.0,21.6
2024-02-15,5.8,-1.5,2.9,6.5,4.2,1.61,32.9
2024-02-16,-0.9,-3.0,-2.0,0.8,0.0,0.56,21.4
2024-02-17,-1.9,-10.5,-6.3,0.0,0.0,0.0,35.7
2024-02-18,6.6,-5.0,-0.3,0.0,0.0,0.0,34.9
2024-02-19,8.1,-6.9,-0.1,0.0,0.0,0.0,15.5
2024-02-20,12.5,-3.5,3.9,0.0,0.0,0.0,23.9
2024-02-21,15.3,3.2,8.7,0.1,0.1,0.0,26.8
2024-02-22,8.6,4.1,6.2,0.2,0.2,0.0,15.7
2024-02-23,8.1,-1.8,3.2,2.8,0.1,1.89,38.8
2024-02-24,-1.0,-4.7,-2.5,0.3,0.0,0.21,38.0
2024-02-25,14.0,-1.7,5.3,0.0,0.0,0.0,26.2
2024-02-26,18.7,2.3,9.6,0.0,0.0,0.0,27.1
2024-02-27,21.8,10.4,14.9,5.6,5.6,0.0,28.1
2024-02-28,11.5,-5.3,-0.6,0.3,0.2,0.07,37.4
2024-02-29,5.8,-6.8,-1.0,0.0,0.0,0.0,25.9
2024-03-01,5.9,-1.6,2.5,0.0,0.0,0.0,24.6
2024-03-02,13.1,-1.4,5.8,0.0,0.0,0.0,21.4
2024-03-03,19.0,4.9,11.5,0.0,0.0,0.0,36.4
2024-03-04,22.5,10.5,16.2,0.3,0.3,0.0,32.3
2024-03-05,10.1,3.3,4.6,14.3,14.3,0.0,34.7
2024-03-06,6.0,3.3,4.5,0.0,0.0,0.0,26.7
2024-03-07,6.9,1.5,4.5,0.0,0.0,0.0,23.0
2024-03-08,6.9,4.1,5.5,23.7,23.7,0.0,30.6
2024-03-09,7.2,0.6,4.2,0.1,0.1,0.0,26.4
2024-03-10,6.6,-2.2,1.6,0.0,0.0,0.0,25.5
2024-03-11,16.5,-1.2,7.5,0.0,0.0,0.0,33.8
2024-03-12,19.0,7.4,13.2,0.0,0.0,0.0,30.0
2024-03-13,12.7,6.4,9.7,2.9,2.9,0.0,20.1
2024-03-14,18.5,4.4,8.6,24.4,24.4,0.0,36.4
2024-03-15,5.5,2.4,3.9,0.0,0.0,0.0,28.8
2024-03-16,14.3,2.8,7.7,0.0,0.0,0.0,41.8
2024-03-17,4.9,-1.0,1.8,0.1,0.0,0.07,28.9
2024-03-18,2.9,-4.2,-1.0,0.0,0.0,0.0,20.7
2024-03-19,12.7,-2.3,4.3,0.0,0.0,0.0,37.2
2024-03-20,4.2,-2.4,1.7,0.0,0.0,0.0,26.3
2024-03-21,2.7,-4.2,-0.2,0.0,0.0,0.0,20.3
2024-03-22,3.3,-0.1,1.4,13.1,0.1,9.1,28.0
2024-03-23,1.4,-1.2,0.2,0.4,0.0,0.28,24.8
2024-03-24,6.5,-1.1,3.0,0.0,0.0,0.0,31.4
2024-03-25,15.3,5.0,10.6,12.1,12.1,0.0,33.8
2024-03-26,12.9,1.0,9.0,7.1,7.1,0.0,45.1
2024-03-27,6.5,-1.7,1.8,0.0,0.0,0.0,29.5
2024-03-28,10.6,-2.8,3.5,0.0,0.0,0.0,27.3
2024-03-29,6.7,-0.4,3.5,5.2,5.2,0.0,21.3
2024-03-30,16.2,3.3,8.3,6.2,6.2,0.0,25.8
2024-03-31,6.0,2.4,4.3,8.7,8.7,0.0,23.8
2024-04-01,7.9,4.4,6.2,17.4,17.4,0.0,26.2
2024-04-02,15.7,2.6,6.5,5.5,5.5,0.0,43.8
2024-04-03,2.8,1.6,2.2,10.1,5.5,3.22,33.1
2024-04-04,4.7,1.3,3.0,2.7,1.7,0.7,35.8
2024-04-05,6.8,1.4,4.0,0.0,0.0,0.0,31.1
2024-04-06,7.1,0.6,3.8,0.0,0.0,0.0,18.7
2024-04-07,11.6,3.1,7.2,11.4,11.4,0.0,29.8
2024-04-08,21.5,7.4,14.0,0.0,0.0,0.0,27.3
2024-04-09,16.7,8.4,12.9,0.0,0.0,0.0,22.2
2024-04-10,15.3,4.0,9.9,0.0,0.0,0.0,15.4
2024-04-11,10.7,7.7,9.0,8.7,8.7,0.0,20.2
2024-04-12,15.8,7.7,10.8,4.9,4.9,0.0,38.0
2024-04-13,19.3,4.6,12.2,0.0,0.0,0.0,30.6
2024-04-14,23.7,12.3,16.7,0.0,0.0,0.0,30.9
2024-04-15,18.3,6.9,12.1,0.0,0.0,0.0,22.0
2024-04-16,20.6,8.4,14.3,19.6,19.6,0.0,33.8
2024-04-17,18.9,12.1,16.6,1.4,1.4,0.0,40.0
2024-04-18,11.9,7.1,9.6,6.7,6.7,0.0,17.8
2024-04-19,13.0,4.6,8.9,0.0,0.0,0.0,32.4
2024-04-20,7.1,1.2,4.7,0.0,0.0,0.0,22.9
2024-04-21,13.0,-0.3,6.4,0.0,0.0,0.0,19.9
2024-04-22,17.3,3.1,10.8,0.0,0.0,0.0,29.3
2024-04-23,16.9,8.3,13.1,1.5,1.5,0.0,32.4
2024-04-24,5.4,1.6,3.9,0.0,0.0,0.0,32.7
2024-04-25,10.1,0.8,5.9,0.0,0.0,0.0,18.4
2024-04-26,14.9,5.2,10.4,2.3,2.3,0.0,31.3
2024-04-27,25.6,15.3,19.9,1.5,1.5,0.0,41.6
2024-04-28,24.9,16.6,20.0,6.5,6.5,0.0,37.6
2024-04-29,21.6,13.5,18.4,9.5,9.5,0.0,31.6
2024-04-30,21.2,8.0,15.1,0.0,0.0,0.0,18.8
2024-05-01,22.5,13.1,18.6,1.0,1.0,0.0,28.0
2024-05-02,25.2,10.2,16.6,2.0,2.0,0.0,29.6
2024-05-03,17.5,8.8,14.1,2.8,2.8,0.0,20.7
2024-05-04,21.4,7.9,15.8,0.8,0.8,0.0,18.8
2024-05-05,14.9,8.3,11.8,0.0,0.0,0.0,21.9
2024-05-06,16.9,7.9,12.7,0.0,0.0,0.0,23.5
2024-05-07,22.0,12.9,16.6,19.1,19.1,0.0,27.8
2024-05-08,22.8,11.4,16.8,0.0,0.0,0.0,21.7
2024-05-09,13.9,8.7,11.8,7.4,7.4,0.0,27.4
2024-05-10,18.8,7.8,13.1,0.1,0.1,0.0,20.2
2024-05-11,17.4,10.0,13.2,2.1,2.1,0.0,28.0
2024-05-12,25.5,8.2,17.2,0.6,0.6,0.0,25.4
2024-05-13,25.0,15.2,19.4,14.6,14.6,0.0,26.5
2024-05-14,16.6,9.6,12.6,10.1,10.1,0.0,30.1
2024-05-15,14.0,10.0,11.9,0.0,0.0,0.0,24.6
2024-05-16,23.0,9.4,16.2,1.5,1.5,0.0,24.8
2024-05-17,22.0,11.8,16.2,0.0,0.0,0.0,17.3
2024-05-18,27.1,12.4,20.3,0.6,0.6,0.0,18.2
2024-05-19,20.0,13.7,17.7,0.0,0.0,0.0,21.7
2024-05-20,28.5,13.4,21.7,1.3,1.3,0.0,32.8
2024-05-21,31.3,13.7,23.1,0.3,0.3,0.0,40.6
2024-05-22,24.2,16.3,20.7,0.0,0.0,0.0,40.0
2024-05-23,25.1,13.0,19.5,0.0,0.0,0.0,18.2
2024-05-24,24.5,16.4,20.8,2.2,2.2,0.0,30.3
2024-05-25,19.7,14.6,17.6,0.0,0.0,0.0,18.9
2024-05-26,20.7,14.2,17.4,18.6,18.6,0.0,24.1
2024-05-27,22.1,13.5,17.2,0.3,0.3,0.0,29.6
2024-05-28,19.7,12.2,15.7,7.7,7.7,0.0,23.5
2024-05-29,16.0,10.6,13.4,5.1,5.1,0.0,28.9
2024-05-30,16.7,9.8,12.8,0.0,0.0,0.0,19.3
2024-05-31,23.3,10.7,17.4,0.0,0.0,0.0,16.0
2024-06-01,20.3,15.3,17.7,15.4,15.4,0.0,21.7
2024-06-02,20.0,14.1,16.5,0.0,0.0,0.0,15.3
2024-06-03,28.3,13.6,21.4,0.0,0.0,0.0,23.6
2024-06-04,27.3,19.5,23.2,4.4,4.4,0.0,22.7
2024-06-05,26.2,19.5,22.1,11.3,11.3,0.0,27.2
2024-06-06,24.3,17.4,20.9,0.1,0.1,0.0,38.3
2024-06-07,24.9,14.5,19.1,0.0,0.0,0.0,32.8
2024-06-08,26.7,12.5,17.9,2.0,2.0,0.0,29.8
2024-06-09,25.8,13.1,18.5,0.0,0.0,0.0,30.5
2024-06-10,15.9,12.4,14.0,0.0,0.0,0.0,30.5
2024-06-11,24.2,9.2,17.5,0.0,0.0,0.0,14.8
2024-06-12,32.5,17.1,24.9,0.0,0.0,0.0,23.8
2024-06-13,31.5,21.3,25.4,4.6,4.6,0.0,30.0
2024-06-14,24.5,16.2,20.7,0.0,0.0,0.0,24.4
2024-06-15,29.6,15.2,22.7,0.0,0.0,0.0,24.0
2024-06-16,33.5,20.3,26.4,0.4,0.4,0.0,31.9
2024-06-17,34.3,24.5,29.4,0.1,0.1,0.0,28.8
2024-06-18,33.0,24.3,28.0,2.8,2.8,0.0,37.0
2024-06-19,33.6,24.8,29.1,0.0,0.0,0.0,27.4
2024-06-20,25.9,18.2,21.8,1.6,1.6,0.0,21.5
2024-06-21,33.7,18.0,25.5,0.0,0.0,0.0,25.0
2024-06-22,34.9,25.2,29.8,0.1,0.1,0.0,37.1
2024-06-23,26.7,21.1,23.5,3.4,3.4,0.0,36.2
2024-06-24,27.6,18.4,23.7,0.0,0.0,0.0,25.3
2024-06-25,33.3,22.7,27.0,7.2,7.2,0.0,33.7
2024-06-26,29.8,19.0,24.7,0.8,0.8,0.0,22.6
2024-06-27,19.2,16.7,18.1,0.0,0.0,0.0,27.1
2024-06-28,23.0,17.7,20.6,14.3,14.3,0.0,22.2
2024-06-29,31.2,21.7,26.0,4.2,4.2,0.0,25.0
2024-06-30,21.8,14.7,16.9,0.0,0.0,0.0,30.9
2024-07-01,21.0,13.7,17.7,0.0,0.0,0.0,17.6
2024-07-02,28.9,16.8,22.5,0.2,0.2,0.0,29.9
2024-07-03,31.1,21.3,25.9,13.3,13.3,0.0,26.4
2024-07-04,25.8,20.6,23.2,0.9,0.9,0.0,14.3
2024-07-05,27.3,19.6,23.1,1.2,1.2,0.0,28.2
2024-07-06,24.8,16.6,21.1,0.2,0.2,0.0,14.0
2024-07-07,30.3,18.0,22.9,10.5,10.5,0.0,26.1
2024-07-08,30.8,21.0,25.2,0.7,0.7,0.0,20.5
2024-07-09,24.6,20.4,22.2,15.6,15.6,0.0,18.4
2024-07-10,23.9,19.2,21.3,16.0,16.0,0.0,27.5
2024-07-11,22.7,18.6,20.7,0.0,0.0,0.0,16.4
2024-07-12,25.7,18.2,21.9,0.0,0.0,0.0,14.3
2024-07-13,31.0,19.0,24.8,2.6,2.6,0.0,19.2
2024-07-14,31.9,22.4,25.6,44.2,44.2,0.0,24.6
2024-07-15,32.8,22.0,26.1,29.8,29.8,0.0,32.7
2024-07-16,30.4,22.4,24.9,7.2,7.2,0.0,39.0
2024-07-17,26.3,19.2,22.1,0.5,0.5,0.0,20.5
2024-07-18,20.7,17.0,19.1,0.1,0.1,0.0,27.1
2024-07-19,23.9,13.8,19.7,0.0,0.0,0.0,21.6
2024-07-20,24.6,15.9,21.0,0.0,0.0,0.0,15.5
2024-07-21,26.2,17.0,21.7,0.0,0.0,0.0,17.3
2024-07-22,24.1,18.9,21.8,0.5,0.5,0.0,17.1
2024-07-23,29.6,18.1,23.1,2.3,2.3,0.0,23.9
2024-07-24,22.2,19.3,20.8,0.7,0.7,0.0,18.6
2024-07-25,22.3,18.2,20.2,0.0,0.0,0.0,17.4
2024-07-26,25.2,16.3,21.1,0.0,0.0,0.0,14.5
2024-07-27,28.0,17.1,22.9,0.0,0.0,0.0,19.5
2024-07-28,28.4,20.2,23.7,10.4,10.4,0.0,20.3
2024-07-29,27.3,20.9,23.6,11.7,11.7,0.0,32.9
2024-07-30,29.4,20.2,25.3,0.0,0.0,0.0,13.4
2024-07-31,31.8,21.9,26.3,2.9,2.9,0.0,22.4
2024-08-01,29.8,22.6,25.3,10.5,10.5,0.0,14.8
2024-08-02,25.5,21.8,23.4,0.6,0.6,0.0,26.3
2024-08-03,28.2,20.7,24.3,0.0,0.0,0.0,16.4
2024-08-04,30.9,19.8,25.5,0.1,0.1,0.0,13.5
2024-08-05,29.6,21.4,24.4,4.5,4.5,0.0,27.3
2024-08-06,25.3,19.6,21.1,0.8,0.8,0.0,41.2
2024-08-07,23.9,17.8,20.8,0.0,0.0,0.0,25.0
2024-08-08,28.1,17.0,23.3,0.0,0.0,0.0,14.4
2024-08-09,24.8,16.8,20.6,0.0,0.0,0.0,26.1
2024-08-10,25.8,14.3,19.8,0.0,0.0,0.0,25.8
2024-08-11,27.4,16.2,21.2,0.0,0.0,0.0,21.4
2024-08-12,27.0,15.0,21.5,0.0,0.0,0.0,18.6
2024-08-13,27.4,16.8,22.8,0.0,0.0,0.0,11.3
2024-08-14,27.5,18.7,23.5,0.0,0.0,0.0,18.2
2024-08-15,23.2,20.0,21.8,13.9,13.9,0.0,26.6
2024-08-16,29.8,19.5,24.0,13.3,13.3,0.0,23.4
2024-08-17,26.1,20.1,22.1,20.3,20.3,0.0,17.7
2024-08-18,22.6,18.8,20.6,0.7,0.7,0.0,31.4
2024-08-19,21.3,17.0,19.2,0.0,0.0,0.0,28.2
2024-08-20,20.1,15.8,18.0,0.0,0.0,0.0,25.2
2024-08-21,21.6,13.5,18.0,0.0,0.0,0.0,14.3
2024-08-22,24.7,11.1,18.6,0.0,0.0,0.0,12.3
2024-08-23,27.2,13.9,20.7,0.0,0.0,0.0,15.3
2024-08-24,29.0,16.1,22.9,0.1,0.1,0.0,17.3
2024-08-25,33.4,22.2,27.7,0.0,0.0,0.0,24.1
2024-08-26,35.7,25.1,29.6,0.2,0.2,0.0,22.9
2024-08-27,36.2,24.9,29.9,0.3,0.3,0.0,25.1
2024-08-28,30.0,22.4,24.9,0.5,0.5,0.0,18.6
2024-08-29,26.6,20.7,23.5,0.0,0.0,0.0,16.9
2024-08-30,31.6,22.7,25.6,4.3,4.3,0.0,21.0
2024-08-31,28.1,18.3,23.4,0.0,0.0,0.0,15.3
2024-09-01,22.5,17.1,19.9,0.0,0.0,0.0,34.7
2024-09-02,21.7,15.3,18.7,0.0,0.0,0.0,14.4
2024-09-03,22.9,13.6,18.9,0.0,0.0,0.0,14.0
2024-09-04,26.4,14.4,20.7,0.0,0.0,0.0,15.5
2024-09-05,31.5,18.8,24.3,10.0,10.0,0.0,22.4
2024-09-06,20.6,14.7,18.4,0.8,0.8,0.0,33.1
2024-09-07,16.3,10.7,13.6,0.7,0.7,0.0,28.8
2024-09-08,23.2,9.4,16.1,0.0,0.0,0.0,18.2
2024-09-09,27.5,14.2,20.2,0.0,0.0,0.0,24.1
2024-09-10,28.3,13.3,20.9,0.0,0.0,0.0,17.0
2024-09-11,29.5,15.2,22.2,0.0,0.0,0.0,14.3
2024-09-12,27.7,16.8,22.5,0.0,0.0,0.0,20.6
2024-09-13,26.7,19.0,22.9,0.0,0.0,0.0,22.3
2024-09-14,28.3,19.6,23.9,0.0,0.0,0.0,19.5
2024-09-15,29.2,19.6,24.1,0.0,0.0,0.0,18.5
2024-09-16,29.0,18.4,23.5,0.0,0.0,0.0,15.1
2024-09-17,25.7,16.8,21.5,0.0,0.0,0.0,15.2
2024-09-18,27.0,15.9,21.5,0.0,0.0,0.0,22.0
2024-09-19,30.3,16.2,23.2,0.0,0.0,0.0,18.3
2024-09-20,31.5,20.8,24.6,5.1,5.1,0.0,21.3
2024-09-21,30.6,18.2,24.0,0.0,0.0,0.0,16.1
2024-09-22,23.8,19.0,21.3,23.6,23.6,0.0,28.4
2024-09-23,18.5,16.2,17.1,1.1,1.1,0.0,29.1
2024-09-24,19.6,16.8,17.9,22.3,22.3,0.0,21.4
2024-09-25,22.1,14.2,17.8,0.0,0.0,0.0,17.1
2024-09-26,21.7,13.3,17.9,0.0,0.0,0.0,18.5
2024-09-27,19.6,17.9,18.7,0.0,0.0,0.0,39.7
2024-09-28,19.0,17.0,17.8,3.3,3.3,0.0,33.8
2024-09-29,20.5,17.7,18.9,0.1,0.1,0.0,28.1
2024-09-30,22.6,17.0,19.8,0.0,0.0,0.0,16.5
2024-10-01,19.2,13.6,17.4,0.1,0.1,0.0,31.4
2024-10-02,20.2,9.3,15.1,0.0,0.0,0.0,18.5
2024-10-03,23.2,11.1,16.8,0.0,0.0,0.0,18.7
2024-10-04,19.9,15.0,17.4,1.2,1.2,0.0,26.2
2024-10-05,26.3,14.7,19.9,0.0,0.0,0.0,34.5
2024-10-06,23.0,14.1,19.8,0.0,0.0,0.0,33.7
2024-10-07,18.9,10.2,14.0,0.0,0.0,0.0,17.8
2024-10-08,22.4,9.4,15.4,0.0,0.0,0.0,19.1
2024-10-09,18.6,9.3,14.6,0.0,0.0,0.0,18.2
2024-10-10,19.5,11.9,15.8,0.0,0.0,0.0,15.7
2024-10-11,28.2,11.6,19.3,0.0,0.0,0.0,26.5
2024-10-12,19.8,14.2,16.1,18.0,18.0,0.0,28.6
2024-10-13,18.5,10.5,14.5,0.8,0.8,0.0,37.4
2024-10-14,12.0,7.1,9.4,2.7,2.7,0.0,37.4
2024-10-15,9.3,5.6,7.7,5.3,5.0,0.21,39.2
2024-10-16,12.1,3.6,7.8,0.0,0.0,0.0,23.8
2024-10-17,16.4,2.9,9.2,0.0,0.0,0.0,17.6
2024-10-18,18.4,5.9,11.5,0.0,0.0,0.0,20.6
2024-10-19,20.3,5.9,12.6,0.0,0.0,0.0,16.6
2024-10-20,24.1,10.1,16.1,0.0,0.0,0.0,21.2
2024-10-21,25.5,11.6,17.7,0.0,0.0,0.0,20.2
2024-10-22,22.7,11.7,17.3,0.2,0.2,0.0,28.4
2024-10-23,17.9,8.2,14.4,0.0,0.0,0.0,23.3
2024-10-24,17.0,4.3,10.9,0.0,0.0,0.0,20.6
2024-10-25,18.4,9.6,12.9,21.3,21.3,0.0,20.5
2024-10-26,12.2,7.0,9.3,0.0,0.0,0.0,19.8
2024-10-27,13.6,2.8,7.9,0.0,0.0,0.0,12.4
2024-10-28,17.8,6.0,11.7,0.0,0.0,0.0,26.8
2024-10-29,25.5,17.6,21.5,0.0,0.0,0.0,34.6
2024-10-30,24.8,19.0,21.4,0.0,0.0,0.0,35.3
2024-10-31,20.7,6.6,15.9,4.2,4.2,0.0,39.4
2024-11-01,10.4,4.1,7.0,0.0,0.0,0.0,26.3
2024-11-02,12.5,3.9,8.2,0.0,0.0,0.0,18.3
2024-11-03,17.1,8.5,12.5,1.1,1.1,0.0,31.2
2024-11-04,20.6,16.3,18.1,9.1,9.1,0.0,35.1
2024-11-05,20.1,15.1,17.8,32.3,32.3,0.0,38.2
2024-11-06,14.8,10.5,12.0,0.0,0.0,0.0,16.1
2024-11-07,13.4,6.0,9.2,0.0,0.0,0.0,15.8
2024-11-08,14.9,6.0,9.9,0.0,0.0,0.0,20.8
2024-11-09,12.4,8.0,10.2,0.6,0.6,0.0,22.2
2024-11-10,16.4,10.0,12.2,3.8,3.8,0.0,38.9
2024-11-11,13.4,6.8,9.6,0.0,0.0,0.0,30.8
2024-11-12,8.4,6.7,7.7,0.0,0.0,0.0,28.3
2024-11-13,10.2,5.0,7.4,7.0,7.0,0.0,19.4
2024-11-14,13.2,9.4,10.8,13.0,13.0,0.0,15.5
2024-11-15,11.4,7.0,9.3,0.2,0.2,0.0,10.3
2024-11-16,11.2,6.3,8.6,0.0,0.0,0.0,16.5
2024-11-17,14.8,7.8,10.8,2.7,2.7,0.0,15.9
2024-11-18,14.3,9.6,11.8,10.9,10.9,0.0,25.8
2024-11-19,16.9,9.4,14.4,2.2,2.2,0.0,27.5
2024-11-20,8.6,1.3,5.7,2.1,1.8,0.21,24.8
2024-11-21,4.9,-0.5,1.7,9.4,1.6,5.46,33.4
2024-11-22,8.4,2.8,5.8,0.0,0.0,0.0,20.6
2024-11-23,6.5,2.9,4.7,0.0,0.0,0.0,14.4
2024-11-24,9.2,2.2,5.7,0.0,0.0,0.0,14.3
2024-11-25,11.1,3.7,8.5,0.5,0.5,0.0,19.9
2024-11-26,3.0,-3.0,0.5,0.0,0.0,0.0,19.9
2024-11-27,5.3,1.3,3.1,0.0,0.0,0.0,10.5
2024-11-28,4.3,-2.1,-0.7,0.1,0.1,0.0,19.8
2024-11-29,-2.3,-6.1,-4.1,0.0,0.0,0.0,22.3
2024-11-30,-3.1,-9.6,-6.3,0.0,0.0,0.0,16.4
2024-12-01,-3.3,-10.1,-6.7,0.0,0.0,0.0,15.8
2024-12-02,-2.8,-9.0,-6.1,0.0,0.0,0.0,11.9
2024-12-03,-1.3,-7.6,-4.6,0.0,0.0,0.0,21.1
2024-12-04,3.4,-5.2,-1.3,0.5,0.3,0.14,33.5
2024-12-05,-1.6,-11.1,-6.7,0.0,0.0,0.0,28.8
2024-12-06,-0.8,-10.0,-5.0,0.0,0.0,0.0,17.6
2024-12-07,6.9,-4.7,1.3,0.0,0.0,0.0,24.5
2024-12-08,9.9,3.7,6.9,0.0,0.0,0.0,21.8
2024-12-09,8.8,5.8,7.5,0.1,0.1,0.0,18.7
2024-12-10,5.5,-1.3,1.0,0.0,0.0,0.0,13.6
2024-12-11,0.5,-8.5,-2.8,0.7,0.0,0.49,27.0
2024-12-12,-9.0,-15.1,-11.5,0.0,0.0,0.0,25.9
2024-12-13,-3.5,-12.3,-7.8,0.0,0.0,0.0,16.1
2024-12-14,2.7,-4.1,-0.6,7.1,7.1,0.0,23.0
2024-12-15,7.7,3.0,5.3,3.4,3.4,0.0,24.1
2024-12-16,11.2,3.3,6.4,1.4,1.4,0.0,21.6
2024-12-17,4.3,0.1,2.1,0.0,0.0,0.0,19.4
2024-12-18,1.2,-3.1,-0.4,0.6,0.0,0.42,14.6
2024-12-19,0.2,-3.2,-1.7,2.0,0.0,1.4,16.0
2024-12-20,1.1,-4.6,-0.9,2.4,0.2,1.54,27.8
2024-12-21,-5.1,-9.1,-6.8,0.0,0.0,0.0,15.7
2024-12-22,-0.2,-9.7,-4.2,0.0,0.0,0.0,20.2
2024-12-23,4.2,-1.0,1.4,0.7,0.2,0.35,20.5
2024-12-24,2.7,0.3,1.5,0.0,0.0,0.0,13.1
2024-12-25,2.8,-0.8,1.4,0.0,0.0,0.0,10.8
2024-12-26,8.2,2.5,5.1,1.0,1.0,0.0,14.6
2024-12-27,9.7,5.3,7.1,5.8,5.8,0.0,18.8
2024-12-28,9.9,6.2,8.6,1.1,1.1,0.0,24.2
2024-12-29,6.4,2.4,4.7,14.5,14.5,0.0,20.9
2024-12-30,5.7,0.3,2.7,0.0,0.0,0.0,13.8
2024-12-31,4.6,0.7,2.8,7.5,7.5,0.0,27.4
2025-01-01,0.8,-3.0,-1.1,0.1,0.0,0.07,22.2
2025-01-02,-0.3,-4.2,-2.4,0.2,0.0,0.14,17.4
2025-01-03,-3.1,-7.0,-4.9,0.0,0.0,0.0,20.7
2025-01-04,-5.1,-11.0,-8.0,0.0,0.0,0.0,17.3
2025-01-05,-2.3,-9.0,-6.6,0.4,0.1,0.21,20.2
2025-01-06,-0.9,-4.1,-2.1,3.2,0.1,2.17,27.6
2025-01-07,-4.1,-8.6,-6.1,0.0,0.0,0.0,14.4
2025-01-08,-4.1,-10.2,-7.0,0.0,0.0,0.0,11.1
2025-01-09,-3.8,-11.7,-7.5,0.0,0.0,0.0,16.5
2025-01-10,-2.0,-6.6,-3.7,4.0,0.0,2.8,16.4
2025-01-11,-0.9,-6.0,-3.3,0.0,0.0,0.0,14.3
2025-01-12,1.5,-4.1,-1.5,2.1,0.1,1.4,23.9
2025-01-13,-4.7,-12.7,-9.6,0.0,0.0,0.0,20.3
2025-01-14,-9.0,-13.0,-11.7,1.4,0.0,0.98,22.4
2025-01-15,-8.4,-15.7,-12.3,0.1,0.0,0.07,20.9
2025-01-16,2.2,-8.0,-2.2,0.4,0.0,0.28,20.6
2025-01-17,5.1,-4.8,0.3,0.0,0.0,0.0,29.2
2025-01-18,3.7,-7.0,-2.0,0.0,0.0,0.0,24.8
2025-01-19,-8.1,-16.2,-13.0,0.0,0.0,0.0,18.2
2025-01-20,-11.7,-18.5,-15.1,0.0,0.0,0.0,23.1
2025-01-21,-15.4,-21.1,-18.4,0.0,0.0,0.0,18.7
2025-01-22,-5.0,-18.3,-11.0,0.8,0.0,0.56,27.6
2025-01-23,-4.3,-12.9,-8.4,0.9,0.0,0.63,19.3
2025-01-24,-7.1,-16.6,-11.9,0.0,0.0,0.0,17.8
2025-01-25,2.9,-6.7,-2.5,0.0,0.0,0.0,22.1
2025-01-26,-1.2,-8.0,-4.6,0.0,0.0,0.0,17.8
2025-01-27,4.2,-7.4,-1.9,0.0,0.0,0.0,25.4
2025-01-28,6.8,-2.6,2.4,0.0,0.0,0.0,27.7
2025-01-29,6.4,0.5,3.7,0.0,0.0,0.0,22.4
2025-01-30,8.5,-2.4,2.8,15.9,15.9,0.0,20.0
2025-01-31,4.3,1.1,2.5,30.8,30.8,0.0,26.6
2025-02-01,0.9,-2.1,-1.0,0.0,0.0,0.0,20.4
2025-02-02,8.8,-0.7,3.3,0.5,0.1,0.28,17.7
2025-02-03,7.3,1.2,3.5,0.0,0.0,0.0,21.6
2025-02-04,1.0,-4.7,-2.9,0.0,0.0,0.0,20.9
2025-02-05,-0.2,-3.8,-2.3,0.9,0.7,0.14,17.3
2025-02-06,2.7,-1.2,0.5,1.1,0.8,0.21,26.7
2025-02-07,-0.7,-7.8,-4.0,0.0,0.0,0.0,21.3
2025-02-08,0.2,-2.6,-1.1,0.4,0.0,0.28,15.3
2025-02-09,-0.9,-4.5,-2.6,0.0,0.0,0.0,15.8
2025-02-10,0.1,-8.7,-3.9,0.0,0.0,0.0,10.8
2025-02-11,-2.9,-4.5,-3.7,0.4,0.0,0.28,19.2
2025-02-12,-2.6,-4.1,-3.3,8.9,0.1,6.16,24.1
2025-02-13,-2.9,-14.7,-9.2,0.9,0.1,0.56,20.4
2025-02-14,-3.8,-18.2,-10.9,4.9,0.0,3.43,19.2
2025-02-15,-0.2,-3.4,-1.2,0.0,0.0,0.0,20.5
2025-02-16,-1.3,-11.6,-4.7,0.8,0.0,0.56,24.7
2025-02-17,-12.6,-17.4,-15.6,0.0,0.0,0.0,20.4
2025-02-18,-14.3,-21.9,-17.9,0.0,0.0,0.0,17.0
2025-02-19,-11.4,-16.3,-14.1,0.1,0.0,0.07,14.0
2025-02-20,-7.7,-16.3,-11.7,0.0,0.0,0.0,14.7
2025-02-21,-4.6,-12.6,-8.5,0.0,0.0,0.0,14.8
2025-02-22,-1.1,-10.0,-5.4,0.0,0.0,0.0,16.8
2025-02-23,5.0,-5.4,-0.4,0.0,0.0,0.0,17.1
2025-02-24,11.5,2.7,6.6,0.3,0.3,0.0,24.4
2025-02-25,10.6,1.9,5.4,2.1,2.1,0.0,12.3
2025-02-26,8.1,1.4,3.6,1.3,1.3,0.0,16.3
2025-02-27,8.7,1.1,4.5,1.1,1.1,0.0,24.8
2025-02-28,13.2,0.8,6.3,0.0,0.0,0.0,29.3
2025-03-01,1.9,-4.7,-3.2,0.0,0.0,0.0,23.4
2025-03-02,0.7,-7.9,-3.2,0.0,0.0,0.0,6.4
2025-03-03,7.7,-1.5,3.0,0.0,0.0,0.0,19.3
2025-03-04,11.2,5.2,7.6,10.9,10.9,0.0,24.7
2025-03-05,10.8,-1.1,6.0,11.6,10.3,0.91,25.9
2025-03-06,4.2,-2.5,0.3,0.0,0.0,0.0,25.5
2025-03-07,1.9,0.2,0.8,3.9,1.3,1.82,10.1
2025-03-08,9.2,-1.5,3.2,0.0,0.0,0.0,18.2
2025-03-09,13.2,0.5,6.6,0.0,0.0,0.0,16.8
2025-03-10,17.7,3.8,10.6,0.0,0.0,0.0,22.8
2025-03-11,12.6,0.8,5.8,0.0,0.0,0.0,24.5
2025-03-12,6.6,1.2,3.7,0.0,0.0,0.0,15.7
2025-03-13,9.6,0.9,5.2,0.0,0.0,0.0,15.2
2025-03-14,23.3,8.5,15.8,0.2,0.2,0.0,27.6
2025-03-15,19.7,6.7,15.0,10.2,10.2,0.0,32.8
2025-03-16,5.6,-1.0,1.4,13.4,7.2,4.34,16.4
2025-03-17,10.2,-3.5,3.3,0.2,0.1,0.07,23.7
2025-03-18,19.6,7.4,12.8,0.0,0.0,0.0,23.4
2025-03-19,12.8,2.7,6.2,14.1,14.1,0.0,26.9
2025-03-20,5.0,0.4,2.0,5.9,0.8,3.57,31.5
2025-03-21,13.5,-1.1,6.1,0.2,0.2,0.0,25.7
2025-03-22,7.5,0.9,2.9,0.2,0.0,0.14,20.3
2025-03-23,9.1,1.6,4.9,7.4,7.4,0.0,28.9
2025-03-24,8.4,0.9,4.2,0.0,0.0,0.0,27.1
2025-03-25,6.9,0.2,3.0,0.6,0.5,0.07,10.7
2025-03-26,6.4,-0.8,3.1,1.6,0.2,0.98,9.7
2025-03-27,13.0,4.1,8.2,0.0,0.0,0.0,12.5
2025-03-28,24.2,6.9,15.4,6.7,6.7,0.0,28.8
2025-03-29,20.3,11.6,17.2,0.7,0.7,0.0,29.0
2025-03-30,22.0,7.7,15.7,5.4,5.4,0.0,23.8
2025-03-31,6.8,1.7,4.0,0.9,0.9,0.0,18.2
2025-04-01,6.2,0.6,3.0,0.0,0.0,0.0,25.5
2025-04-02,20.7,5.2,11.5,20.9,20.9,0.0,28.8
2025-04-03,15.6,5.8,9.9,0.1,0.1,0.0,22.9
2025-04-04,7.4,4.4,6.0,2.9,2.9,0.0,16.7
2025-04-05,10.7,4.6,6.6,5.5,5.5,0.0,20.1
2025-04-06,6.2,2.9,4.6,0.0,0.0,0.0,17.3
2025-04-07,5.8,-0.2,2.3,0.7,0.4,0.21,27.4
2025-04-08,3.6,-2.4,0.9,0.0,0.0,0.0,17.6
2025-04-09,7.7,0.2,3.4,2.2,2.2,0.0,18.6
2025-04-10,5.5,2.2,3.5,0.0,0.0,0.0,17.3
2025-04-11,8.0,2.4,5.0,0.0,0.0,0.0,14.1
2025-04-12,12.3,0.7,7.2,0.3,0.3,0.0,14.0
2025-04-13,16.6,7.6,12.3,0.7,0.7,0.0,21.3
2025-04-14,18.0,10.6,14.2,0.0,0.0,0.0,27.2
2025-04-15,10.7,4.4,8.1,1.2,1.2,0.0,28.1
2025-04-16,7.2,2.5,5.0,0.0,0.0,0.0,15.7
2025-04-17,20.2,4.3,11.9,0.6,0.6,0.0,24.7
2025-04-18,27.1,14.0,20.2,0.7,0.7,0.0,26.9
2025-04-19,17.9,6.8,10.8,0.8,0.8,0.0,21.8
2025-04-20,14.3,7.9,11.0,2.0,2.0,0.0,26.4
2025-04-21,16.2,8.8,13.2,11.9,11.9,0.0,31.5
2025-04-22,20.7,6.0,13.1,6.9,6.9,0.0,12.3
2025-04-23,20.9,12.4,15.6,7.0,7.0,0.0,12.1
2025-04-24,18.1,7.7,13.3,0.0,0.0,0.0,12.9
2025-04-25,12.9,8.0,9.4,0.1,0.1,0.0,25.8
2025-04-26,9.3,5.6,7.6,0.0,0.0,0.0,25.1
2025-04-27,16.5,4.3,10.9,0.0,0.0,0.0,13.8
2025-04-28,27.7,10.8,19.6,0.0,0.0,0.0,28.3
2025-04-29,24.1,9.6,19.7,0.0,0.0,0.0,28.1
2025-04-30,14.7,7.4,11.4,0.2,0.2,0.0,13.5
2025-05-01,21.4,10.8,16.0,17.9,17.9,0.0,22.6
2025-05-02,13.8,7.3,9.8,0.9,0.9,0.0,12.1
2025-05-03,8.8,6.4,7.5,0.0,0.0,0.0,22.1
2025-05-04,10.1,6.4,7.6,5.7,5.7,0.0,22.5
2025-05-05,13.8,7.4,10.1,1.5,1.5,0.0,16.8
2025-05-06,22.5,8.4,15.0,0.0,0.0,0.0,15.6
2025-05-07,18.2,8.0,12.0,0.0,0.0,0.0,17.2
2025-05-08,11.9,6.7,9.1,0.0,0.0,0.0,22.2
2025-05-09,14.9,5.7,10.3,0.0,0.0,0.0,10.1
2025-05-10,22.0,9.0,12.3,0.0,0.0,0.0,20.2
2025-05-11,18.1,7.4,12.9,0.0,0.0,0.0,14.6
2025-05-12,21.8,12.0,17.3,1.1,1.1,0.0,13.8
2025-05-13,22.5,12.9,17.3,0.0,0.0,0.0,12.4
2025-05-14,21.0,12.0,15.4,0.0,0.0,0.0,10.7
2025-05-15,32.3,14.1,22.7,3.2,3.2,0.0,20.9
2025-05-16,29.5,17.9,23.8,0.6,0.6,0.0,33.6
2025-05-17,19.2,12.5,16.2,0.1,0.1,0.0,27.5
2025-05-18,14.8,8.3,11.9,0.0,0.0,0.0,13.2
2025-05-19,12.3,6.5,8.6,0.0,0.0,0.0,23.2
2025-05-20,13.8,9.3,11.6,22.2,22.2,0.0,28.2
2025-05-21,12.1,9.4,10.4,4.0,4.0,0.0,14.3
2025-05-22,11.5,8.6,9.9,0.9,0.9,0.0,15.7
2025-05-23,14.1,6.7,10.0,0.0,0.0,0.0,15.1
2025-05-24,13.9,7.4,11.1,0.0,0.0,0.0,12.2
2025-05-25,14.9,10.3,12.0,0.4,0.4,0.0,10.3
2025-05-26,15.6,8.7,11.8,0.0,0.0,0.0,12.4
2025-05-27,16.1,10.6,13.3,0.1,0.1,0.0,14.6
2025-05-28,15.0,10.3,12.6,9.8,9.8,0.0,11.4
2025-05-29,20.3,10.0,15.0,0.2,0.2,0.0,9.4
2025-05-30,25.6,11.8,18.5,2.7,2.7,0.0,20.4
2025-05-31,17.7,9.9,12.1,0.0,0.0,0.0,16.2
2025-06-01,16.4,8.5,12.9,0.0,0.0,0.0,11.2
2025-06-02,29.8,10.6,20.7,0.0,0.0,0.0,16.9
2025-06-03,31.8,20.0,25.9,0.9,0.9,0.0,32.5
2025-06-04,23.8,13.1,16.4,31.8,31.8,0.0,21.9
2025-06-05,18.1,10.8,13.9,0.0,0.0,0.0,13.3
2025-06-06,20.1,13.3,16.1,0.0,0.0,0.0,11.4
2025-06-07,20.5,12.7,16.7,0.3,0.3,0.0,12.7
2025-06-08,25.9,14.0,19.2,3.5,3.5,0.0,21.7
2025-06-09,22.1,13.4,17.3,8.9,8.9,0.0,20.6
2025-06-10,25.9,13.2,19.4,0.0,0.0,0.0,19.8
2025-06-11,33.1,17.2,25.5,0.0,0.0,0.0,21.5
2025-06-12,25.3,15.9,21.1,0.2,0.2,0.0,12.4
2025-06-13,21.9,15.4,18.7,2.5,2.5,0.0,12.8
2025-06-14,20.2,14.9,16.9,0.0,0.0,0.0,12.4
2025-06-15,23.9,14.5,18.5,0.0,0.0,0.0,10.6
2025-06-16,28.0,16.0,22.3,0.0,0.0,0.0,13.4
2025-06-17,33.5,21.1,26.7,2.7,2.7,0.0,17.9
2025-06-18,24.7,18.6,21.7,41.1,41.1,0.0,12.0
2025-06-19,25.7,18.7,21.4,9.3,9.3,0.0,16.0
2025-06-20,27.3,19.3,23.4,0.0,0.0,0.0,19.6
2025-06-21,33.2,23.5,28.4,0.0,0.0,0.0,26.0
2025-06-22,34.3,25.7,30.1,0.0,0.0,0.0,22.5
2025-06-23,35.6,25.9,30.9,0.0,0.0,0.0,23.5
2025-06-24,35.2,22.6,27.5,9.8,9.8,0.0,13.7
2025-06-25,26.0,20.9,23.2,2.8,2.8,0.0,12.7
2025-06-26,30.7,24.3,27.2,7.5,7.5,0.0,13.6
2025-06-27,29.3,23.6,26.2,2.0,2.0,0.0,20.3
2025-06-28,25.5,20.2,22.9,0.0,0.0,0.0,9.5
2025-06-29,30.9,21.8,26.0,0.0,0.0,0.0,10.3
2025-06-30,30.8,22.1,25.8,0.7,0.7,0.0,10.6
2025-07-01,27.5,20.6,24.5,0.0,0.0,0.0,12.2
2025-07-02,32.3,21.0,26.9,0.0,0.0,0.0,12.4
2025-07-03,31.8,22.5,27.3,0.0,0.0,0.0,12.5
2025-07-04,30.6,22.3,26.5,12.6,12.6,0.0,9.1
2025-07-05,33.9,24.1,29.3,0.0,0.0,0.0,21.5
2025-07-06,28.8,19.7,25.1,6.1,6.1,0.0,17.8
2025-07-07,22.5,19.1,20.8,0.1,0.1,0.0,15.0
2025-07-08,31.2,19.6,24.7,1.6,1.6,0.0,10.7
2025-07-09,26.1,20.3,22.2,7.6,7.6,0.0,13.4
2025-07-10,26.0,19.4,22.6,2.1,2.1,0.0,11.4
2025-07-11,31.0,21.3,24.8,20.0,20.0,0.0,19.6
2025-07-12,28.3,22.3,25.2,0.2,0.2,0.0,16.0
2025-07-13,27.1,20.5,23.7,0.0,0.0,0.0,9.5
2025-07-14,28.6,18.4,23.7,0.0,0.0,0.0,7.3
2025-07-15,30.6,21.3,26.3,0.6,0.6,0.0,11.3
2025-07-16,33.4,23.3,27.2,2.8,2.8,0.0,20.3
2025-07-17,23.3,17.4,19.7,0.4,0.4,0.0,18.6
2025-07-18,24.4,16.7,21.0,0.0,0.0,0.0,11.1
2025-07-19,28.6,21.5,24.4,3.2,3.2,0.0,17.7
2025-07-20,23.8,20.1,21.8,6.9,6.9,0.0,14.9
2025-07-21,25.0,20.1,22.1,0.0,0.0,0.0,13.3
2025-07-22,29.0,20.4,24.4,0.0,0.0,0.0,15.7
2025-07-23,33.7,21.7,27.6,0.0,0.0,0.0,17.6
2025-07-24,35.0,24.9,28.9,1.5,1.5,0.0,19.7
2025-07-25,27.3,22.8,24.5,4.3,4.3,0.0,12.0
2025-07-26,28.7,22.6,24.8,3.9,3.9,0.0,12.9
2025-07-27,29.0,22.6,25.7,0.4,0.4,0.0,10.4
2025-07-28,29.5,24.0,26.3,1.5,1.5,0.0,9.9
2025-07-29,32.2,22.0,26.8,0.0,0.0,0.0,11.7
2025-07-30,25.0,19.5,22.9,19.0,19.0,0.0,20.7
2025-07-31,20.9,18.8,19.7,7.7,7.7,0.0,22.5
2025-08-01,22.0,18.2,19.9,0.0,0.0,0.0,16.3
2025-08-02,23.6,17.7,20.6,0.0,0.0,0.0,10.0
2025-08-03,23.7,16.7,21.1,0.0,0.0,0.0,12.0
2025-08-04,24.4,19.8,22.2,0.2,0.2,0.0,12.6
2025-08-05,25.0,20.7,22.7,0.0,0.0,0.0,11.8
2025-08-06,28.5,19.5,23.9,0.0,0.0,0.0,14.6
2025-08-07,30.4,21.6,25.6,1.5,1.5,0.0,10.3
2025-08-08,33.2,23.0,28.0,0.0,0.0,0.0,17.2
2025-08-09,33.6,24.1,28.7,0.0,0.0,0.0,21.0
2025-08-10,32.5,24.5,28.1,0.5,0.5,0.0,18.6
2025-08-11,31.7,22.6,26.5,8.7,8.7,0.0,17.6
2025-08-12,29.4,21.4,24.1,10.2,10.2,0.0,10.5
2025-08-13,26.5,21.7,23.7,0.0,0.0,0.0,11.5
2025-08-14,26.3,19.7,23.3,0.0,0.0,0.0,10.8
2025-08-15,32.5,20.4,26.8,0.0,0.0,0.0,11.1
2025-08-16,33.8,24.6,28.3,0.0,0.0,0.0,16.8
2025-08-17,26.1,21.8,24.1,0.3,0.3,0.0,14.5
2025-08-18,29.0,21.7,24.6,7.0,7.0,0.0,14.2
2025-08-19,24.3,21.8,22.9,8.7,8.7,0.0,21.0
2025-08-20,22.2,20.5,21.4,0.4,0.4,0.0,17.4
2025-08-21,22.7,19.8,21.1,0.5,0.5,0.0,15.1
2025-08-22,25.6,17.9,22.2,0.0,0.0,0.0,9.2
2025-08-23,27.8,19.7,23.0,0.6,0.6,0.0,19.2
2025-08-24,23.5,15.8,19.5,0.0,0.0,0.0,18.9
2025-08-25,21.1,13.6,17.7,0.0,0.0,0.0,15.0
2025-08-26,22.0,13.4,17.8,0.1,0.1,0.0,12.6
2025-08-27,24.6,13.8,19.2,0.0,0.0,0.0,16.6
2025-08-28,23.3,16.1,19.0,3.0,3.0,0.0,14.7
2025-08-29,18.8,15.1,17.2,0.6,0.6,0.0,12.7
2025-08-30,21.5,16.1,18.6,0.2,0.2,0.0,9.1
2025-08-31,22.7,15.0,19.0,0.0,0.0,0.0,12.0
2025-09-01,23.2,16.1,19.7,0.0,0.0,0.0,9.6
2025-09-02,24.5,16.5,20.6,0.1,0.1,0.0,10.4
2025-09-03,20.4,15.5,18.2,13.7,13.7,0.0,18.7
2025-09-04,18.7,10.7,14.8,0.0,0.0,0.0,16.0
2025-09-05,18.7,13.6,16.2,0.0,0.0,0.0,22.9
2025-09-06,18.2,10.4,14.3,0.0,0.0,0.0,18.4
2025-09-07,19.0,9.9,14.3,0.0,0.0,0.0,9.9
2025-09-08,21.0,10.7,16.1,0.0,0.0,0.0,9.1
2025-09-09,23.4,12.2,18.0,0.0,0.0,0.0,10.0
2025-09-10,26.5,15.7,20.9,0.0,0.0,0.0,10.1
2025-09-11,23.3,17.4,20.2,0.0,0.0,0.0,12.2
2025-09-12,28.1,16.5,21.6,0.0,0.0,0.0,13.4
2025-09-13,26.2,18.0,21.6,7.5,7.5,0.0,14.4
2025-09-14,25.0,18.5,21.5,0.0,0.0,0.0,12.5
2025-09-15,24.3,18.1,21.2,0.0,0.0,0.0,12.0
2025-09-16,25.4,17.4,21.3,0.0,0.0,0.0,10.5
2025-09-17,25.4,17.2,21.0,0.0,0.0,0.0,9.0
2025-09-18,27.7,17.0,21.7,0.0,0.0,0.0,12.1
2025-09-19,28.3,18.7,23.3,0.0,0.0,0.0,12.5
2025-09-20,25.8,19.1,21.3,5.5,5.5,0.0,12.5
2025-09-21,25.3,19.2,21.2,4.5,4.5,0.0,14.0
2025-09-22,24.6,18.6,21.3,0.4,0.4,0.0,13.8
2025-09-23,23.4,17.5,19.6,6.2,6.2,0.0,17.6
2025-09-24,19.5,16.8,17.9,0.2,0.2,0.0,19.2
2025-09-25,20.3,15.4,17.5,0.4,0.4,0.0,14.2
2025-09-26,26.0,14.3,20.0,0.0,0.0,0.0,11.0
2025-09-27,29.7,17.4,23.5,0.0,0.0,0.0,13.3
2025-09-28,23.1,19.2,21.0,0.0,0.0,0.0,10.3
2025-09-29,26.3,17.2,21.3,0.0,0.0,0.0,10.7
2025-09-30,24.8,18.6,21.3,0.0,0.0,0.0,14.5
2025-10-01,22.4,16.8,19.6,0.0,0.0,0.0,16.9
2025-10-02,25.4,14.9,19.7,0.0,0.0,0.0,14.0
2025-10-03,30.5,17.4,23.4,0.0,0.0,0.0,11.7
2025-10-04,29.7,18.7,24.3,0.0,0.0,0.0,15.6
2025-10-05,28.9,17.8,23.3,0.0,0.0,0.0,18.9
2025-10-06,28.3,18.7,21.8,6.2,6.2,0.0,17.6
2025-10-07,19.2,13.6,16.6,14.5,14.5,0.0,18.6
2025-10-08,16.2,12.5,14.2,0.1,0.1,0.0,14.8
2025-10-09,15.7,8.9,12.7,0.0,0.0,0.0,9.9
2025-10-10,19.6,8.9,14.0,0.0,0.0,0.0,14.3
2025-10-11,17.2,13.8,15.3,0.1,0.1,0.0,15.8
2025-10-12,18.0,10.5,14.3,0.0,0.0,0.0,13.8
2025-10-13,19.2,12.3,16.0,0.0,0.0,0.0,9.5
2025-10-14,19.3,14.7,16.7,0.0,0.0,0.0,15.3
2025-10-15,15.5,13.5,14.3,4.2,4.2,0.0,14.8
2025-10-16,17.9,12.7,15.2,0.0,0.0,0.0,12.6
2025-10-17,23.0,12.8,17.6,0.0,0.0,0.0,18.3
2025-10-18,23.4,16.4,19.1,11.6,11.6,0.0,18.8
2025-10-19,16.3,9.6,12.4,16.1,16.1,0.0,29.5
2025-10-20,17.3,5.6,11.4,0.2,0.2,0.0,21.5
2025-10-21,12.8,8.0,9.9,2.4,2.4,0.0,28.7
2025-10-22,9.9,7.4,8.5,0.1,0.1,0.0,26.7
2025-10-23,10.7,4.3,7.2,0.0,0.0,0.0,16.3
2025-10-24,9.6,2.6,6.1,0.0,0.0,0.0,9.1
2025-10-25,11.5,3.2,8.0,0.0,0.0,0.0,9.9
2025-10-26,12.8,8.3,10.5,0.0,0.0,0.0,16.6
2025-10-27,12.6,7.8,10.2,0.0,0.0,0.0,19.5
2025-10-28,13.2,8.3,10.5,0.0,0.0,0.0,21.6
2025-10-29,11.8,8.9,10.4,0.0,0.0,0.0,25.6
2025-10-30,11.5,6.9,9.3,0.0,0.0,0.0,17.1
2025-10-31,11.4,5.2,7.7,0.8,0.8,0.0,15.5
2025-11-01,9.7,4.3,7.0,0.2,0.2,0.0,10.7
2025-11-02,11.1,5.3,7.8,1.8,1.8,0.0,18.2
2025-11-03,14.8,5.3,9.3,0.8,0.8,0.0,19.6
2025-11-04,15.4,4.1,9.8,0.0,0.0,0.0,17.5
2025-11-05,15.2,8.0,12.0,0.0,0.0,0.0,19.5
2025-11-06,13.7,1.4,8.2,0.0,0.0,0.0,21.8
2025-11-07,16.7,9.1,12.1,5.4,5.4,0.0,23.7
2025-11-08,9.7,4.4,7.4,10.0,10.0,0.0,18.4
2025-11-09,4.9,-2.2,1.1,11.2,6.5,3.36,30.0
2025-11-10,0.6,-3.0,-1.1,4.9,0.0,3.43,33.1
2025-11-11,3.2,-4.2,-0.4,0.0,0.0,0.0,24.1
2025-11-12,11.1,3.1,6.1,0.0,0.0,0.0,18.4
2025-11-13,10.9,1.9,6.4,0.0,0.0,0.0,14.7
2025-11-14,17.2,5.2,11.0,0.0,0.0,0.0,16.0
2025-11-15,19.8,11.3,15.7,0.0,0.0,0.0,24.1
2025-11-16,10.7,3.0,6.1,0.0,0.0,0.0,21.8
2025-11-17,7.6,0.5,4.2,0.0,0.0,0.0,12.2
2025-11-18,5.9,4.3,5.3,12.3,9.1,2.24,17.7
2025-11-19,7.2,5.8,6.3,0.1,0.1,0.0,13.4
2025-11-20,9.0,5.6,7.1,0.0,0.0,0.0,12.5
2025-11-21,8.3,5.4,6.9,0.4,0.4,0.0,8.5
2025-11-22,8.7,2.0,6.0,0.0,0.0,0.0,19.7
2025-11-23,11.4,4.0,6.9,0.0,0.0,0.0,15.0
2025-11-24,9.8,2.5,6.2,0.9,0.9,0.0,13.5
2025-11-25,11.3,7.9,9.4,6.3,6.3,0.0,18.3
2025-11-26,7.7,-0.6,2.0,0.1,0.1,0.0,39.3
2025-11-27,0.5,-2.2,-1.0,0.2,0.0,0.14,26.4
2025-11-28,-0.2,-4.6,-2.5,0.0,0.0,0.0,20.8
2025-11-29,-0.5,-2.9,-2.0,16.3,0.0,11.41,25.3
2025-11-30,0.8,-5.7,-1.8,2.8,0.1,1.89,25.3
2025-12-01,-2.5,-8.4,-5.1,3.3,0.0,2.31,12.4
2025-12-02,-3.9,-9.1,-6.7,0.7,0.0,0.49,17.7
2025-12-03,-1.3,-6.0,-3.8,1.2,0.0,0.84,21.9
2025-12-04,-6.3,-12.8,-10.1,0.0,0.0,0.0,18.6
2025-12-05,-3.9,-13.3,-8.3,0.0,0.0,0.0,21.3
2025-12-06,-0.6,-4.0,-1.8,0.0,0.0,0.0,17.1
2025-12-07,0.9,-5.1,-1.7,9.3,0.0,6.51,21.2
2025-12-08,-2.7,-8.3,-6.2,0.0,0.0,0.0,17.2
2025-12-09,2.7,-8.3,-1.7,3.3,2.7,0.42,23.5
2025-12-10,3.8,-3.2,0.3,3.2,2.0,0.84,28.2
2025-12-11,-3.1,-6.0,-4.2,0.0,0.0,0.0,12.1
2025-12-12,-1.3,-5.3,-3.3,0.0,0.0,0.0,17.0
2025-12-13,-3.4,-15.5,-10.7,1.1,0.0,0.77,21.6
2025-12-14,-13.3,-18.8,-16.2,0.0,0.0,0.0,22.3
2025-12-15,-6.4,-17.3,-11.8,0.0,0.0,0.0,20.9
2025-12-16,2.6,-10.5,-3.8,0.0,0.0,0.0,22.4
2025-12-17,3.4,0.1,2.1,0.6,0.6,0.0,22.3
2025-12-18,10.1,-4.5,5.0,6.9,6.9,0.0,31.0
2025-12-19,-5.7,-11.2,-7.9,0.1,0.0,0.07,28.2
2025-12-20,4.6,-5.3,0.9,0.0,0.0,0.0,24.9
2025-12-21,-0.4,-7.3,-3.3,0.0,0.0,0.0,23.3
2025-12-22,5.9,-1.1,2.6,0.1,0.1,0.0,17.2
2025-12-23,9.9,2.8,5.4,0.0,0.0,0.0,12.9
2025-12-24,6.1,1.7,3.8,0.3,0.3,0.0,11.8
2025-12-25,5.5,3.1,4.1,0.2,0.2,0.0,19.8
2025-12-26,8.8,3.5,5.9,2.1,2.1,0.0,18.1
2025-12-27,5.9,3.1,4.2,0.1,0.1,0.0,16.4
2025-12-28,11.4,-1.1,8.3,41.2,41.1,0.07,30.9
2025-12-29,-3.1,-8.3,-6.3,2.2,0.0,1.54,36.8
2025-12-30,-4.2,-11.4,-8.2,2.4,0.0,1.68,18.8
2025-12-31,1.2,-5.8,-1.3,2.4,0.9,1.05,22.5
2026-01-01,-7.0,-11.8,-9.0,0.4,0.0,0.28,16.7
2026-01-02,-5.8,-8.6,-7.2,0.0,0.0,0.0,13.4
2026-01-03,-4.0,-8.6,-5.8,0.0,0.0,0.0,9.7
2026-01-04,-0.6,-5.7,-3.0,0.0,0.0,0.0,16.8
2026-01-05,5.8,-0.3,2.1,0.0,0.0,0.0,18.5
2026-01-06,6.8,2.4,4.2,1.3,1.3,0.0,13.9
2026-01-07,5.1,1.7,3.3,0.0,0.0,0.0,16.9
2026-01-08,15.5,4.3,8.7,17.0,17.0,0.0,43.6
2026-01-09,15.6,3.8,8.1,0.1,0.1,0.0,32.6
2026-01-10,3.3,-1.9,1.7,6.4,4.1,1.61,19.3
2026-01-11,1.0,-5.1,-2.2,0.2,0.0,0.14,24.9
2026-01-12,4.0,-3.3,-0.0,0.0,0.0,0.0,19.6
2026-01-13,9.6,1.2,5.0,0.8,0.8,0.0,23.7
2026-01-14,5.0,-7.3,-2.1,4.4,0.3,2.87,35.3
2026-01-15,-5.6,-10.2,-7.7,0.4,0.0,0.28,22.8
2026-01-16,1.9,-5.4,-1.6,2.0,0.0,1.4,21.1
2026-01-17,-4.3,-11.1,-9.1,0.1,0.0,0.07,24.1
2026-01-18,-7.6,-13.2,-10.1,1.0,0.0,0.7,19.0
2026-01-19,-7.3,-17.7,-14.0,1.4,0.0,0.98,27.2
2026-01-20,-6.5,-16.8,-11.8,0.0,0.0,0.0,15.3
2026-01-21,-1.2,-6.2,-3.2,2.0,0.0,1.4,25.1
2026-01-22,-2.1,-10.6,-7.4,0.1,0.0,0.07,26.9
2026-01-23,-12.9,-23.0,-20.0,0.0,0.0,0.0,23.0
2026-01-24,-12.0,-22.7,-18.1,2.3,0.0,1.61,12.5
2026-01-25,-7.1,-14.6,-9.9,5.5,0.0,3.85,22.3
2026-01-26,-14.1,-18.3,-16.0,0.0,0.0,0.0,24.8
2026-01-27,-9.6,-15.1,-11.8,0.0,0.0,0.0,25.7
2026-01-28,-9.8,-17.4,-13.9,0.0,0.0,0.0,16.6
2026-01-29,-10.5,-17.0,-13.7,0.0,0.0,0.0,13.7
2026-01-30,-6.5,-14.4,-10.6,2.5,0.0,1.75,20.2
2026-01-31,-3.7,-11.9,-7.3,3.0,0.4,1.82,23.6
2026-02-01,-3.9,-11.6,-7.4,0.0,0.0,0.0,16.2
2026-02-02,-2.5,-5.9,-4.3,0.3,0.0,0.21,15.2
2026-02-03,-2.4,-8.3,-5.3,0.0,0.0,0.0,15.2
2026-02-04,-3.3,-8.8,-5.2,0.0,0.0,0.0,16.3
2026-02-05,-2.2,-11.1,-5.9,0.6,0.0,0.42,16.7
2026-02-06,2.1,-4.5,-1.0,3.4,0.2,2.24,24.4
2026-02-07,-5.2,-10.9,-7.2,0.1,0.0,0.14,21.4
2026-02-08,-2.9,-5.4,-4.3,0.8,0.0,0.56,15.2
2026-02-09,2.0,-7.1,-2.7,0.0,0.0,0.0,19.3
2026-02-10,7.8,1.0,3.8,0.0,0.0,0.0,21.9
2026-02-11,4.8,-2.8,0.6,0.0,0.0,0.0,13.6
2026-02-12,2.2,-2.8,-0.3,0.0,0.0,0.0,7.8
2026-02-13,10.8,-2.8,3.2,0.0,0.0,0.0,15.1
2026-02-14,9.1,-0.9,3.9,0.0,0.0,0.0,12.9
2026-02-15,13.4,0.7,6.0,0.0,0.0,0.0,11.1
2026-02-16,16.6,2.2,8.3,0.0,0.0,0.0,19.3
2026-02-17,10.9,5.0,7.9,4.2,4.2,0.0,21.1
2026-02-18,15.8,8.2,11.7,1.9,1.9,0.0,22.2
2026-02-19,13.8,2.9,7.6,0.2,0.2,0.0,14.8
2026-02-20,7.2,-2.6,1.4,3.9,3.6,0.21,33.4
2026-02-21,-1.0,-3.3,-2.2,0.5,0.0,0.42,14.5
2026-02-22,-2.6,-6.2,-4.0,0.6,0.0,0.42,20.5
2026-02-23,-2.5,-6.7,-5.2,0.0,0.0,0.0,22.0
2026-02-24,2.8,-7.5,-1.9,0.1,0.0,0.07,23.0
2026-02-25,2.3,-2.0,-0.3,0.0,0.0,0.0,17.3
2026-02-26,4.6,-4.9,-0.1,0.0,0.0,0.0,11.9
2026-02-27,15.4,-1.0,6.4,0.0,0.0,0.0,16.8
2026-02-28,7.4,-2.3,1.4,0.0,0.0,0.0,23.2
2026-03-01,-1.4,-3.4,-2.4,0.0,0.0,0.0,20.6
2026-03-02,3.0,-3.6,-0.3,0.0,0.0,0.0,12.5
2026-03-03,3.1,-0.1,1.2,0.3,0.3,0.0,11.0
2026-03-04,4.2,-0.2,2.2,2.8,2.8,0.0,10.3
2026-03-05,8.0,3.4,5.2,1.0,1.0,0.0,7.1
2026-03-06,19.9,4.9,11.6,7.4,7.4,0.0,18.0
2026-03-07,17.1,4.5,12.1,6.5,6.5,0.0,27.6
2026-03-08,15.5,1.2,8.0,0.0,0.0,0.0,22.8
2026-03-09,21.1,8.7,14.1,0.0,0.0,0.0,21.6
2026-03-10,15.0,3.5,8.5,0.3,0.3,0.0,17.0
2026-03-11,5.2,1.7,3.1,7.6,6.4,0.84,22.8
2026-03-12,7.0,-0.7,3.1,0.1,0.1,0.0,21.3
2026-03-13,7.8,1.5,5.4,1.6,1.5,0.07,42.0
2026-03-14,2.2,-0.5,0.9,0.6,0.0,0.49,18.2
2026-03-15,16.5,1.2,7.4,41.6,41.6,0.0,34.1
2026-03-16,1.0,-6.3,-3.2,5.3,0.8,3.15,30.6
2026-03-17,-4.8,-10.1,-6.9,0.0,0.0,0.0,21.1
2026-03-18,6.4,-5.2,-0.0,0.8,0.0,0.56,17.5
2026-03-19,10.8,0.5,5.1,2.3,2.3,0.0,12.1
2026-03-20,19.1,5.2,10.1,0.0,0.0,0.0,17.7
2026-03-21,20.0,3.7,12.0,0.0,0.0,0.0,21.9
2026-03-22,18.5,0.4,6.6,1.8,1.8,0.0,33.4
2026-03-23,2.6,-0.7,0.8,0.1,0.1,0.0,29.3
2026-03-24,8.8,-1.5,3.3,0.0,0.0,0.0,11.0
2026-03-25,20.1,3.9,11.7,0.0,0.0,0.0,19.0
2026-03-26,19.8,1.3,10.5,5.5,5.5,0.0,30.2
2026-03-27,3.3,-0.4,1.1,0.1,0.0,0.07,29.2
2026-03-28,8.0,-1.9,3.1,0.0,0.0,0.0,17.6
2026-03-29,16.3,4.3,10.3,0.0,0.0,0.0,17.0
2026-03-30,27.1,10.0,17.8,3.2,3.2,0.0,25.9
2026-03-31,20.7,4.0,14.9,5.9,5.9,0.0,28.3
2026-04-01,4.7,2.7,3.6,0.5,0.5,0.0,24.7
2026-04-02,20.0,3.9,11.5,26.1,26.1,0.0,32.3
2026-04-03,16.3,4.0,9.0,2.4,2.4,0.0,21.9
2026-04-04,15.6,5.2,9.2,10.5,10.5,0.0,25.1
2026-04-05,10.7,3.4,6.6,0.0,0.0,0.0,22.0
2026-04-06,9.9,1.8,6.5,4.3,4.3,0.0,20.6
2026-04-07,1.9,-1.2,0.7,0.0,0.0,0.0,17.7
2026-04-08,18.4,2.2,9.9,0.1,0.1,0.0,25.3
2026-04-09,20.2,8.2,15.2,3.8,3.8,0.0,26.0
2026-04-10,8.7,4.5,6.6,5.4,5.4,0.0,13.8
2026-04-11,11.4,2.5,7.0,0.0,0.0,0.0,13.9
2026-04-12,24.9,11.3,18.5,2.7,2.7,0.0,25.6
2026-04-13,24.2,16.8,19.8,2.2,2.2,0.0,26.0
2026-04-14,26.9,15.0,21.0,0.1,0.1,0.0,25.0
2026-04-15,21.2,14.3,18.3,28.7,28.7,0.0,24.9
2026-04-16,20.7,9.4,15.9,9.1,9.1,0.0,18.3
2026-04-17,25.6,8.6,16.6,18.5,18.5,0.0,24.3
2026-04-18,18.2,6.0,10.5,9.0,9.0,0.0,26.6
2026-04-19,9.4,3.1,5.9,3.5,1.8,1.19,23.0
2026-04-20,10.4,2.8,7.2,0.0,0.0,0.0,16.0
2026-04-21,23.3,8.8,15.2,1.3,1.3,0.0,20.2
2026-04-22,19.3,8.8,13.5,0.0,0.0,0.0,14.4
2026-04-23,25.8,9.3,18.2,0.0,0.0,0.0,17.4
2026-04-24,20.5,10.9,18.4,1.3,1.3,0.0,19.3
2026-04-25,9.8,6.7,8.1,0.0,0.0,0.0,18.8
2026-04-26,13.3,6.3,10.1,0.0,0.0,0.0,12.2
2026-04-27,18.8,11.4,14.8,26.3,26.3,0.0,30.0
2026-04-28,17.0,10.8,13.8,0.5,0.5,0.0,22.7
2026-04-29,12.7,5.9,9.4,3.5,3.5,0.0,17.6
2026-04-30,11.1,5.0,6.9,3.9,3.9,0.0,14.0
2026-05-01,7.8,3.8,5.9,2.1,2.1,0.0,12.0
2026-05-02,11.5,2.0,7.3,0.4,0.4,0.0,13.0
2026-05-03,17.9,6.7,11.7,0.3,0.3,0.0,20.6
2026-05-04,25.0,9.7,16.9,1.2,1.2,0.0,21.3
2026-05-05,15.4,8.9,12.4,1.3,1.3,0.0,14.2
2026-05-06,14.1,6.6,10.5,0.0,0.0,0.0,20.7
2026-05-07,15.5,3.5,10.1,1.1,1.1,0.0,21.5
2026-05-08,16.3,6.8,12.7,0.0,0.0,0.0,15.0
2026-05-09,23.9,10.9,16.1,0.3,0.3,0.0,23.2
2026-05-10,15.1,7.5,12.0,0.0,0.0,0.0,14.2
2026-05-11,12.3,6.7,9.2,0.0,0.0,0.0,18.6
2026-05-12,23.5,6.5,15.2,1.5,1.5,0.0,23.7
2026-05-13,18.6,9.2,11.8,0.0,0.0,0.0,17.6
2026-05-14,16.6,6.5,12.4,0.0,0.0,0.0,12.7
2026-05-15,22.8,11.8,17.3,0.8,0.8,0.0,21.1
2026-05-16,28.5,16.7,22.6,3.3,3.3,0.0,19.5
2026-05-17,30.3,18.8,24.8,0.2,0.2,0.0,26.0
2026-05-18,26.4,20.7,23.7,3.6,3.6,0.0,24.7
2026-05-19,26.6,17.3,22.0,0.8,0.8,0.0,24.5
2026-05-20,16.6,9.7,12.8,0.0,0.0,0.0,19.7
2026-05-21,13.5,9.5,11.5,0.4,0.4,0.0,19.1
2026-05-22,16.9,11.1,14.5,0.0,0.0,0.0,21.3
2026-05-23,17.3,12.4,14.8,0.3,0.3,0.0,13.5
2026-05-24,20.0,15.1,17.1,16.0,16.0,0.0,10.4
2026-05-25,25.6,14.2,20.6,0.0,0.0,0.0,17.3
2026-05-26,26.3,17.4,22.5,0.0,0.0,0.0,13.1
2026-05-27,24.0,16.4,19.9,0.0,0.0,0.0,12.3
2026-05-28,17.7,13.3,15.5,0.0,0.0,0.0,15.9
2026-05-29,25.7,11.7,19.3,0.0,0.0,0.0,13.7
2026-05-30,19.8,14.7,18.0,0.0,0.0,0.0,17.3
2026-05-31,19.9,13.7,16.8,0.0,0.0,0.0,16.3
2026-06-01,19.2,14.0,16.1,0.1,0.1,0.0,10.8
2026-06-02,20.8,13.6,17.3,0.0,0.0,0.0,13.4
2026-06-03,24.8,13.3,19.4,0.0,0.0,0.0,15.5
2026-06-04,30.1,17.3,24.6,0.0,0.0,0.0,19.2
2026-06-05,24.9,20.2,22.5,13.6,13.6,0.0,18.4
2026-06-06,26.7,18.5,21.7,5.6,5.6,0.0,19.8
2026-06-07,23.3,18.6,20.4,1.4,1.4,0.0,14.0
2026-06-08,26.3,18.7,22.3,20.8,20.8,0.0,16.4
2026-06-09,29.9,20.5,24.8,6.9,6.9,0.0,14.3
2026-06-10,30.8,21.2,24.3,12.9,12.9,0.0,26.6
2026-06-11,27.6,19.9,23.1,18.1,18.1,0.0,31.5
2026-06-12,26.0,17.1,21.6,0.0,0.0,0.0,17.5
2026-06-13,27.9,18.3,22.9,3.2,3.2,0.0,21.9
2026-06-14,21.4,16.1,18.8,11.7,11.7,0.0,23.3
2026-06-15,23.5,12.8,18.8,0.0,0.0,0.0,14.7
2026-06-16,22.6,16.4,19.3,2.5,2.5,0.0,22.9
2026-06-17,20.6,14.9,17.3,15.7,15.7,0.0,37.8
2026-06-18,21.4,17.0,19.3,0.4,0.4,0.0,21.8
2026-06-19,24.0,15.2,20.1,0.1,0.1,0.0,15.4
2026-06-20,24.8,16.3,20.9,0.3,0.3,0.0,15.6
2026-06-21,22.1,16.4,18.7,29.6,29.6,0.0,21.7
2026-06-22,19.0,15.9,17.1,3.2,3.2,0.0,23.9
2026-06-23,19.7,14.8,17.3,0.0,0.0,0.0,12.2
2026-06-24,21.7,15.1,17.9,25.4,25.4,0.0,12.2
2026-06-25,24.4,16.8,20.5,2.2,2.2,0.0,11.6
2026-06-26,18.1,16.6,17.3,1.6,1.6,0.0,12.5
2026-06-27,22.0,17.2,19.6,0.0,0.0,0.0,13.1
2026-06-28,26.6,18.2,22.3,0.1,0.1,0.0,16.1
2026-06-29,33.2,21.6,28.0,6.0,6.0,0.0,20.1
2026-06-30,34.4,25.8,30.1,0.3,0.3,0.0,25.8
2026-07-01,35.8,26.8,31.3,0.0,0.0,0.0,20.1
2026-07-02,34.1,23.8,29.2,5.1,5.1,0.0,20.7
2026-07-03,32.7,23.2,26.0,11.9,11.9,0.0,13.8
2026-07-04,27.9,20.8,23.6,15.9,15.9,0.0,10.7
2026-07-05,22.7,19.9,21.2,1.6,1.6,0.0,15.8
2026-07-06,23.6,20.3,21.8,0.2,0.2,0.0,15.4
2026-07-07,26.4,19.5,23.3,0.0,0.0,0.0,12.4
2026-07-08,31.5,20.0,26.4,0.0,0.0,0.0,10.6
2026-07-09,30.1,22.6,26.0,4.2,4.2,0.0,12.7
2026-07-10,24.8,21.7,23.1,0.3,0.3,0.0,13.4
2026-07-11,25.0,20.8,22.8,0.0,0.0,0.0,15.4
2026-07-12,27.6,21.2,24.4,0.0,0.0,0.0,12.6
2026-07-13,30.8,20.6,26.6,0.0,0.0,0.0,10.3
2026-07-14,33.0,22.9,28.7,0.0,0.0,0.0,11.1
2026-07-15,32.6,24.4,28.8,0.0,0.0,0.0,11.6
2026-07-16,28.4,23.6,26.0,0.0,0.0,0.0,12.3
2026-07-17,31.5,22.7,26.7,19.1,19.1,0.0,12.7
2026-07-18,30.9,22.2,26.1,8.3,8.3,0.0,17.3
2026-07-19,23.8,20.3,22.2,0.0,0.0,0.0,15.9
2026-07-20,27.1,18.9,23.4,0.2,0.2,0.0,21.3
2026-07-21,29.2,19.7,25.0,6.0,6.0,0.0,20.4
2026-07-22,20.9,17.3,19.3,1.4,1.4,0.0,18.6
2026-07-23,23.5,15.3,19.9,0.0,0.0,0.0,13.4
2026-07-24,25.0,17.0,21.3,0.0,0.0,0.0,10.2
2026-07-25,26.4,17.3,22.1,0.0,0.0,0.0,13.0
2026-07-26,30.8,21.3,26.0,0.0,0.0,0.0,11.8
2026-07-27,27.2,23.4,24.8,19.2,19.2,0.0,24.5
2026-07-28,25.0,20.6,22.1,0.2,0.2,0.0,20.8
2026-07-29,24.1,19.5,21.7,0.0,0.0,0.0,16.1
2026-07-30,29.0,17.5,24.0,0.0,0.0,0.0,9.1
2026-07-31,27.3,20.5,23.0,12.4,12.4,0.0,16.8
2026-08-01,22.1,20.3,21.2,77.7,77.7,0.0,27.9
2026-08-02,22.0,19.7,20.8,0.6,0.6,0.0,23.4
2026-08-03,25.7,19.0,22.5,0.0,0.0,0.0,11.8
2026-08-04,28.7,19.6,24.3,0.0,0.0,0.0,12.1
2026-08-05,28.8,20.8,23.7,10.2,10.2,0.0,15.9
2026-08-06,25.9,20.4,22.7,3.6,3.6,0.0,7.8
2026-08-07,28.3,20.5,24.4,0.7,0.7,0.0,11.2
2026-08-08,27.0,21.6,24.0,0.1,0.1,0.0,11.6
2026-08-09,25.6,19.0,22.1,19.4,19.4,0.0,20.4
2026-08-10,28.9,20.6,23.1,18.8,18.8,0.0,21.6
2026-08-11,26.2,21.3,23.4,17.6,17.6,0.0,22.1
2026-08-12,28.1,20.1,23.8,4.1,4.1,0.0,19.6
2026-08-13,26.2,22.1,23.4,15.3,15.3,0.0,15.5
2026-08-14,25.3,22.3,23.7,4.5,4.5,0.0,12.0
2026-08-15,27.5,22.3,24.2,16.2,16.2,0.0,13.0
2026-08-16,29.6,22.3,25.0,9.0,9.0,0.0,13.3
2026-08-17,24.3,20.2,22.4,1.4,1.4,0.0,13.7
2026-08-18,26.9,18.9,21.7,8.7,8.7,0.0,14.3
2026-08-19,24.8,19.0,21.8,0.9,0.9,0.0,12.9
2026-08-20,23.8,20.0,21.9,0.0,0.0,0.0,13.7
2026-08-21,26.0,17.2,21.6,0.8,0.8,0.0,15.7
2026-08-22,26.2,19.3,22.1,0.8,0.8,0.0,18.8
2026-08-23,23.8,17.0,20.3,0.0,0.0,0.0,18.6
2026-08-24,23.8,15.0,19.4,0.0,0.0,0.0,11.0
2026-08-25,24.8,15.1,20.6,0.0,0.0,0.0,9.6
2026-08-26,28.3,19.0,23.1,2.7,2.7,0.0,14.2
2026-08-27,25.1,18.8,22.2,0.6,0.6,0.0,9.1
2026-08-28,26.0,19.0,22.6,0.4,0.4,0.0,10.1
2026-08-29,27.2,17.7,22.4,0.2,0.2,0.0,16.2
2026-08-30,27.1,20.6,23.0,9.5,9.5,0.0,21.6
2026-08-31,30.0,22.0,25.4,10.1,10.1,0.0,19.2
